[2025-10-21 11:07:53] Daemon started (interval: 5m0s, auto-commit: false, auto-push: false)
[2025-10-21 11:07:53] Using database: /home/monkyyy/src/kanban/.beads/kanban.db
[2025-10-21 11:07:53] Database opened: /home/monkyyy/src/kanban/.beads/kanban.db
[2025-10-21 11:07:53] Starting RPC server: /home/monkyyy/src/kanban/.beads/bd.sock
[2025-10-21 11:07:53] RPC server ready (socket listening)
[2025-10-21 11:07:53] Starting sync cycle...
[2025-10-21 11:07:53] Exported to JSONL
[2025-10-21 11:07:53] Pulled from remote
[2025-10-21 11:07:53] Imported from JSONL
[2025-10-21 11:07:53] Sync cycle complete
[2025-10-21 11:12:53] Starting sync cycle...
[2025-10-21 11:12:53] Exported to JSONL
[2025-10-21 11:12:53] Pulled from remote
[2025-10-21 11:12:53] Imported from JSONL
[2025-10-21 11:12:53] Sync cycle complete
[2025-10-21 11:17:53] Starting sync cycle...
[2025-10-21 11:17:53] Exported to JSONL
[2025-10-21 11:17:53] Pulled from remote
[2025-10-21 11:17:53] Imported from JSONL
[2025-10-21 11:17:53] Sync cycle complete
[2025-10-21 11:22:53] Starting sync cycle...
[2025-10-21 11:22:53] Exported to JSONL
[2025-10-21 11:22:53] Pulled from remote
[2025-10-21 11:22:53] Imported from JSONL
[2025-10-21 11:22:53] Sync cycle complete
[2025-10-21 11:27:53] Starting sync cycle...
[2025-10-21 11:27:53] Exported to JSONL
[2025-10-21 11:27:53] Pulled from remote
[2025-10-21 11:27:53] Imported from JSONL
[2025-10-21 11:27:53] Sync cycle complete
[2025-10-21 11:32:53] Starting sync cycle...
[2025-10-21 11:32:53] Exported to JSONL
[2025-10-21 11:32:53] Pulled from remote
[2025-10-21 11:32:53] Imported from JSONL
[2025-10-21 11:32:53] Sync cycle complete
[2025-10-21 11:37:53] Starting sync cycle...
[2025-10-21 11:37:53] Exported to JSONL
[2025-10-21 11:37:53] Pulled from remote
[2025-10-21 11:37:53] Imported from JSONL
[2025-10-21 11:37:53] Sync cycle complete
[2025-10-21 11:42:53] Starting sync cycle...
[2025-10-21 11:42:53] Exported to JSONL
[2025-10-21 11:42:53] Pulled from remote
[2025-10-21 11:42:53] Imported from JSONL
[2025-10-21 11:42:53] Sync cycle complete
[2025-10-21 11:47:53] Starting sync cycle...
[2025-10-21 11:47:53] Exported to JSONL
[2025-10-21 11:47:53] Pulled from remote
[2025-10-21 11:47:53] Imported from JSONL
[2025-10-21 11:47:53] Sync cycle complete
[2025-10-21 11:52:53] Starting sync cycle...
[2025-10-21 11:52:53] Exported to JSONL
[2025-10-21 11:52:53] Pulled from remote
[2025-10-21 11:52:53] Imported from JSONL
[2025-10-21 11:52:53] Sync cycle complete
[2025-10-21 11:57:53] Starting sync cycle...
[2025-10-21 11:57:53] Exported to JSONL
[2025-10-21 11:57:53] Pulled from remote
[2025-10-21 11:57:53] Imported from JSONL
[2025-10-21 11:57:53] Sync cycle complete
[2025-10-21 12:02:53] Starting sync cycle...
[2025-10-21 12:02:53] Exported to JSONL
[2025-10-21 12:02:53] Pulled from remote
[2025-10-21 12:02:53] Imported from JSONL
[2025-10-21 12:02:53] Sync cycle complete
[2025-10-21 12:07:53] Starting sync cycle...
[2025-10-21 12:07:53] Exported to JSONL
[2025-10-21 12:07:53] Pulled from remote
[2025-10-21 12:07:53] Imported from JSONL
[2025-10-21 12:07:53] Sync cycle complete
[2025-10-21 12:12:53] Starting sync cycle...
[2025-10-21 12:12:53] Exported to JSONL
[2025-10-21 12:12:53] Pulled from remote
[2025-10-21 12:12:53] Imported from JSONL
[2025-10-21 12:12:53] Sync cycle complete
[2025-10-21 12:17:53] Starting sync cycle...
[2025-10-21 12:17:53] Exported to JSONL
[2025-10-21 12:17:53] Pulled from remote
[2025-10-21 12:17:53] Imported from JSONL
[2025-10-21 12:17:53] Sync cycle complete
[2025-10-21 12:22:53] Starting sync cycle...
[2025-10-21 12:22:53] Exported to JSONL
[2025-10-21 12:22:53] Pulled from remote
[2025-10-21 12:22:53] Imported from JSONL
[2025-10-21 12:22:53] Sync cycle complete
[2025-10-21 12:27:53] Starting sync cycle...
[2025-10-21 12:27:53] Exported to JSONL
[2025-10-21 12:27:53] Pulled from remote
[2025-10-21 12:27:53] Imported from JSONL
[2025-10-21 12:27:53] Sync cycle complete
[2025-10-21 12:32:53] Starting sync cycle...
[2025-10-21 12:32:53] Exported to JSONL
[2025-10-21 12:32:53] Pulled from remote
[2025-10-21 12:32:53] Imported from JSONL
[2025-10-21 12:32:53] Sync cycle complete
[2025-10-21 12:37:53] Starting sync cycle...
[2025-10-21 12:37:53] Exported to JSONL
[2025-10-21 12:37:53] Pulled from remote
[2025-10-21 12:37:53] Imported from JSONL
[2025-10-21 12:37:53] Sync cycle complete
[2025-10-21 12:42:53] Starting sync cycle...
[2025-10-21 12:42:53] Exported to JSONL
[2025-10-21 12:42:53] Pulled from remote
[2025-10-21 12:42:53] Imported from JSONL
[2025-10-21 12:42:53] Sync cycle complete
[2025-10-21 12:47:53] Starting sync cycle...
[2025-10-21 12:47:53] Exported to JSONL
[2025-10-21 12:47:53] Pulled from remote
[2025-10-21 12:47:53] Imported from JSONL
[2025-10-21 12:47:53] Sync cycle complete
[2025-10-21 12:52:53] Starting sync cycle...
[2025-10-21 12:52:53] Exported to JSONL
[2025-10-21 12:52:53] Pulled from remote
[2025-10-21 12:52:53] Imported from JSONL
[2025-10-21 12:52:53] Sync cycle complete
[2025-10-21 12:57:53] Starting sync cycle...
[2025-10-21 12:57:53] Exported to JSONL
[2025-10-21 12:57:53] Pulled from remote
[2025-10-21 12:57:53] Imported from JSONL
[2025-10-21 12:57:53] Sync cycle complete
[2025-10-21 13:02:53] Starting sync cycle...
[2025-10-21 13:02:53] Exported to JSONL
[2025-10-21 13:02:53] Pulled from remote
[2025-10-21 13:02:53] Imported from JSONL
[2025-10-21 13:02:53] Sync cycle complete
[2025-10-21 13:07:53] Starting sync cycle...
[2025-10-21 13:07:53] Exported to JSONL
[2025-10-21 13:07:53] Pulled from remote
[2025-10-21 13:07:53] Imported from JSONL
[2025-10-21 13:07:53] Sync cycle complete
[2025-10-21 13:12:53] Starting sync cycle...
[2025-10-21 13:12:53] Exported to JSONL
[2025-10-21 13:12:53] Pulled from remote
[2025-10-21 13:12:53] Imported from JSONL
[2025-10-21 13:12:53] Sync cycle complete
[2025-10-21 13:17:53] Starting sync cycle...
[2025-10-21 13:17:53] Exported to JSONL
[2025-10-21 13:17:53] Pulled from remote
[2025-10-21 13:17:53] Imported from JSONL
[2025-10-21 13:17:53] Sync cycle complete
[2025-10-21 13:22:53] Starting sync cycle...
[2025-10-21 13:22:53] Exported to JSONL
[2025-10-21 13:22:53] Pulled from remote
[2025-10-21 13:22:53] Imported from JSONL
[2025-10-21 13:22:53] Sync cycle complete
[2025-10-21 13:27:53] Starting sync cycle...
[2025-10-21 13:27:53] Exported to JSONL
[2025-10-21 13:27:53] Pulled from remote
[2025-10-21 13:27:53] Imported from JSONL
[2025-10-21 13:27:53] Sync cycle complete
[2025-10-21 13:32:53] Starting sync cycle...
[2025-10-21 13:32:53] Exported to JSONL
[2025-10-21 13:32:53] Pulled from remote
[2025-10-21 13:32:53] Imported from JSONL
[2025-10-21 13:32:53] Sync cycle complete
[2025-10-21 13:37:53] Starting sync cycle...
[2025-10-21 13:37:53] Exported to JSONL
[2025-10-21 13:37:53] Pulled from remote
[2025-10-21 13:37:53] Imported from JSONL
[2025-10-21 13:37:53] Sync cycle complete
[2025-10-21 13:42:53] Starting sync cycle...
[2025-10-21 13:42:53] Exported to JSONL
[2025-10-21 13:42:53] Pulled from remote
[2025-10-21 13:42:53] Imported from JSONL
[2025-10-21 13:42:53] Sync cycle complete
[2025-10-21 13:47:53] Starting sync cycle...
[2025-10-21 13:47:53] Exported to JSONL
[2025-10-21 13:47:53] Pulled from remote
[2025-10-21 13:47:53] Imported from JSONL
[2025-10-21 13:47:53] Sync cycle complete
[2025-10-21 13:52:53] Starting sync cycle...
[2025-10-21 13:52:53] Exported to JSONL
[2025-10-21 13:52:53] Pulled from remote
[2025-10-21 13:52:53] Imported from JSONL
[2025-10-21 13:52:53] Sync cycle complete
[2025-10-21 13:57:53] Starting sync cycle...
[2025-10-21 13:57:53] Exported to JSONL
[2025-10-21 13:57:53] Pulled from remote
[2025-10-21 13:57:53] Imported from JSONL
[2025-10-21 13:57:53] Sync cycle complete
[2025-10-21 14:02:53] Starting sync cycle...
[2025-10-21 14:02:53] Exported to JSONL
[2025-10-21 14:02:53] Pulled from remote
[2025-10-21 14:02:53] Imported from JSONL
[2025-10-21 14:02:53] Sync cycle complete
[2025-10-21 14:07:53] Starting sync cycle...
[2025-10-21 14:07:53] Exported to JSONL
[2025-10-21 14:07:53] Pulled from remote
[2025-10-21 14:07:53] Imported from JSONL
[2025-10-21 14:07:53] Sync cycle complete
[2025-10-21 14:12:53] Starting sync cycle...
[2025-10-21 14:12:53] Exported to JSONL
[2025-10-21 14:12:53] Pulled from remote
[2025-10-21 14:12:53] Imported from JSONL
[2025-10-21 14:12:53] Sync cycle complete
[2025-10-21 14:17:53] Starting sync cycle...
[2025-10-21 14:17:53] Exported to JSONL
[2025-10-21 14:17:53] Pulled from remote
[2025-10-21 14:17:53] Imported from JSONL
[2025-10-21 14:17:53] Sync cycle complete
[2025-10-21 14:22:53] Starting sync cycle...
[2025-10-21 14:22:53] Exported to JSONL
[2025-10-21 14:22:53] Pulled from remote
[2025-10-21 14:22:53] Imported from JSONL
[2025-10-21 14:22:53] Sync cycle complete
[2025-10-21 14:27:53] Starting sync cycle...
[2025-10-21 14:27:53] Exported to JSONL
[2025-10-21 14:27:53] Pulled from remote
[2025-10-21 14:27:53] Imported from JSONL
[2025-10-21 14:27:53] Sync cycle complete
[2025-10-21 14:32:53] Starting sync cycle...
[2025-10-21 14:32:53] Exported to JSONL
[2025-10-21 14:32:53] Pulled from remote
[2025-10-21 14:32:53] Imported from JSONL
[2025-10-21 14:32:53] Sync cycle complete
[2025-10-21 14:37:53] Starting sync cycle...
[2025-10-21 14:37:53] Exported to JSONL
[2025-10-21 14:37:53] Pulled from remote
[2025-10-21 14:37:53] Imported from JSONL
[2025-10-21 14:37:53] Sync cycle complete
[2025-10-21 19:40:37] Starting sync cycle...
[2025-10-21 19:40:37] Exported to JSONL
[2025-10-21 19:40:37] Pulled from remote
[2025-10-21 19:40:37] Imported from JSONL
[2025-10-21 19:40:37] Sync cycle complete
[2025-10-21 19:45:37] Starting sync cycle...
[2025-10-21 19:45:37] Exported to JSONL
[2025-10-21 19:45:37] Pulled from remote
[2025-10-21 19:45:37] Imported from JSONL
[2025-10-21 19:45:37] Sync cycle complete
[2025-10-21 19:50:37] Starting sync cycle...
[2025-10-21 19:50:37] Exported to JSONL
[2025-10-21 19:50:37] Pulled from remote
[2025-10-21 19:50:37] Imported from JSONL
[2025-10-21 19:50:37] Sync cycle complete
[2025-10-21 19:55:37] Starting sync cycle...
[2025-10-21 19:55:37] Exported to JSONL
[2025-10-21 19:55:38] Pulled from remote
[2025-10-21 19:55:38] Imported from JSONL
[2025-10-21 19:55:38] Sync cycle complete
[2025-10-21 20:00:37] Starting sync cycle...
[2025-10-21 20:00:37] Exported to JSONL
[2025-10-21 20:00:37] Pulled from remote
[2025-10-21 20:00:37] Imported from JSONL
[2025-10-21 20:00:37] Sync cycle complete
[2025-10-21 20:05:37] Starting sync cycle...
[2025-10-21 20:05:37] Exported to JSONL
[2025-10-21 20:05:37] Pulled from remote
[2025-10-21 20:05:37] Imported from JSONL
[2025-10-21 20:05:37] Sync cycle complete
[2025-10-21 20:10:37] Starting sync cycle...
[2025-10-21 20:10:37] Exported to JSONL
[2025-10-21 20:10:37] Pulled from remote
[2025-10-21 20:10:37] Imported from JSONL
[2025-10-21 20:10:37] Sync cycle complete
[2025-10-21 20:15:37] Starting sync cycle...
[2025-10-21 20:15:37] Exported to JSONL
[2025-10-21 20:15:37] Pulled from remote
[2025-10-21 20:15:37] Imported from JSONL
[2025-10-21 20:15:37] Sync cycle complete
[2025-10-21 20:20:37] Starting sync cycle...
[2025-10-21 20:20:37] Exported to JSONL
[2025-10-21 20:20:37] Pulled from remote
[2025-10-21 20:20:37] Imported from JSONL
[2025-10-21 20:20:37] Sync cycle complete
[2025-10-21 20:25:37] Starting sync cycle...
[2025-10-21 20:25:37] Exported to JSONL
[2025-10-21 20:25:38] Pulled from remote
[2025-10-21 20:25:38] Imported from JSONL
[2025-10-21 20:25:38] Sync cycle complete
[2025-10-21 20:30:37] Starting sync cycle...
[2025-10-21 20:30:37] Exported to JSONL
[2025-10-21 20:30:37] Pulled from remote
[2025-10-21 20:30:37] Imported from JSONL
[2025-10-21 20:30:37] Sync cycle complete
[2025-10-21 20:35:37] Starting sync cycle...
[2025-10-21 20:35:37] Exported to JSONL
[2025-10-21 20:35:37] Pulled from remote
[2025-10-21 20:35:37] Imported from JSONL
[2025-10-21 20:35:37] Sync cycle complete
[2025-10-21 20:40:37] Starting sync cycle...
[2025-10-21 20:40:37] Exported to JSONL
[2025-10-21 20:40:37] Pulled from remote
[2025-10-21 20:40:37] Imported from JSONL
[2025-10-21 20:40:37] Sync cycle complete
[2025-10-21 20:45:37] Starting sync cycle...
[2025-10-21 20:45:37] Exported to JSONL
[2025-10-21 20:45:37] Pulled from remote
[2025-10-21 20:45:37] Imported from JSONL
[2025-10-21 20:45:37] Sync cycle complete
[2025-10-21 20:50:37] Starting sync cycle...
[2025-10-21 20:50:37] Exported to JSONL
[2025-10-21 20:50:37] Pulled from remote
[2025-10-21 20:50:37] Imported from JSONL
[2025-10-21 20:50:37] Sync cycle complete
[2025-10-21 20:55:37] Starting sync cycle...
[2025-10-21 20:55:37] Exported to JSONL
[2025-10-21 20:55:37] Pulled from remote
[2025-10-21 20:55:37] Imported from JSONL
[2025-10-21 20:55:37] Sync cycle complete
[2025-10-21 21:00:37] Starting sync cycle...
[2025-10-21 21:00:37] Exported to JSONL
[2025-10-21 21:00:37] Pulled from remote
[2025-10-21 21:00:37] Imported from JSONL
[2025-10-21 21:00:37] Sync cycle complete
[2025-10-21 21:05:37] Starting sync cycle...
[2025-10-21 21:05:37] Exported to JSONL
[2025-10-21 21:05:38] Pulled from remote
[2025-10-21 21:05:38] Imported from JSONL
[2025-10-21 21:05:38] Sync cycle complete
[2025-10-21 21:10:37] Starting sync cycle...
[2025-10-21 21:10:37] Exported to JSONL
[2025-10-21 21:10:37] Pulled from remote
[2025-10-21 21:10:37] Imported from JSONL
[2025-10-21 21:10:37] Sync cycle complete
[2025-10-21 21:15:37] Starting sync cycle...
[2025-10-21 21:15:37] Exported to JSONL
[2025-10-21 21:15:37] Pulled from remote
[2025-10-21 21:15:37] Imported from JSONL
[2025-10-21 21:15:37] Sync cycle complete
[2025-10-21 21:20:37] Starting sync cycle...
[2025-10-21 21:20:37] Exported to JSONL
[2025-10-21 21:20:38] Pulled from remote
[2025-10-21 21:20:38] Imported from JSONL
[2025-10-21 21:20:38] Sync cycle complete
[2025-10-21 21:25:37] Starting sync cycle...
[2025-10-21 21:25:37] Exported to JSONL
[2025-10-21 21:25:37] Pulled from remote
[2025-10-21 21:25:37] Imported from JSONL
[2025-10-21 21:25:37] Sync cycle complete
[2025-10-21 21:30:37] Starting sync cycle...
[2025-10-21 21:30:37] Exported to JSONL
[2025-10-21 21:30:37] Pulled from remote
[2025-10-21 21:30:37] Imported from JSONL
[2025-10-21 21:30:37] Sync cycle complete
[2025-10-21 21:35:37] Starting sync cycle...
[2025-10-21 21:35:37] Exported to JSONL
[2025-10-21 21:35:37] Pulled from remote
[2025-10-21 21:35:37] Imported from JSONL
[2025-10-21 21:35:37] Sync cycle complete
[2025-10-21 21:40:37] Starting sync cycle...
[2025-10-21 21:40:37] Exported to JSONL
[2025-10-21 21:40:38] Pulled from remote
[2025-10-21 21:40:38] Imported from JSONL
[2025-10-21 21:40:38] Sync cycle complete
[2025-10-21 21:45:37] Starting sync cycle...
[2025-10-21 21:45:37] Exported to JSONL
[2025-10-21 21:45:37] Pulled from remote
[2025-10-21 21:45:37] Imported from JSONL
[2025-10-21 21:45:37] Sync cycle complete
[2025-10-21 21:50:37] Starting sync cycle...
[2025-10-21 21:50:37] Exported to JSONL
[2025-10-21 21:50:37] Pulled from remote
[2025-10-21 21:50:37] Imported from JSONL
[2025-10-21 21:50:37] Sync cycle complete
[2025-10-21 21:55:37] Starting sync cycle...
[2025-10-21 21:55:37] Exported to JSONL
[2025-10-21 21:55:37] Pulled from remote
[2025-10-21 21:55:37] Imported from JSONL
[2025-10-21 21:55:37] Sync cycle complete
[2025-10-21 22:00:37] Starting sync cycle...
[2025-10-21 22:00:37] Exported to JSONL
[2025-10-21 22:00:37] Pulled from remote
[2025-10-21 22:00:37] Imported from JSONL
[2025-10-21 22:00:37] Sync cycle complete
[2025-10-21 22:05:37] Starting sync cycle...
[2025-10-21 22:05:37] Exported to JSONL
[2025-10-21 22:05:37] Pulled from remote
[2025-10-21 22:05:37] Imported from JSONL
[2025-10-21 22:05:37] Sync cycle complete
[2025-10-21 22:10:37] Starting sync cycle...
[2025-10-21 22:10:37] Exported to JSONL
[2025-10-21 22:10:37] Pulled from remote
[2025-10-21 22:10:37] Imported from JSONL
[2025-10-21 22:10:37] Sync cycle complete
[2025-10-21 22:15:37] Starting sync cycle...
[2025-10-21 22:15:37] Exported to JSONL
[2025-10-21 22:15:37] Pulled from remote
[2025-10-21 22:15:37] Imported from JSONL
[2025-10-21 22:15:37] Sync cycle complete
[2025-10-21 22:20:37] Starting sync cycle...
[2025-10-21 22:20:37] Exported to JSONL
[2025-10-21 22:20:37] Pulled from remote
[2025-10-21 22:20:37] Imported from JSONL
[2025-10-21 22:20:37] Sync cycle complete
[2025-10-21 22:25:37] Starting sync cycle...
[2025-10-21 22:25:37] Exported to JSONL
[2025-10-21 22:25:37] Pulled from remote
[2025-10-21 22:25:37] Imported from JSONL
[2025-10-21 22:25:37] Sync cycle complete
[2025-10-21 22:30:37] Starting sync cycle...
[2025-10-21 22:30:37] Exported to JSONL
[2025-10-21 22:30:38] Pulled from remote
[2025-10-21 22:30:38] Imported from JSONL
[2025-10-21 22:30:38] Sync cycle complete
[2025-10-21 22:35:37] Starting sync cycle...
[2025-10-21 22:35:37] Exported to JSONL
[2025-10-21 22:35:37] Pulled from remote
[2025-10-21 22:35:37] Imported from JSONL
[2025-10-21 22:35:37] Sync cycle complete
[2025-10-21 22:40:37] Starting sync cycle...
[2025-10-21 22:40:37] Exported to JSONL
[2025-10-21 22:40:38] Pulled from remote
[2025-10-21 22:40:38] Imported from JSONL
[2025-10-21 22:40:38] Sync cycle complete
[2025-10-21 22:45:37] Starting sync cycle...
[2025-10-21 22:45:37] Exported to JSONL
[2025-10-21 22:45:37] Pulled from remote
[2025-10-21 22:45:37] Imported from JSONL
[2025-10-21 22:45:37] Sync cycle complete
[2025-10-21 22:50:37] Starting sync cycle...
[2025-10-21 22:50:37] Exported to JSONL
[2025-10-21 22:50:37] Pulled from remote
[2025-10-21 22:50:37] Imported from JSONL
[2025-10-21 22:50:37] Sync cycle complete
[2025-10-21 22:55:37] Starting sync cycle...
[2025-10-21 22:55:37] Exported to JSONL
[2025-10-21 22:55:37] Pulled from remote
[2025-10-21 22:55:37] Imported from JSONL
[2025-10-21 22:55:37] Sync cycle complete
[2025-10-21 23:00:37] Starting sync cycle...
[2025-10-21 23:00:37] Exported to JSONL
[2025-10-21 23:00:37] Pulled from remote
[2025-10-21 23:00:37] Imported from JSONL
[2025-10-21 23:00:37] Sync cycle complete
[2025-10-21 23:05:37] Starting sync cycle...
[2025-10-21 23:05:37] Exported to JSONL
[2025-10-21 23:05:37] Pulled from remote
[2025-10-21 23:05:37] Imported from JSONL
[2025-10-21 23:05:37] Sync cycle complete
[2025-10-21 23:10:37] Starting sync cycle...
[2025-10-21 23:10:37] Exported to JSONL
[2025-10-21 23:10:37] Pulled from remote
[2025-10-21 23:10:37] Imported from JSONL
[2025-10-21 23:10:37] Sync cycle complete
[2025-10-21 23:15:37] Starting sync cycle...
[2025-10-21 23:15:37] Exported to JSONL
[2025-10-21 23:15:37] Pulled from remote
[2025-10-21 23:15:37] Imported from JSONL
[2025-10-21 23:15:37] Sync cycle complete
[2025-10-21 23:20:37] Starting sync cycle...
[2025-10-21 23:20:37] Exported to JSONL
[2025-10-21 23:20:37] Pulled from remote
[2025-10-21 23:20:37] Imported from JSONL
[2025-10-21 23:20:37] Sync cycle complete
[2025-10-21 23:25:37] Starting sync cycle...
[2025-10-21 23:25:37] Exported to JSONL
[2025-10-21 23:25:37] Pulled from remote
[2025-10-21 23:25:37] Imported from JSONL
[2025-10-21 23:25:37] Sync cycle complete
[2025-10-21 23:30:37] Starting sync cycle...
[2025-10-21 23:30:37] Exported to JSONL
[2025-10-21 23:30:37] Pulled from remote
[2025-10-21 23:30:37] Imported from JSONL
[2025-10-21 23:30:37] Sync cycle complete
[2025-10-21 23:35:37] Starting sync cycle...
[2025-10-21 23:35:37] Exported to JSONL
[2025-10-21 23:35:37] Pulled from remote
[2025-10-21 23:35:37] Imported from JSONL
[2025-10-21 23:35:37] Sync cycle complete
[2025-10-21 23:40:37] Starting sync cycle...
[2025-10-21 23:40:37] Exported to JSONL
[2025-10-21 23:40:37] Pulled from remote
[2025-10-21 23:40:37] Imported from JSONL
[2025-10-21 23:40:37] Sync cycle complete
[2025-10-21 23:45:37] Starting sync cycle...
[2025-10-21 23:45:37] Exported to JSONL
[2025-10-21 23:45:37] Pulled from remote
[2025-10-21 23:45:37] Imported from JSONL
[2025-10-21 23:45:37] Sync cycle complete
[2025-10-21 23:50:37] Starting sync cycle...
[2025-10-21 23:50:37] Exported to JSONL
[2025-10-21 23:50:37] Pulled from remote
[2025-10-21 23:50:37] Imported from JSONL
[2025-10-21 23:50:37] Sync cycle complete
[2025-10-21 23:55:37] Starting sync cycle...
[2025-10-21 23:55:37] Exported to JSONL
[2025-10-21 23:55:37] Pulled from remote
[2025-10-21 23:55:37] Imported from JSONL
[2025-10-21 23:55:37] Sync cycle complete
[2025-10-22 00:00:37] Starting sync cycle...
[2025-10-22 00:00:37] Exported to JSONL
[2025-10-22 00:00:37] Pulled from remote
[2025-10-22 00:00:37] Imported from JSONL
[2025-10-22 00:00:37] Sync cycle complete
[2025-10-22 00:05:37] Starting sync cycle...
[2025-10-22 00:05:37] Exported to JSONL
[2025-10-22 00:05:37] Pulled from remote
[2025-10-22 00:05:37] Imported from JSONL
[2025-10-22 00:05:37] Sync cycle complete
[2025-10-22 00:10:37] Starting sync cycle...
[2025-10-22 00:10:37] Exported to JSONL
[2025-10-22 00:10:37] Pulled from remote
[2025-10-22 00:10:37] Imported from JSONL
[2025-10-22 00:10:37] Sync cycle complete
[2025-10-22 00:15:37] Starting sync cycle...
[2025-10-22 00:15:37] Exported to JSONL
[2025-10-22 00:15:37] Pulled from remote
[2025-10-22 00:15:37] Imported from JSONL
[2025-10-22 00:15:37] Sync cycle complete
[2025-10-22 00:20:37] Starting sync cycle...
[2025-10-22 00:20:37] Exported to JSONL
[2025-10-22 00:20:37] Pulled from remote
[2025-10-22 00:20:37] Imported from JSONL
[2025-10-22 00:20:37] Sync cycle complete
[2025-10-22 00:25:37] Starting sync cycle...
[2025-10-22 00:25:37] Exported to JSONL
[2025-10-22 00:25:37] Pulled from remote
[2025-10-22 00:25:37] Imported from JSONL
[2025-10-22 00:25:37] Sync cycle complete
[2025-10-22 00:30:37] Starting sync cycle...
[2025-10-22 00:30:37] Exported to JSONL
[2025-10-22 00:30:37] Pulled from remote
[2025-10-22 00:30:37] Imported from JSONL
[2025-10-22 00:30:37] Sync cycle complete
[2025-10-22 00:35:37] Starting sync cycle...
[2025-10-22 00:35:37] Exported to JSONL
[2025-10-22 00:35:37] Pulled from remote
[2025-10-22 00:35:37] Imported from JSONL
[2025-10-22 00:35:37] Sync cycle complete
[2025-10-22 00:40:37] Starting sync cycle...
[2025-10-22 00:40:37] Exported to JSONL
[2025-10-22 00:40:37] Pulled from remote
[2025-10-22 00:40:37] Imported from JSONL
[2025-10-22 00:40:37] Sync cycle complete
[2025-10-22 00:45:37] Starting sync cycle...
[2025-10-22 00:45:37] Exported to JSONL
[2025-10-22 00:45:37] Pulled from remote
[2025-10-22 00:45:37] Imported from JSONL
[2025-10-22 00:45:37] Sync cycle complete
[2025-10-22 00:50:37] Starting sync cycle...
[2025-10-22 00:50:37] Exported to JSONL
[2025-10-22 00:50:37] Pulled from remote
[2025-10-22 00:50:37] Imported from JSONL
[2025-10-22 00:50:37] Sync cycle complete
[2025-10-22 00:55:37] Starting sync cycle...
[2025-10-22 00:55:37] Exported to JSONL
[2025-10-22 00:55:38] Pulled from remote
[2025-10-22 00:55:38] Imported from JSONL
[2025-10-22 00:55:38] Sync cycle complete
[2025-10-22 01:00:37] Starting sync cycle...
[2025-10-22 01:00:37] Exported to JSONL
[2025-10-22 01:00:37] Pulled from remote
[2025-10-22 01:00:37] Imported from JSONL
[2025-10-22 01:00:37] Sync cycle complete
[2025-10-22 01:05:37] Starting sync cycle...
[2025-10-22 01:05:37] Exported to JSONL
[2025-10-22 01:05:37] Pulled from remote
[2025-10-22 01:05:37] Imported from JSONL
[2025-10-22 01:05:37] Sync cycle complete
[2025-10-22 12:49:06] Starting sync cycle...
[2025-10-22 12:49:06] Exported to JSONL
[2025-10-22 12:49:07] Pulled from remote
[2025-10-22 12:49:07] Imported from JSONL
[2025-10-22 12:49:07] Sync cycle complete
[2025-10-22 12:54:07] Starting sync cycle...
[2025-10-22 12:54:07] Exported to JSONL
[2025-10-22 12:54:07] Pulled from remote
[2025-10-22 12:54:07] Imported from JSONL
[2025-10-22 12:54:07] Sync cycle complete
[2025-10-22 12:59:07] Starting sync cycle...
[2025-10-22 12:59:07] Exported to JSONL
[2025-10-22 12:59:07] Pulled from remote
[2025-10-22 12:59:07] Imported from JSONL
[2025-10-22 12:59:07] Sync cycle complete
[2025-10-22 13:04:06] Starting sync cycle...
[2025-10-22 13:04:06] Exported to JSONL
[2025-10-22 13:04:07] Pulled from remote
[2025-10-22 13:04:07] Imported from JSONL
[2025-10-22 13:04:07] Sync cycle complete
[2025-10-22 13:09:06] Starting sync cycle...
[2025-10-22 13:09:06] Exported to JSONL
[2025-10-22 13:09:07] Pulled from remote
[2025-10-22 13:09:07] Imported from JSONL
[2025-10-22 13:09:07] Sync cycle complete
[2025-10-22 13:14:06] Starting sync cycle...
[2025-10-22 13:14:06] Exported to JSONL
[2025-10-22 13:14:07] Pulled from remote
[2025-10-22 13:14:07] Imported from JSONL
[2025-10-22 13:14:07] Sync cycle complete
[2025-10-22 13:19:07] Starting sync cycle...
[2025-10-22 13:19:07] Exported to JSONL
[2025-10-22 13:19:07] Pulled from remote
[2025-10-22 13:19:07] Imported from JSONL
[2025-10-22 13:19:07] Sync cycle complete
[2025-10-22 13:24:07] Starting sync cycle...
[2025-10-22 13:24:07] Exported to JSONL
[2025-10-22 13:24:08] Pulled from remote
[2025-10-22 13:24:08] Imported from JSONL
[2025-10-22 13:24:08] Sync cycle complete
[2025-10-22 13:29:08] Starting sync cycle...
[2025-10-22 13:29:08] Exported to JSONL
[2025-10-22 13:29:08] Pulled from remote
[2025-10-22 13:29:08] Imported from JSONL
[2025-10-22 13:29:08] Sync cycle complete
[2025-10-22 13:34:08] Starting sync cycle...
[2025-10-22 13:34:08] Exported to JSONL
[2025-10-22 13:34:08] Pulled from remote
[2025-10-22 13:34:08] Imported from JSONL
[2025-10-22 13:34:08] Sync cycle complete
[2025-10-22 13:39:07] Starting sync cycle...
[2025-10-22 13:39:07] Exported to JSONL
[2025-10-22 13:39:08] Pulled from remote
[2025-10-22 13:39:08] Imported from JSONL
[2025-10-22 13:39:08] Sync cycle complete
[2025-10-22 13:44:07] Starting sync cycle...
[2025-10-22 13:44:07] Exported to JSONL
[2025-10-22 13:44:08] Pulled from remote
[2025-10-22 13:44:08] Imported from JSONL
[2025-10-22 13:44:08] Sync cycle complete
[2025-10-22 13:49:07] Starting sync cycle...
[2025-10-22 13:49:07] Exported to JSONL
[2025-10-22 13:49:08] Pulled from remote
[2025-10-22 13:49:08] Imported from JSONL
[2025-10-22 13:49:08] Sync cycle complete
[2025-10-22 13:54:08] Starting sync cycle...
[2025-10-22 13:54:08] Exported to JSONL
[2025-10-22 13:54:08] Pulled from remote
[2025-10-22 13:54:08] Imported from JSONL
[2025-10-22 13:54:08] Sync cycle complete
[2025-10-22 13:59:07] Starting sync cycle...
[2025-10-22 13:59:07] Exported to JSONL
[2025-10-22 13:59:08] Pulled from remote
[2025-10-22 13:59:08] Imported from JSONL
[2025-10-22 13:59:08] Sync cycle complete
[2025-10-22 14:04:07] Starting sync cycle...
[2025-10-22 14:04:07] Exported to JSONL
[2025-10-22 14:04:08] Pulled from remote
[2025-10-22 14:04:08] Imported from JSONL
[2025-10-22 14:04:08] Sync cycle complete
[2025-10-22 14:09:08] Starting sync cycle...
[2025-10-22 14:09:08] Exported to JSONL
[2025-10-22 14:09:08] Pulled from remote
[2025-10-22 14:09:08] Imported from JSONL
[2025-10-22 14:09:08] Sync cycle complete
[2025-10-22 14:14:08] Starting sync cycle...
[2025-10-22 14:14:08] Exported to JSONL
[2025-10-22 14:14:08] Pulled from remote
[2025-10-22 14:14:08] Imported from JSONL
[2025-10-22 14:14:08] Sync cycle complete
[2025-10-22 14:19:07] Starting sync cycle...
[2025-10-22 14:19:07] Exported to JSONL
[2025-10-22 14:19:08] Pulled from remote
[2025-10-22 14:19:08] Imported from JSONL
[2025-10-22 14:19:08] Sync cycle complete
[2025-10-22 14:24:07] Starting sync cycle...
[2025-10-22 14:24:07] Exported to JSONL
[2025-10-22 14:24:08] Pulled from remote
[2025-10-22 14:24:08] Imported from JSONL
[2025-10-22 14:24:08] Sync cycle complete
[2025-10-22 14:29:07] Starting sync cycle...
[2025-10-22 14:29:07] Exported to JSONL
[2025-10-22 14:29:08] Pulled from remote
[2025-10-22 14:29:08] Imported from JSONL
[2025-10-22 14:29:08] Sync cycle complete
[2025-10-22 14:34:08] Starting sync cycle...
[2025-10-22 14:34:08] Exported to JSONL
[2025-10-22 14:34:08] Pulled from remote
[2025-10-22 14:34:08] Imported from JSONL
[2025-10-22 14:34:08] Sync cycle complete
[2025-10-22 14:39:07] Starting sync cycle...
[2025-10-22 14:39:08] Exported to JSONL
[2025-10-22 14:39:08] Pulled from remote
[2025-10-22 14:39:08] Imported from JSONL
[2025-10-22 14:39:08] Sync cycle complete
[2025-10-22 14:44:08] Starting sync cycle...
[2025-10-22 14:44:08] Exported to JSONL
[2025-10-22 14:44:08] Pulled from remote
[2025-10-22 14:44:08] Imported from JSONL
[2025-10-22 14:44:08] Sync cycle complete
[2025-10-22 14:49:07] Starting sync cycle...
[2025-10-22 14:49:07] Exported to JSONL
[2025-10-22 14:49:08] Pulled from remote
[2025-10-22 14:49:08] Imported from JSONL
[2025-10-22 14:49:08] Sync cycle complete
[2025-10-22 14:54:08] Starting sync cycle...
[2025-10-22 14:54:08] Exported to JSONL
[2025-10-22 14:54:08] Pulled from remote
[2025-10-22 14:54:08] Imported from JSONL
[2025-10-22 14:54:08] Sync cycle complete
[2025-10-22 14:59:07] Starting sync cycle...
[2025-10-22 14:59:08] Exported to JSONL
[2025-10-22 14:59:08] Pulled from remote
[2025-10-22 14:59:08] Imported from JSONL
[2025-10-22 14:59:08] Sync cycle complete
[2025-10-22 15:04:08] Starting sync cycle...
[2025-10-22 15:04:08] Exported to JSONL
[2025-10-22 15:04:08] Pulled from remote
[2025-10-22 15:04:08] Imported from JSONL
[2025-10-22 15:04:08] Sync cycle complete
[2025-10-22 15:09:07] Starting sync cycle...
[2025-10-22 15:09:07] Exported to JSONL
[2025-10-22 15:09:08] Pulled from remote
[2025-10-22 15:09:08] Imported from JSONL
[2025-10-22 15:09:08] Sync cycle complete
[2025-10-22 15:14:08] Starting sync cycle...
[2025-10-22 15:14:08] Exported to JSONL
[2025-10-22 15:14:08] Pulled from remote
[2025-10-22 15:14:08] Imported from JSONL
[2025-10-22 15:14:08] Sync cycle complete
[2025-10-22 15:19:07] Starting sync cycle...
[2025-10-22 15:19:07] Exported to JSONL
[2025-10-22 15:19:08] Pulled from remote
[2025-10-22 15:19:08] Imported from JSONL
[2025-10-22 15:19:08] Sync cycle complete
[2025-10-22 15:24:07] Starting sync cycle...
[2025-10-22 15:24:07] Exported to JSONL
[2025-10-22 15:24:08] Pulled from remote
[2025-10-22 15:24:08] Imported from JSONL
[2025-10-22 15:24:08] Sync cycle complete
[2025-10-22 15:29:08] Starting sync cycle...
[2025-10-22 15:29:08] Exported to JSONL
[2025-10-22 15:29:08] Pulled from remote
[2025-10-22 15:29:08] Imported from JSONL
[2025-10-22 15:29:08] Sync cycle complete
[2025-10-22 15:34:08] Starting sync cycle...
[2025-10-22 15:34:08] Exported to JSONL
[2025-10-22 15:34:08] Pulled from remote
[2025-10-22 15:34:08] Imported from JSONL
[2025-10-22 15:34:08] Sync cycle complete
[2025-10-22 15:39:07] Starting sync cycle...
[2025-10-22 15:39:07] Exported to JSONL
[2025-10-22 15:39:08] Pulled from remote
[2025-10-22 15:39:08] Imported from JSONL
[2025-10-22 15:39:08] Sync cycle complete
[2025-10-22 15:44:08] Starting sync cycle...
[2025-10-22 15:44:08] Exported to JSONL
[2025-10-22 15:44:08] Pulled from remote
[2025-10-22 15:44:08] Imported from JSONL
[2025-10-22 15:44:08] Sync cycle complete
[2025-10-22 15:49:07] Starting sync cycle...
[2025-10-22 15:49:07] Exported to JSONL
[2025-10-22 15:49:08] Pulled from remote
[2025-10-22 15:49:08] Imported from JSONL
[2025-10-22 15:49:08] Sync cycle complete
[2025-10-22 15:54:07] Starting sync cycle...
[2025-10-22 15:54:07] Exported to JSONL
[2025-10-22 15:54:08] Pulled from remote
[2025-10-22 15:54:08] Imported from JSONL
[2025-10-22 15:54:08] Sync cycle complete
[2025-10-22 15:59:08] Starting sync cycle...
[2025-10-22 15:59:08] Exported to JSONL
[2025-10-22 15:59:08] Pulled from remote
[2025-10-22 15:59:08] Imported from JSONL
[2025-10-22 15:59:08] Sync cycle complete
[2025-10-22 16:04:07] Starting sync cycle...
[2025-10-22 16:04:07] Exported to JSONL
[2025-10-22 16:04:08] Pulled from remote
[2025-10-22 16:04:08] Imported from JSONL
[2025-10-22 16:04:08] Sync cycle complete
[2025-10-22 16:09:07] Starting sync cycle...
[2025-10-22 16:09:07] Exported to JSONL
[2025-10-22 16:09:08] Pulled from remote
[2025-10-22 16:09:08] Imported from JSONL
[2025-10-22 16:09:08] Sync cycle complete
[2025-10-22 16:14:08] Starting sync cycle...
[2025-10-22 16:14:08] Exported to JSONL
[2025-10-22 16:14:08] Pulled from remote
[2025-10-22 16:14:08] Imported from JSONL
[2025-10-22 16:14:08] Sync cycle complete
[2025-10-22 16:19:07] Starting sync cycle...
[2025-10-22 16:19:07] Exported to JSONL
[2025-10-22 16:19:08] Pulled from remote
[2025-10-22 16:19:08] Imported from JSONL
[2025-10-22 16:19:08] Sync cycle complete
[2025-10-22 16:24:08] Starting sync cycle...
[2025-10-22 16:24:08] Exported to JSONL
[2025-10-22 16:24:08] Pulled from remote
[2025-10-22 16:24:08] Imported from JSONL
[2025-10-22 16:24:08] Sync cycle complete
[2025-10-22 16:29:07] Starting sync cycle...
[2025-10-22 16:29:07] Exported to JSONL
[2025-10-22 16:29:08] Pulled from remote
[2025-10-22 16:29:08] Imported from JSONL
[2025-10-22 16:29:08] Sync cycle complete
[2025-10-22 16:34:07] Starting sync cycle...
[2025-10-22 16:34:07] Exported to JSONL
[2025-10-22 16:34:08] Pulled from remote
[2025-10-22 16:34:08] Imported from JSONL
[2025-10-22 16:34:08] Sync cycle complete
[2025-10-22 20:04:19] Starting sync cycle...
[2025-10-22 20:04:19] Exported to JSONL
[2025-10-22 20:04:19] Pulled from remote
[2025-10-22 20:04:19] Imported from JSONL
[2025-10-22 20:04:19] Sync cycle complete
[2025-10-22 20:09:19] Starting sync cycle...
[2025-10-22 20:09:19] Exported to JSONL
[2025-10-22 20:09:19] Pulled from remote
[2025-10-22 20:09:19] Imported from JSONL
[2025-10-22 20:09:19] Sync cycle complete
[2025-10-22 20:14:19] Starting sync cycle...
[2025-10-22 20:14:19] Exported to JSONL
[2025-10-22 20:14:19] Pulled from remote
[2025-10-22 20:14:19] Imported from JSONL
[2025-10-22 20:14:19] Sync cycle complete
[2025-10-22 20:19:19] Starting sync cycle...
[2025-10-22 20:19:19] Exported to JSONL
[2025-10-22 20:19:19] Pulled from remote
[2025-10-22 20:19:19] Imported from JSONL
[2025-10-22 20:19:19] Sync cycle complete
[2025-10-22 20:24:19] Starting sync cycle...
[2025-10-22 20:24:19] Exported to JSONL
[2025-10-22 20:24:19] Pulled from remote
[2025-10-22 20:24:19] Imported from JSONL
[2025-10-22 20:24:19] Sync cycle complete
[2025-10-22 20:29:19] Starting sync cycle...
[2025-10-22 20:29:19] Exported to JSONL
[2025-10-22 20:29:19] Pulled from remote
[2025-10-22 20:29:19] Imported from JSONL
[2025-10-22 20:29:19] Sync cycle complete
[2025-10-22 20:34:19] Starting sync cycle...
[2025-10-22 20:34:19] Exported to JSONL
[2025-10-22 20:34:19] Pulled from remote
[2025-10-22 20:34:19] Imported from JSONL
[2025-10-22 20:34:19] Sync cycle complete
[2025-10-22 20:39:20] Starting sync cycle...
[2025-10-22 20:39:20] Exported to JSONL
[2025-10-22 20:39:20] Pulled from remote
[2025-10-22 20:39:20] Imported from JSONL
[2025-10-22 20:39:20] Sync cycle complete
[2025-10-22 20:44:20] Starting sync cycle...
[2025-10-22 20:44:20] Exported to JSONL
[2025-10-22 20:44:20] Pulled from remote
[2025-10-22 20:44:20] Imported from JSONL
[2025-10-22 20:44:20] Sync cycle complete
[2025-10-22 20:49:20] Starting sync cycle...
[2025-10-22 20:49:20] Exported to JSONL
[2025-10-22 20:49:20] Pulled from remote
[2025-10-22 20:49:20] Imported from JSONL
[2025-10-22 20:49:20] Sync cycle complete
[2025-10-22 20:54:20] Starting sync cycle...
[2025-10-22 20:54:20] Exported to JSONL
[2025-10-22 20:54:20] Pulled from remote
[2025-10-22 20:54:20] Imported from JSONL
[2025-10-22 20:54:20] Sync cycle complete
[2025-10-22 20:59:20] Starting sync cycle...
[2025-10-22 20:59:20] Exported to JSONL
[2025-10-22 20:59:20] Pulled from remote
[2025-10-22 20:59:20] Imported from JSONL
[2025-10-22 20:59:20] Sync cycle complete
[2025-10-22 21:04:20] Starting sync cycle...
[2025-10-22 21:04:20] Exported to JSONL
[2025-10-22 21:04:20] Pulled from remote
[2025-10-22 21:04:20] Imported from JSONL
[2025-10-22 21:04:20] Sync cycle complete
[2025-10-22 21:09:20] Starting sync cycle...
[2025-10-22 21:09:20] Exported to JSONL
[2025-10-22 21:09:20] Pulled from remote
[2025-10-22 21:09:20] Imported from JSONL
[2025-10-22 21:09:20] Sync cycle complete
[2025-10-22 21:14:20] Starting sync cycle...
[2025-10-22 21:14:20] Exported to JSONL
[2025-10-22 21:14:20] Pulled from remote
[2025-10-22 21:14:20] Imported from JSONL
[2025-10-22 21:14:20] Sync cycle complete
[2025-10-22 21:19:20] Starting sync cycle...
[2025-10-22 21:19:20] Exported to JSONL
[2025-10-22 21:19:20] Pulled from remote
[2025-10-22 21:19:20] Imported from JSONL
[2025-10-22 21:19:20] Sync cycle complete
[2025-10-22 21:24:20] Starting sync cycle...
[2025-10-22 21:24:20] Exported to JSONL
[2025-10-22 21:24:20] Pulled from remote
[2025-10-22 21:24:20] Imported from JSONL
[2025-10-22 21:24:20] Sync cycle complete
[2025-10-22 21:29:20] Starting sync cycle...
[2025-10-22 21:29:20] Exported to JSONL
[2025-10-22 21:29:20] Pulled from remote
[2025-10-22 21:29:20] Imported from JSONL
[2025-10-22 21:29:20] Sync cycle complete
[2025-10-22 21:34:20] Starting sync cycle...
[2025-10-22 21:34:20] Exported to JSONL
[2025-10-22 21:34:20] Pulled from remote
[2025-10-22 21:34:20] Imported from JSONL
[2025-10-22 21:34:20] Sync cycle complete
[2025-10-22 21:39:20] Starting sync cycle...
[2025-10-22 21:39:20] Exported to JSONL
[2025-10-22 21:39:20] Pulled from remote
[2025-10-22 21:39:20] Imported from JSONL
[2025-10-22 21:39:20] Sync cycle complete
[2025-10-22 21:44:20] Starting sync cycle...
[2025-10-22 21:44:20] Exported to JSONL
[2025-10-22 21:44:20] Pulled from remote
[2025-10-22 21:44:20] Imported from JSONL
[2025-10-22 21:44:20] Sync cycle complete
[2025-10-22 21:49:20] Starting sync cycle...
[2025-10-22 21:49:20] Exported to JSONL
[2025-10-22 21:49:20] Pulled from remote
[2025-10-22 21:49:20] Imported from JSONL
[2025-10-22 21:49:20] Sync cycle complete
[2025-10-22 21:54:20] Starting sync cycle...
[2025-10-22 21:54:20] Exported to JSONL
[2025-10-22 21:54:20] Pulled from remote
[2025-10-22 21:54:20] Imported from JSONL
[2025-10-22 21:54:20] Sync cycle complete
[2025-10-22 21:59:20] Starting sync cycle...
[2025-10-22 21:59:20] Exported to JSONL
[2025-10-22 21:59:20] Pulled from remote
[2025-10-22 21:59:20] Imported from JSONL
[2025-10-22 21:59:20] Sync cycle complete
[2025-10-22 22:04:20] Starting sync cycle...
[2025-10-22 22:04:20] Exported to JSONL
[2025-10-22 22:04:20] Pulled from remote
[2025-10-22 22:04:20] Imported from JSONL
[2025-10-22 22:04:20] Sync cycle complete
[2025-10-22 22:09:20] Starting sync cycle...
[2025-10-22 22:09:20] Exported to JSONL
[2025-10-22 22:09:20] Pulled from remote
[2025-10-22 22:09:20] Imported from JSONL
[2025-10-22 22:09:20] Sync cycle complete
[2025-10-22 22:14:20] Starting sync cycle...
[2025-10-22 22:14:20] Exported to JSONL
[2025-10-22 22:14:20] Pulled from remote
[2025-10-22 22:14:20] Imported from JSONL
[2025-10-22 22:14:20] Sync cycle complete
[2025-10-22 22:19:20] Starting sync cycle...
[2025-10-22 22:19:20] Exported to JSONL
[2025-10-22 22:19:20] Pulled from remote
[2025-10-22 22:19:20] Imported from JSONL
[2025-10-22 22:19:20] Sync cycle complete
[2025-10-22 22:24:20] Starting sync cycle...
[2025-10-22 22:24:20] Exported to JSONL
[2025-10-22 22:24:20] Pulled from remote
[2025-10-22 22:24:20] Imported from JSONL
[2025-10-22 22:24:20] Sync cycle complete
[2025-10-22 22:29:20] Starting sync cycle...
[2025-10-22 22:29:20] Exported to JSONL
[2025-10-22 22:29:20] Pulled from remote
[2025-10-22 22:29:20] Imported from JSONL
[2025-10-22 22:29:20] Sync cycle complete
[2025-10-22 22:34:20] Starting sync cycle...
[2025-10-22 22:34:20] Exported to JSONL
[2025-10-22 22:34:20] Pulled from remote
[2025-10-22 22:34:20] Imported from JSONL
[2025-10-22 22:34:20] Sync cycle complete
[2025-10-22 22:39:20] Starting sync cycle...
[2025-10-22 22:39:20] Exported to JSONL
[2025-10-22 22:39:20] Pulled from remote
[2025-10-22 22:39:20] Imported from JSONL
[2025-10-22 22:39:20] Sync cycle complete
[2025-10-22 22:44:20] Starting sync cycle...
[2025-10-22 22:44:20] Exported to JSONL
[2025-10-22 22:44:20] Pulled from remote
[2025-10-22 22:44:20] Imported from JSONL
[2025-10-22 22:44:20] Sync cycle complete
[2025-10-22 22:49:20] Starting sync cycle...
[2025-10-22 22:49:20] Exported to JSONL
[2025-10-22 22:49:21] Pulled from remote
[2025-10-22 22:49:21] Imported from JSONL
[2025-10-22 22:49:21] Sync cycle complete
[2025-10-22 22:54:20] Starting sync cycle...
[2025-10-22 22:54:20] Exported to JSONL
[2025-10-22 22:54:20] Pulled from remote
[2025-10-22 22:54:20] Imported from JSONL
[2025-10-22 22:54:20] Sync cycle complete
[2025-10-22 22:59:20] Starting sync cycle...
[2025-10-22 22:59:20] Exported to JSONL
[2025-10-22 22:59:20] Pulled from remote
[2025-10-22 22:59:20] Imported from JSONL
[2025-10-22 22:59:20] Sync cycle complete
[2025-10-22 23:04:20] Starting sync cycle...
[2025-10-22 23:04:20] Exported to JSONL
[2025-10-22 23:04:20] Pulled from remote
[2025-10-22 23:04:20] Imported from JSONL
[2025-10-22 23:04:20] Sync cycle complete
[2025-10-22 23:09:20] Starting sync cycle...
[2025-10-22 23:09:20] Exported to JSONL
[2025-10-22 23:09:20] Pulled from remote
[2025-10-22 23:09:20] Imported from JSONL
[2025-10-22 23:09:20] Sync cycle complete
[2025-10-22 23:14:20] Starting sync cycle...
[2025-10-22 23:14:20] Exported to JSONL
[2025-10-22 23:14:20] Pulled from remote
[2025-10-22 23:14:20] Imported from JSONL
[2025-10-22 23:14:20] Sync cycle complete
[2025-10-22 23:19:20] Starting sync cycle...
[2025-10-22 23:19:20] Exported to JSONL
[2025-10-22 23:19:20] Pulled from remote
[2025-10-22 23:19:20] Imported from JSONL
[2025-10-22 23:19:20] Sync cycle complete
[2025-10-22 23:24:20] Starting sync cycle...
[2025-10-22 23:24:20] Exported to JSONL
[2025-10-22 23:24:20] Pulled from remote
[2025-10-22 23:24:20] Imported from JSONL
[2025-10-22 23:24:20] Sync cycle complete
[2025-10-22 23:29:20] Starting sync cycle...
[2025-10-22 23:29:20] Exported to JSONL
[2025-10-22 23:29:20] Pulled from remote
[2025-10-22 23:29:20] Imported from JSONL
[2025-10-22 23:29:20] Sync cycle complete
[2025-10-22 23:34:20] Starting sync cycle...
[2025-10-22 23:34:20] Exported to JSONL
[2025-10-22 23:34:20] Pulled from remote
[2025-10-22 23:34:20] Imported from JSONL
[2025-10-22 23:34:20] Sync cycle complete
[2025-10-22 23:39:20] Starting sync cycle...
[2025-10-22 23:39:20] Exported to JSONL
[2025-10-22 23:39:20] Pulled from remote
[2025-10-22 23:39:20] Imported from JSONL
[2025-10-22 23:39:20] Sync cycle complete
[2025-10-22 23:44:20] Starting sync cycle...
[2025-10-22 23:44:20] Exported to JSONL
[2025-10-22 23:44:20] Pulled from remote
[2025-10-22 23:44:20] Imported from JSONL
[2025-10-22 23:44:20] Sync cycle complete
[2025-10-22 23:49:20] Starting sync cycle...
[2025-10-22 23:49:20] Exported to JSONL
[2025-10-22 23:49:20] Pulled from remote
[2025-10-22 23:49:20] Imported from JSONL
[2025-10-22 23:49:20] Sync cycle complete
[2025-10-22 23:54:20] Starting sync cycle...
[2025-10-22 23:54:20] Exported to JSONL
[2025-10-22 23:54:20] Pulled from remote
[2025-10-22 23:54:20] Imported from JSONL
[2025-10-22 23:54:20] Sync cycle complete
[2025-10-22 23:59:20] Starting sync cycle...
[2025-10-22 23:59:20] Exported to JSONL
[2025-10-22 23:59:20] Pulled from remote
[2025-10-22 23:59:20] Imported from JSONL
[2025-10-22 23:59:20] Sync cycle complete
[2025-10-23 00:04:20] Starting sync cycle...
[2025-10-23 00:04:20] Exported to JSONL
[2025-10-23 00:04:20] Pulled from remote
[2025-10-23 00:04:20] Imported from JSONL
[2025-10-23 00:04:20] Sync cycle complete
[2025-10-23 00:09:20] Starting sync cycle...
[2025-10-23 00:09:20] Exported to JSONL
[2025-10-23 00:09:20] Pulled from remote
[2025-10-23 00:09:20] Imported from JSONL
[2025-10-23 00:09:20] Sync cycle complete
[2025-10-23 00:14:20] Starting sync cycle...
[2025-10-23 00:14:20] Exported to JSONL
[2025-10-23 00:14:20] Pulled from remote
[2025-10-23 00:14:20] Imported from JSONL
[2025-10-23 00:14:20] Sync cycle complete
[2025-10-23 00:19:20] Starting sync cycle...
[2025-10-23 00:19:20] Exported to JSONL
[2025-10-23 00:19:20] Pulled from remote
[2025-10-23 00:19:20] Imported from JSONL
[2025-10-23 00:19:20] Sync cycle complete
[2025-10-23 00:24:20] Starting sync cycle...
[2025-10-23 00:24:20] Exported to JSONL
[2025-10-23 00:24:20] Pulled from remote
[2025-10-23 00:24:20] Imported from JSONL
[2025-10-23 00:24:20] Sync cycle complete
[2025-10-23 00:29:20] Starting sync cycle...
[2025-10-23 00:29:20] Exported to JSONL
[2025-10-23 00:29:20] Pulled from remote
[2025-10-23 00:29:20] Imported from JSONL
[2025-10-23 00:29:20] Sync cycle complete
[2025-10-23 00:34:20] Starting sync cycle...
[2025-10-23 00:34:20] Exported to JSONL
[2025-10-23 00:34:20] Pulled from remote
[2025-10-23 00:34:20] Imported from JSONL
[2025-10-23 00:34:20] Sync cycle complete
[2025-10-23 00:39:20] Starting sync cycle...
[2025-10-23 00:39:20] Exported to JSONL
[2025-10-23 00:39:20] Pulled from remote
[2025-10-23 00:39:20] Imported from JSONL
[2025-10-23 00:39:20] Sync cycle complete
[2025-10-23 00:44:20] Starting sync cycle...
[2025-10-23 00:44:20] Exported to JSONL
[2025-10-23 00:44:20] Pulled from remote
[2025-10-23 00:44:20] Imported from JSONL
[2025-10-23 00:44:20] Sync cycle complete
[2025-10-23 00:49:20] Starting sync cycle...
[2025-10-23 00:49:20] Exported to JSONL
[2025-10-23 00:49:20] Pulled from remote
[2025-10-23 00:49:20] Imported from JSONL
[2025-10-23 00:49:20] Sync cycle complete
[2025-10-23 00:54:20] Starting sync cycle...
[2025-10-23 00:54:20] Exported to JSONL
[2025-10-23 00:54:20] Pulled from remote
[2025-10-23 00:54:20] Imported from JSONL
[2025-10-23 00:54:20] Sync cycle complete
[2025-10-23 00:59:20] Starting sync cycle...
[2025-10-23 00:59:20] Exported to JSONL
[2025-10-23 00:59:20] Pulled from remote
[2025-10-23 00:59:20] Imported from JSONL
[2025-10-23 00:59:20] Sync cycle complete
[2025-10-23 01:04:20] Starting sync cycle...
[2025-10-23 01:04:20] Exported to JSONL
[2025-10-23 01:04:20] Pulled from remote
[2025-10-23 01:04:20] Imported from JSONL
[2025-10-23 01:04:20] Sync cycle complete
[2025-10-23 01:09:20] Starting sync cycle...
[2025-10-23 01:09:20] Exported to JSONL
[2025-10-23 01:09:20] Pulled from remote
[2025-10-23 01:09:20] Imported from JSONL
[2025-10-23 01:09:20] Sync cycle complete
[2025-10-23 01:14:20] Starting sync cycle...
[2025-10-23 01:14:20] Exported to JSONL
[2025-10-23 01:14:20] Pulled from remote
[2025-10-23 01:14:20] Imported from JSONL
[2025-10-23 01:14:20] Sync cycle complete
[2025-10-23 01:19:20] Starting sync cycle...
[2025-10-23 01:19:20] Exported to JSONL
[2025-10-23 01:19:20] Pulled from remote
[2025-10-23 01:19:20] Imported from JSONL
[2025-10-23 01:19:20] Sync cycle complete
[2025-10-23 01:24:20] Starting sync cycle...
[2025-10-23 01:24:20] Exported to JSONL
[2025-10-23 01:24:20] Pulled from remote
[2025-10-23 01:24:20] Imported from JSONL
[2025-10-23 01:24:20] Sync cycle complete
[2025-10-23 01:29:20] Starting sync cycle...
[2025-10-23 01:29:20] Exported to JSONL
[2025-10-23 01:29:20] Pulled from remote
[2025-10-23 01:29:20] Imported from JSONL
[2025-10-23 01:29:20] Sync cycle complete
[2025-10-23 01:34:20] Starting sync cycle...
[2025-10-23 01:34:20] Exported to JSONL
[2025-10-23 01:34:20] Pulled from remote
[2025-10-23 01:34:20] Imported from JSONL
[2025-10-23 01:34:20] Sync cycle complete
[2025-10-23 01:39:20] Starting sync cycle...
[2025-10-23 01:39:20] Exported to JSONL
[2025-10-23 01:39:20] Pulled from remote
[2025-10-23 01:39:20] Imported from JSONL
[2025-10-23 01:39:20] Sync cycle complete
[2025-10-23 01:44:20] Starting sync cycle...
[2025-10-23 01:44:20] Exported to JSONL
[2025-10-23 01:44:20] Pulled from remote
[2025-10-23 01:44:20] Imported from JSONL
[2025-10-23 01:44:20] Sync cycle complete
[2025-10-23 01:49:20] Starting sync cycle...
[2025-10-23 01:49:20] Exported to JSONL
[2025-10-23 01:49:20] Pulled from remote
[2025-10-23 01:49:20] Imported from JSONL
[2025-10-23 01:49:20] Sync cycle complete
[2025-10-23 01:54:20] Starting sync cycle...
[2025-10-23 01:54:20] Exported to JSONL
[2025-10-23 01:54:20] Pulled from remote
[2025-10-23 01:54:20] Imported from JSONL
[2025-10-23 01:54:20] Sync cycle complete
[2025-10-23 01:59:20] Starting sync cycle...
[2025-10-23 01:59:20] Exported to JSONL
[2025-10-23 01:59:20] Pulled from remote
[2025-10-23 01:59:20] Imported from JSONL
[2025-10-23 01:59:20] Sync cycle complete
[2025-10-23 02:04:20] Starting sync cycle...
[2025-10-23 02:04:20] Exported to JSONL
[2025-10-23 02:04:20] Pulled from remote
[2025-10-23 02:04:20] Imported from JSONL
[2025-10-23 02:04:20] Sync cycle complete
[2025-10-23 02:09:20] Starting sync cycle...
[2025-10-23 02:09:20] Exported to JSONL
[2025-10-23 02:09:20] Pulled from remote
[2025-10-23 02:09:20] Imported from JSONL
[2025-10-23 02:09:20] Sync cycle complete
[2025-10-23 02:14:20] Starting sync cycle...
[2025-10-23 02:14:20] Exported to JSONL
[2025-10-23 02:14:20] Pulled from remote
[2025-10-23 02:14:20] Imported from JSONL
[2025-10-23 02:14:20] Sync cycle complete
[2025-10-23 02:19:20] Starting sync cycle...
[2025-10-23 02:19:20] Exported to JSONL
[2025-10-23 02:19:20] Pulled from remote
[2025-10-23 02:19:20] Imported from JSONL
[2025-10-23 02:19:20] Sync cycle complete
[2025-10-23 02:24:20] Starting sync cycle...
[2025-10-23 02:24:20] Exported to JSONL
[2025-10-23 02:24:20] Pulled from remote
[2025-10-23 02:24:20] Imported from JSONL
[2025-10-23 02:24:20] Sync cycle complete
[2025-10-23 02:29:20] Starting sync cycle...
[2025-10-23 02:29:20] Exported to JSONL
[2025-10-23 02:29:20] Pulled from remote
[2025-10-23 02:29:20] Imported from JSONL
[2025-10-23 02:29:20] Sync cycle complete
[2025-10-23 02:34:20] Starting sync cycle...
[2025-10-23 02:34:20] Exported to JSONL
[2025-10-23 02:34:20] Pulled from remote
[2025-10-23 02:34:20] Imported from JSONL
[2025-10-23 02:34:20] Sync cycle complete
[2025-10-23 02:39:20] Starting sync cycle...
[2025-10-23 02:39:20] Exported to JSONL
[2025-10-23 02:39:20] Pulled from remote
[2025-10-23 02:39:20] Imported from JSONL
[2025-10-23 02:39:20] Sync cycle complete
[2025-10-23 02:44:20] Starting sync cycle...
[2025-10-23 02:44:20] Exported to JSONL
[2025-10-23 02:44:20] Pulled from remote
[2025-10-23 02:44:20] Imported from JSONL
[2025-10-23 02:44:20] Sync cycle complete
[2025-10-23 02:49:20] Starting sync cycle...
[2025-10-23 02:49:20] Exported to JSONL
[2025-10-23 02:49:20] Pulled from remote
[2025-10-23 02:49:20] Imported from JSONL
[2025-10-23 02:49:20] Sync cycle complete
[2025-10-23 02:54:20] Starting sync cycle...
[2025-10-23 02:54:20] Exported to JSONL
[2025-10-23 02:54:20] Pulled from remote
[2025-10-23 02:54:20] Imported from JSONL
[2025-10-23 02:54:20] Sync cycle complete
[2025-10-23 02:59:20] Starting sync cycle...
[2025-10-23 02:59:20] Exported to JSONL
[2025-10-23 02:59:20] Pulled from remote
[2025-10-23 02:59:20] Imported from JSONL
[2025-10-23 02:59:20] Sync cycle complete
[2025-10-23 03:04:20] Starting sync cycle...
[2025-10-23 03:04:20] Exported to JSONL
[2025-10-23 03:04:20] Pulled from remote
[2025-10-23 03:04:20] Imported from JSONL
[2025-10-23 03:04:20] Sync cycle complete
[2025-10-23 03:09:20] Starting sync cycle...
[2025-10-23 03:09:20] Exported to JSONL
[2025-10-23 03:09:20] Pulled from remote
[2025-10-23 03:09:20] Imported from JSONL
[2025-10-23 03:09:20] Sync cycle complete
[2025-10-23 03:14:20] Starting sync cycle...
[2025-10-23 03:14:20] Exported to JSONL
[2025-10-23 03:14:20] Pulled from remote
[2025-10-23 03:14:20] Imported from JSONL
[2025-10-23 03:14:20] Sync cycle complete
[2025-10-23 03:19:20] Starting sync cycle...
[2025-10-23 03:19:20] Exported to JSONL
[2025-10-23 03:19:20] Pulled from remote
[2025-10-23 03:19:20] Imported from JSONL
[2025-10-23 03:19:20] Sync cycle complete
[2025-10-23 03:24:20] Starting sync cycle...
[2025-10-23 03:24:20] Exported to JSONL
[2025-10-23 03:24:20] Pulled from remote
[2025-10-23 03:24:20] Imported from JSONL
[2025-10-23 03:24:20] Sync cycle complete
[2025-10-23 03:29:20] Starting sync cycle...
[2025-10-23 03:29:20] Exported to JSONL
[2025-10-23 03:29:20] Pulled from remote
[2025-10-23 03:29:20] Imported from JSONL
[2025-10-23 03:29:20] Sync cycle complete
[2025-10-23 03:34:20] Starting sync cycle...
[2025-10-23 03:34:20] Exported to JSONL
[2025-10-23 03:34:20] Pulled from remote
[2025-10-23 03:34:20] Imported from JSONL
[2025-10-23 03:34:20] Sync cycle complete
[2025-10-23 03:39:20] Starting sync cycle...
[2025-10-23 03:39:20] Exported to JSONL
[2025-10-23 03:39:20] Pulled from remote
[2025-10-23 03:39:20] Imported from JSONL
[2025-10-23 03:39:20] Sync cycle complete
[2025-10-23 03:44:20] Starting sync cycle...
[2025-10-23 03:44:20] Exported to JSONL
[2025-10-23 03:44:20] Pulled from remote
[2025-10-23 03:44:20] Imported from JSONL
[2025-10-23 03:44:20] Sync cycle complete
[2025-10-23 03:49:20] Starting sync cycle...
[2025-10-23 03:49:20] Exported to JSONL
[2025-10-23 03:49:20] Pulled from remote
[2025-10-23 03:49:20] Imported from JSONL
[2025-10-23 03:49:20] Sync cycle complete
[2025-10-23 03:54:20] Starting sync cycle...
[2025-10-23 03:54:20] Exported to JSONL
[2025-10-23 03:54:20] Pulled from remote
[2025-10-23 03:54:20] Imported from JSONL
[2025-10-23 03:54:20] Sync cycle complete
[2025-10-23 03:59:20] Starting sync cycle...
[2025-10-23 03:59:20] Exported to JSONL
[2025-10-23 03:59:20] Pulled from remote
[2025-10-23 03:59:20] Imported from JSONL
[2025-10-23 03:59:20] Sync cycle complete
[2025-10-23 04:04:20] Starting sync cycle...
[2025-10-23 04:04:20] Exported to JSONL
[2025-10-23 04:04:20] Pulled from remote
[2025-10-23 04:04:20] Imported from JSONL
[2025-10-23 04:04:20] Sync cycle complete
[2025-10-23 04:09:20] Starting sync cycle...
[2025-10-23 04:09:20] Exported to JSONL
[2025-10-23 04:09:20] Pulled from remote
[2025-10-23 04:09:20] Imported from JSONL
[2025-10-23 04:09:20] Sync cycle complete
[2025-10-23 04:14:20] Starting sync cycle...
[2025-10-23 04:14:20] Exported to JSONL
[2025-10-23 04:14:20] Pulled from remote
[2025-10-23 04:14:20] Imported from JSONL
[2025-10-23 04:14:20] Sync cycle complete
[2025-10-23 04:19:20] Starting sync cycle...
[2025-10-23 04:19:20] Exported to JSONL
[2025-10-23 04:19:20] Pulled from remote
[2025-10-23 04:19:20] Imported from JSONL
[2025-10-23 04:19:20] Sync cycle complete
[2025-10-23 04:24:20] Starting sync cycle...
[2025-10-23 04:24:20] Exported to JSONL
[2025-10-23 04:24:20] Pulled from remote
[2025-10-23 04:24:20] Imported from JSONL
[2025-10-23 04:24:20] Sync cycle complete
[2025-10-23 04:29:20] Starting sync cycle...
[2025-10-23 04:29:20] Exported to JSONL
[2025-10-23 04:29:20] Pulled from remote
[2025-10-23 04:29:20] Imported from JSONL
[2025-10-23 04:29:20] Sync cycle complete
[2025-10-23 04:34:20] Starting sync cycle...
[2025-10-23 04:34:20] Exported to JSONL
[2025-10-23 04:34:20] Pulled from remote
[2025-10-23 04:34:20] Imported from JSONL
[2025-10-23 04:34:20] Sync cycle complete
[2025-10-23 04:39:20] Starting sync cycle...
[2025-10-23 04:39:20] Exported to JSONL
[2025-10-23 04:39:20] Pulled from remote
[2025-10-23 04:39:20] Imported from JSONL
[2025-10-23 04:39:20] Sync cycle complete
[2025-10-23 04:44:20] Starting sync cycle...
[2025-10-23 04:44:20] Exported to JSONL
[2025-10-23 04:44:20] Pulled from remote
[2025-10-23 04:44:20] Imported from JSONL
[2025-10-23 04:44:20] Sync cycle complete
[2025-10-23 04:49:20] Starting sync cycle...
[2025-10-23 04:49:20] Exported to JSONL
[2025-10-23 04:49:20] Pulled from remote
[2025-10-23 04:49:20] Imported from JSONL
[2025-10-23 04:49:20] Sync cycle complete
[2025-10-23 04:54:20] Starting sync cycle...
[2025-10-23 04:54:20] Exported to JSONL
[2025-10-23 04:54:20] Pulled from remote
[2025-10-23 04:54:20] Imported from JSONL
[2025-10-23 04:54:20] Sync cycle complete
[2025-10-23 04:59:20] Starting sync cycle...
[2025-10-23 04:59:20] Exported to JSONL
[2025-10-23 04:59:20] Pulled from remote
[2025-10-23 04:59:20] Imported from JSONL
[2025-10-23 04:59:20] Sync cycle complete
[2025-10-23 05:04:20] Starting sync cycle...
[2025-10-23 05:04:20] Exported to JSONL
[2025-10-23 05:04:20] Pulled from remote
[2025-10-23 05:04:20] Imported from JSONL
[2025-10-23 05:04:20] Sync cycle complete
[2025-10-23 05:09:20] Starting sync cycle...
[2025-10-23 05:09:20] Exported to JSONL
[2025-10-23 05:09:20] Pulled from remote
[2025-10-23 05:09:20] Imported from JSONL
[2025-10-23 05:09:20] Sync cycle complete
[2025-10-23 05:14:20] Starting sync cycle...
[2025-10-23 05:14:20] Exported to JSONL
[2025-10-23 05:14:20] Pulled from remote
[2025-10-23 05:14:20] Imported from JSONL
[2025-10-23 05:14:20] Sync cycle complete
[2025-10-23 05:19:20] Starting sync cycle...
[2025-10-23 05:19:20] Exported to JSONL
[2025-10-23 05:19:20] Pulled from remote
[2025-10-23 05:19:20] Imported from JSONL
[2025-10-23 05:19:20] Sync cycle complete
[2025-10-23 05:24:20] Starting sync cycle...
[2025-10-23 05:24:20] Exported to JSONL
[2025-10-23 05:24:20] Pulled from remote
[2025-10-23 05:24:20] Imported from JSONL
[2025-10-23 05:24:20] Sync cycle complete
[2025-10-23 05:29:20] Starting sync cycle...
[2025-10-23 05:29:20] Exported to JSONL
[2025-10-23 05:29:20] Pulled from remote
[2025-10-23 05:29:20] Imported from JSONL
[2025-10-23 05:29:20] Sync cycle complete
[2025-10-23 05:34:20] Starting sync cycle...
[2025-10-23 05:34:20] Exported to JSONL
[2025-10-23 05:34:20] Pulled from remote
[2025-10-23 05:34:20] Imported from JSONL
[2025-10-23 05:34:20] Sync cycle complete
[2025-10-23 05:39:20] Starting sync cycle...
[2025-10-23 05:39:20] Exported to JSONL
[2025-10-23 05:39:20] Pulled from remote
[2025-10-23 05:39:20] Imported from JSONL
[2025-10-23 05:39:20] Sync cycle complete
[2025-10-23 05:44:20] Starting sync cycle...
[2025-10-23 05:44:20] Exported to JSONL
[2025-10-23 05:44:20] Pulled from remote
[2025-10-23 05:44:20] Imported from JSONL
[2025-10-23 05:44:20] Sync cycle complete
[2025-10-23 05:49:20] Starting sync cycle...
[2025-10-23 05:49:20] Exported to JSONL
[2025-10-23 05:49:20] Pulled from remote
[2025-10-23 05:49:20] Imported from JSONL
[2025-10-23 05:49:20] Sync cycle complete
[2025-10-23 05:54:20] Starting sync cycle...
[2025-10-23 05:54:20] Exported to JSONL
[2025-10-23 05:54:20] Pulled from remote
[2025-10-23 05:54:20] Imported from JSONL
[2025-10-23 05:54:20] Sync cycle complete
[2025-10-23 05:59:20] Starting sync cycle...
[2025-10-23 05:59:20] Exported to JSONL
[2025-10-23 05:59:20] Pulled from remote
[2025-10-23 05:59:20] Imported from JSONL
[2025-10-23 05:59:20] Sync cycle complete
[2025-10-23 06:04:20] Starting sync cycle...
[2025-10-23 06:04:20] Exported to JSONL
[2025-10-23 06:04:20] Pulled from remote
[2025-10-23 06:04:20] Imported from JSONL
[2025-10-23 06:04:20] Sync cycle complete
[2025-10-23 06:09:20] Starting sync cycle...
[2025-10-23 06:09:20] Exported to JSONL
[2025-10-23 06:09:20] Pulled from remote
[2025-10-23 06:09:20] Imported from JSONL
[2025-10-23 06:09:20] Sync cycle complete
[2025-10-23 06:14:20] Starting sync cycle...
[2025-10-23 06:14:20] Exported to JSONL
[2025-10-23 06:14:20] Pulled from remote
[2025-10-23 06:14:20] Imported from JSONL
[2025-10-23 06:14:20] Sync cycle complete
[2025-10-23 06:19:20] Starting sync cycle...
[2025-10-23 06:19:20] Exported to JSONL
[2025-10-23 06:19:20] Pulled from remote
[2025-10-23 06:19:20] Imported from JSONL
[2025-10-23 06:19:20] Sync cycle complete
[2025-10-23 06:24:20] Starting sync cycle...
[2025-10-23 06:24:20] Exported to JSONL
[2025-10-23 06:24:20] Pulled from remote
[2025-10-23 06:24:20] Imported from JSONL
[2025-10-23 06:24:20] Sync cycle complete
[2025-10-23 06:29:20] Starting sync cycle...
[2025-10-23 06:29:20] Exported to JSONL
[2025-10-23 06:29:20] Pulled from remote
[2025-10-23 06:29:20] Imported from JSONL
[2025-10-23 06:29:20] Sync cycle complete
[2025-10-23 06:34:20] Starting sync cycle...
[2025-10-23 06:34:20] Exported to JSONL
[2025-10-23 06:34:20] Pulled from remote
[2025-10-23 06:34:20] Imported from JSONL
[2025-10-23 06:34:20] Sync cycle complete
[2025-10-23 06:39:20] Starting sync cycle...
[2025-10-23 06:39:20] Exported to JSONL
[2025-10-23 06:39:20] Pulled from remote
[2025-10-23 06:39:20] Imported from JSONL
[2025-10-23 06:39:20] Sync cycle complete
[2025-10-23 06:44:20] Starting sync cycle...
[2025-10-23 06:44:20] Exported to JSONL
[2025-10-23 06:44:20] Pulled from remote
[2025-10-23 06:44:20] Imported from JSONL
[2025-10-23 06:44:20] Sync cycle complete
[2025-10-23 06:49:20] Starting sync cycle...
[2025-10-23 06:49:20] Exported to JSONL
[2025-10-23 06:49:20] Pulled from remote
[2025-10-23 06:49:20] Imported from JSONL
[2025-10-23 06:49:20] Sync cycle complete
[2025-10-23 06:54:20] Starting sync cycle...
[2025-10-23 06:54:20] Exported to JSONL
[2025-10-23 06:54:20] Pulled from remote
[2025-10-23 06:54:20] Imported from JSONL
[2025-10-23 06:54:20] Sync cycle complete
[2025-10-23 06:59:20] Starting sync cycle...
[2025-10-23 06:59:20] Exported to JSONL
[2025-10-23 06:59:20] Pulled from remote
[2025-10-23 06:59:20] Imported from JSONL
[2025-10-23 06:59:20] Sync cycle complete
[2025-10-23 07:04:20] Starting sync cycle...
[2025-10-23 07:04:20] Exported to JSONL
[2025-10-23 07:04:20] Pulled from remote
[2025-10-23 07:04:20] Imported from JSONL
[2025-10-23 07:04:20] Sync cycle complete
[2025-10-23 07:09:20] Starting sync cycle...
[2025-10-23 07:09:20] Exported to JSONL
[2025-10-23 07:09:20] Pulled from remote
[2025-10-23 07:09:20] Imported from JSONL
[2025-10-23 07:09:20] Sync cycle complete
[2025-10-23 07:14:20] Starting sync cycle...
[2025-10-23 07:14:20] Exported to JSONL
[2025-10-23 07:14:20] Pulled from remote
[2025-10-23 07:14:20] Imported from JSONL
[2025-10-23 07:14:20] Sync cycle complete
[2025-10-23 07:19:20] Starting sync cycle...
[2025-10-23 07:19:20] Exported to JSONL
[2025-10-23 07:19:20] Pulled from remote
[2025-10-23 07:19:20] Imported from JSONL
[2025-10-23 07:19:20] Sync cycle complete
[2025-10-23 07:24:20] Starting sync cycle...
[2025-10-23 07:24:20] Exported to JSONL
[2025-10-23 07:24:20] Pulled from remote
[2025-10-23 07:24:20] Imported from JSONL
[2025-10-23 07:24:20] Sync cycle complete
[2025-10-23 07:29:20] Starting sync cycle...
[2025-10-23 07:29:20] Exported to JSONL
[2025-10-23 07:29:20] Pulled from remote
[2025-10-23 07:29:20] Imported from JSONL
[2025-10-23 07:29:20] Sync cycle complete
[2025-10-23 07:34:20] Starting sync cycle...
[2025-10-23 07:34:20] Exported to JSONL
[2025-10-23 07:34:20] Pulled from remote
[2025-10-23 07:34:20] Imported from JSONL
[2025-10-23 07:34:20] Sync cycle complete
[2025-10-23 07:39:20] Starting sync cycle...
[2025-10-23 07:39:20] Exported to JSONL
[2025-10-23 07:39:20] Pulled from remote
[2025-10-23 07:39:20] Imported from JSONL
[2025-10-23 07:39:20] Sync cycle complete
[2025-10-23 07:44:20] Starting sync cycle...
[2025-10-23 07:44:20] Exported to JSONL
[2025-10-23 07:44:20] Pulled from remote
[2025-10-23 07:44:20] Imported from JSONL
[2025-10-23 07:44:20] Sync cycle complete
[2025-10-23 07:49:20] Starting sync cycle...
[2025-10-23 07:49:20] Exported to JSONL
[2025-10-23 07:49:20] Pulled from remote
[2025-10-23 07:49:20] Imported from JSONL
[2025-10-23 07:49:20] Sync cycle complete
[2025-10-23 07:54:20] Starting sync cycle...
[2025-10-23 07:54:20] Exported to JSONL
[2025-10-23 07:54:20] Pulled from remote
[2025-10-23 07:54:20] Imported from JSONL
[2025-10-23 07:54:20] Sync cycle complete
[2025-10-23 07:59:20] Starting sync cycle...
[2025-10-23 07:59:20] Exported to JSONL
[2025-10-23 07:59:20] Pulled from remote
[2025-10-23 07:59:20] Imported from JSONL
[2025-10-23 07:59:20] Sync cycle complete
[2025-10-23 08:04:20] Starting sync cycle...
[2025-10-23 08:04:20] Exported to JSONL
[2025-10-23 08:04:20] Pulled from remote
[2025-10-23 08:04:20] Imported from JSONL
[2025-10-23 08:04:20] Sync cycle complete
[2025-10-23 08:09:20] Starting sync cycle...
[2025-10-23 08:09:20] Exported to JSONL
[2025-10-23 08:09:20] Pulled from remote
[2025-10-23 08:09:20] Imported from JSONL
[2025-10-23 08:09:20] Sync cycle complete
[2025-10-23 08:14:20] Starting sync cycle...
[2025-10-23 08:14:20] Exported to JSONL
[2025-10-23 08:14:20] Pulled from remote
[2025-10-23 08:14:20] Imported from JSONL
[2025-10-23 08:14:20] Sync cycle complete
[2025-10-23 08:19:20] Starting sync cycle...
[2025-10-23 08:19:20] Exported to JSONL
[2025-10-23 08:19:20] Pulled from remote
[2025-10-23 08:19:20] Imported from JSONL
[2025-10-23 08:19:20] Sync cycle complete
[2025-10-23 08:24:20] Starting sync cycle...
[2025-10-23 08:24:20] Exported to JSONL
[2025-10-23 08:24:20] Pulled from remote
[2025-10-23 08:24:20] Imported from JSONL
[2025-10-23 08:24:20] Sync cycle complete
[2025-10-23 08:29:20] Starting sync cycle...
[2025-10-23 08:29:20] Exported to JSONL
[2025-10-23 08:29:21] Pulled from remote
[2025-10-23 08:29:21] Imported from JSONL
[2025-10-23 08:29:21] Sync cycle complete
[2025-10-23 08:34:20] Starting sync cycle...
[2025-10-23 08:34:20] Exported to JSONL
[2025-10-23 08:34:20] Pulled from remote
[2025-10-23 08:34:20] Imported from JSONL
[2025-10-23 08:34:20] Sync cycle complete
[2025-10-23 08:39:20] Starting sync cycle...
[2025-10-23 08:39:20] Exported to JSONL
[2025-10-23 08:39:20] Pulled from remote
[2025-10-23 08:39:20] Imported from JSONL
[2025-10-23 08:39:20] Sync cycle complete
[2025-10-23 08:44:20] Starting sync cycle...
[2025-10-23 08:44:20] Exported to JSONL
[2025-10-23 08:44:21] Pulled from remote
[2025-10-23 08:44:21] Imported from JSONL
[2025-10-23 08:44:21] Sync cycle complete
[2025-10-23 08:49:20] Starting sync cycle...
[2025-10-23 08:49:20] Exported to JSONL
[2025-10-23 08:49:20] Pulled from remote
[2025-10-23 08:49:20] Imported from JSONL
[2025-10-23 08:49:20] Sync cycle complete
[2025-10-23 08:54:20] Starting sync cycle...
[2025-10-23 08:54:20] Exported to JSONL
[2025-10-23 08:54:20] Pulled from remote
[2025-10-23 08:54:20] Imported from JSONL
[2025-10-23 08:54:20] Sync cycle complete
[2025-10-23 08:59:20] Starting sync cycle...
[2025-10-23 08:59:20] Exported to JSONL
[2025-10-23 08:59:21] Pulled from remote
[2025-10-23 08:59:21] Imported from JSONL
[2025-10-23 08:59:21] Sync cycle complete
[2025-10-23 09:04:20] Starting sync cycle...
[2025-10-23 09:04:20] Exported to JSONL
[2025-10-23 09:04:20] Pulled from remote
[2025-10-23 09:04:20] Imported from JSONL
[2025-10-23 09:04:20] Sync cycle complete
[2025-10-23 09:09:20] Starting sync cycle...
[2025-10-23 09:09:20] Exported to JSONL
[2025-10-23 09:09:21] Pulled from remote
[2025-10-23 09:09:21] Imported from JSONL
[2025-10-23 09:09:21] Sync cycle complete
[2025-10-23 09:14:20] Starting sync cycle...
[2025-10-23 09:14:20] Exported to JSONL
[2025-10-23 09:14:21] Pulled from remote
[2025-10-23 09:14:21] Imported from JSONL
[2025-10-23 09:14:21] Sync cycle complete
[2025-10-23 09:19:20] Starting sync cycle...
[2025-10-23 09:19:20] Exported to JSONL
[2025-10-23 09:19:20] Pulled from remote
[2025-10-23 09:19:20] Imported from JSONL
[2025-10-23 09:19:20] Sync cycle complete
[2025-10-23 09:24:20] Starting sync cycle...
[2025-10-23 09:24:20] Exported to JSONL
[2025-10-23 09:24:20] Pulled from remote
[2025-10-23 09:24:20] Imported from JSONL
[2025-10-23 09:24:20] Sync cycle complete
[2025-10-23 09:29:20] Starting sync cycle...
[2025-10-23 09:29:20] Exported to JSONL
[2025-10-23 09:29:20] Pulled from remote
[2025-10-23 09:29:20] Imported from JSONL
[2025-10-23 09:29:20] Sync cycle complete
[2025-10-23 09:34:20] Starting sync cycle...
[2025-10-23 09:34:20] Exported to JSONL
[2025-10-23 09:34:20] Pulled from remote
[2025-10-23 09:34:20] Imported from JSONL
[2025-10-23 09:34:20] Sync cycle complete
[2025-10-23 11:13:02] Starting sync cycle...
[2025-10-23 11:13:02] Exported to JSONL
[2025-10-23 11:13:02] Pulled from remote
[2025-10-23 11:13:02] Imported from JSONL
[2025-10-23 11:13:02] Sync cycle complete
[2025-10-23 11:18:02] Starting sync cycle...
[2025-10-23 11:18:02] Exported to JSONL
[2025-10-23 11:18:02] Pulled from remote
[2025-10-23 11:18:02] Imported from JSONL
[2025-10-23 11:18:02] Sync cycle complete
[2025-10-23 11:23:02] Starting sync cycle...
[2025-10-23 11:23:02] Exported to JSONL
[2025-10-23 11:23:02] Pulled from remote
[2025-10-23 11:23:02] Imported from JSONL
[2025-10-23 11:23:02] Sync cycle complete
[2025-10-23 11:28:02] Starting sync cycle...
[2025-10-23 11:28:02] Exported to JSONL
[2025-10-23 11:28:02] Pulled from remote
[2025-10-23 11:28:02] Imported from JSONL
[2025-10-23 11:28:02] Sync cycle complete
[2025-10-23 11:33:02] Starting sync cycle...
[2025-10-23 11:33:02] Exported to JSONL
[2025-10-23 11:33:02] Pulled from remote
[2025-10-23 11:33:02] Imported from JSONL
[2025-10-23 11:33:02] Sync cycle complete
[2025-10-23 11:38:02] Starting sync cycle...
[2025-10-23 11:38:02] Exported to JSONL
[2025-10-23 11:38:02] Pulled from remote
[2025-10-23 11:38:02] Imported from JSONL
[2025-10-23 11:38:02] Sync cycle complete
[2025-10-23 11:43:02] Starting sync cycle...
[2025-10-23 11:43:02] Exported to JSONL
[2025-10-23 11:43:02] Pulled from remote
[2025-10-23 11:43:02] Imported from JSONL
[2025-10-23 11:43:02] Sync cycle complete
[2025-10-23 11:48:02] Starting sync cycle...
[2025-10-23 11:48:02] Exported to JSONL
[2025-10-23 11:48:02] Pulled from remote
[2025-10-23 11:48:02] Imported from JSONL
[2025-10-23 11:48:02] Sync cycle complete
[2025-10-23 11:53:02] Starting sync cycle...
[2025-10-23 11:53:02] Exported to JSONL
[2025-10-23 11:53:02] Pulled from remote
[2025-10-23 11:53:02] Imported from JSONL
[2025-10-23 11:53:02] Sync cycle complete
[2025-10-23 11:58:02] Starting sync cycle...
[2025-10-23 11:58:02] Exported to JSONL
[2025-10-23 11:58:02] Pulled from remote
[2025-10-23 11:58:02] Imported from JSONL
[2025-10-23 11:58:02] Sync cycle complete
[2025-10-23 12:03:02] Starting sync cycle...
[2025-10-23 12:03:02] Exported to JSONL
[2025-10-23 12:03:02] Pulled from remote
[2025-10-23 12:03:02] Imported from JSONL
[2025-10-23 12:03:02] Sync cycle complete
[2025-10-23 12:08:02] Starting sync cycle...
[2025-10-23 12:08:02] Exported to JSONL
[2025-10-23 12:08:02] Pulled from remote
[2025-10-23 12:08:02] Imported from JSONL
[2025-10-23 12:08:02] Sync cycle complete
[2025-10-23 12:13:02] Starting sync cycle...
[2025-10-23 12:13:02] Exported to JSONL
[2025-10-23 12:13:02] Pulled from remote
[2025-10-23 12:13:02] Imported from JSONL
[2025-10-23 12:13:02] Sync cycle complete
[2025-10-23 12:18:02] Starting sync cycle...
[2025-10-23 12:18:02] Exported to JSONL
[2025-10-23 12:18:02] Pulled from remote
[2025-10-23 12:18:02] Imported from JSONL
[2025-10-23 12:18:02] Sync cycle complete
[2025-10-23 12:23:02] Starting sync cycle...
[2025-10-23 12:23:02] Exported to JSONL
[2025-10-23 12:23:02] Pulled from remote
[2025-10-23 12:23:02] Imported from JSONL
[2025-10-23 12:23:02] Sync cycle complete
[2025-10-23 12:28:02] Starting sync cycle...
[2025-10-23 12:28:02] Exported to JSONL
[2025-10-23 12:28:02] Pulled from remote
[2025-10-23 12:28:02] Imported from JSONL
[2025-10-23 12:28:02] Sync cycle complete
[2025-10-23 12:33:02] Starting sync cycle...
[2025-10-23 12:33:02] Exported to JSONL
[2025-10-23 12:33:02] Pulled from remote
[2025-10-23 12:33:02] Imported from JSONL
[2025-10-23 12:33:02] Sync cycle complete
[2025-10-23 12:38:02] Starting sync cycle...
[2025-10-23 12:38:02] Exported to JSONL
[2025-10-23 12:38:02] Pulled from remote
[2025-10-23 12:38:02] Imported from JSONL
[2025-10-23 12:38:02] Sync cycle complete
[2025-10-23 12:43:02] Starting sync cycle...
[2025-10-23 12:43:02] Exported to JSONL
[2025-10-23 12:43:02] Pulled from remote
[2025-10-23 12:43:02] Imported from JSONL
[2025-10-23 12:43:02] Sync cycle complete
[2025-10-23 12:48:02] Starting sync cycle...
[2025-10-23 12:48:02] Exported to JSONL
[2025-10-23 12:48:02] Pulled from remote
[2025-10-23 12:48:02] Imported from JSONL
[2025-10-23 12:48:02] Sync cycle complete
[2025-10-23 12:53:02] Starting sync cycle...
[2025-10-23 12:53:02] Exported to JSONL
[2025-10-23 12:53:02] Pulled from remote
[2025-10-23 12:53:02] Imported from JSONL
[2025-10-23 12:53:02] Sync cycle complete
[2025-10-23 12:58:02] Starting sync cycle...
[2025-10-23 12:58:02] Exported to JSONL
[2025-10-23 12:58:02] Pulled from remote
[2025-10-23 12:58:02] Imported from JSONL
[2025-10-23 12:58:02] Sync cycle complete
[2025-10-23 13:03:02] Starting sync cycle...
[2025-10-23 13:03:02] Exported to JSONL
[2025-10-23 13:03:02] Pulled from remote
[2025-10-23 13:03:02] Imported from JSONL
[2025-10-23 13:03:02] Sync cycle complete
[2025-10-23 13:08:02] Starting sync cycle...
[2025-10-23 13:08:02] Exported to JSONL
[2025-10-23 13:08:02] Pulled from remote
[2025-10-23 13:08:02] Imported from JSONL
[2025-10-23 13:08:02] Sync cycle complete
[2025-10-23 13:13:02] Starting sync cycle...
[2025-10-23 13:13:02] Exported to JSONL
[2025-10-23 13:13:02] Pulled from remote
[2025-10-23 13:13:02] Imported from JSONL
[2025-10-23 13:13:02] Sync cycle complete
[2025-10-23 13:18:02] Starting sync cycle...
[2025-10-23 13:18:02] Exported to JSONL
[2025-10-23 13:18:02] Pulled from remote
[2025-10-23 13:18:02] Imported from JSONL
[2025-10-23 13:18:02] Sync cycle complete
[2025-10-23 13:23:02] Starting sync cycle...
[2025-10-23 13:23:02] Exported to JSONL
[2025-10-23 13:23:02] Pulled from remote
[2025-10-23 13:23:02] Imported from JSONL
[2025-10-23 13:23:02] Sync cycle complete
[2025-10-23 13:28:02] Starting sync cycle...
[2025-10-23 13:28:02] Exported to JSONL
[2025-10-23 13:28:02] Pulled from remote
[2025-10-23 13:28:02] Imported from JSONL
[2025-10-23 13:28:02] Sync cycle complete
[2025-10-23 13:33:02] Starting sync cycle...
[2025-10-23 13:33:02] Exported to JSONL
[2025-10-23 13:33:02] Pulled from remote
[2025-10-23 13:33:02] Imported from JSONL
[2025-10-23 13:33:02] Sync cycle complete
[2025-10-23 13:38:02] Starting sync cycle...
[2025-10-23 13:38:02] Exported to JSONL
[2025-10-23 13:38:02] Pulled from remote
[2025-10-23 13:38:02] Imported from JSONL
[2025-10-23 13:38:02] Sync cycle complete
[2025-10-23 13:43:02] Starting sync cycle...
[2025-10-23 13:43:02] Exported to JSONL
[2025-10-23 13:43:02] Pulled from remote
[2025-10-23 13:43:02] Imported from JSONL
[2025-10-23 13:43:02] Sync cycle complete
[2025-10-23 13:48:02] Starting sync cycle...
[2025-10-23 13:48:02] Exported to JSONL
[2025-10-23 13:48:02] Pulled from remote
[2025-10-23 13:48:02] Imported from JSONL
[2025-10-23 13:48:02] Sync cycle complete
[2025-10-23 13:53:02] Starting sync cycle...
[2025-10-23 13:53:02] Exported to JSONL
[2025-10-23 13:53:02] Pulled from remote
[2025-10-23 13:53:02] Imported from JSONL
[2025-10-23 13:53:02] Sync cycle complete
[2025-10-23 13:58:02] Starting sync cycle...
[2025-10-23 13:58:02] Exported to JSONL
[2025-10-23 13:58:02] Pulled from remote
[2025-10-23 13:58:02] Imported from JSONL
[2025-10-23 13:58:02] Sync cycle complete
[2025-10-23 14:03:02] Starting sync cycle...
[2025-10-23 14:03:02] Exported to JSONL
[2025-10-23 14:03:02] Pulled from remote
[2025-10-23 14:03:02] Imported from JSONL
[2025-10-23 14:03:02] Sync cycle complete
[2025-10-23 14:08:02] Starting sync cycle...
[2025-10-23 14:08:02] Exported to JSONL
[2025-10-23 14:08:02] Pulled from remote
[2025-10-23 14:08:02] Imported from JSONL
[2025-10-23 14:08:02] Sync cycle complete
[2025-10-23 14:13:02] Starting sync cycle...
[2025-10-23 14:13:02] Exported to JSONL
[2025-10-23 14:13:02] Pulled from remote
[2025-10-23 14:13:02] Imported from JSONL
[2025-10-23 14:13:02] Sync cycle complete
[2025-10-23 14:18:02] Starting sync cycle...
[2025-10-23 14:18:02] Exported to JSONL
[2025-10-23 14:18:02] Pulled from remote
[2025-10-23 14:18:02] Imported from JSONL
[2025-10-23 14:18:02] Sync cycle complete
[2025-10-23 14:23:02] Starting sync cycle...
[2025-10-23 14:23:02] Exported to JSONL
[2025-10-23 14:23:02] Pulled from remote
[2025-10-23 14:23:02] Imported from JSONL
[2025-10-23 14:23:02] Sync cycle complete
[2025-10-23 14:28:02] Starting sync cycle...
[2025-10-23 14:28:02] Exported to JSONL
[2025-10-23 14:28:02] Pulled from remote
[2025-10-23 14:28:02] Imported from JSONL
[2025-10-23 14:28:02] Sync cycle complete
[2025-10-23 14:33:02] Starting sync cycle...
[2025-10-23 14:33:02] Exported to JSONL
[2025-10-23 14:33:02] Pulled from remote
[2025-10-23 14:33:02] Imported from JSONL
[2025-10-23 14:33:02] Sync cycle complete
[2025-10-23 14:38:02] Starting sync cycle...
[2025-10-23 14:38:02] Exported to JSONL
[2025-10-23 14:38:02] Pulled from remote
[2025-10-23 14:38:02] Imported from JSONL
[2025-10-23 14:38:02] Sync cycle complete
[2025-10-23 14:43:02] Starting sync cycle...
[2025-10-23 14:43:02] Exported to JSONL
[2025-10-23 14:43:02] Pulled from remote
[2025-10-23 14:43:02] Imported from JSONL
[2025-10-23 14:43:02] Sync cycle complete
[2025-10-23 14:48:02] Starting sync cycle...
[2025-10-23 14:48:02] Exported to JSONL
[2025-10-23 14:48:02] Pulled from remote
[2025-10-23 14:48:02] Imported from JSONL
[2025-10-23 14:48:02] Sync cycle complete
[2025-10-23 14:53:02] Starting sync cycle...
[2025-10-23 14:53:02] Exported to JSONL
[2025-10-23 14:53:02] Pulled from remote
[2025-10-23 14:53:02] Imported from JSONL
[2025-10-23 14:53:02] Sync cycle complete
[2025-10-23 14:58:02] Starting sync cycle...
[2025-10-23 14:58:02] Exported to JSONL
[2025-10-23 14:58:02] Pulled from remote
[2025-10-23 14:58:02] Imported from JSONL
[2025-10-23 14:58:02] Sync cycle complete
[2025-10-23 15:03:02] Starting sync cycle...
[2025-10-23 15:03:02] Exported to JSONL
[2025-10-23 15:03:02] Pulled from remote
[2025-10-23 15:03:02] Imported from JSONL
[2025-10-23 15:03:02] Sync cycle complete
[2025-10-23 15:08:02] Starting sync cycle...
[2025-10-23 15:08:02] Exported to JSONL
[2025-10-23 15:08:02] Pulled from remote
[2025-10-23 15:08:02] Imported from JSONL
[2025-10-23 15:08:02] Sync cycle complete
[2025-10-23 15:13:02] Starting sync cycle...
[2025-10-23 15:13:02] Exported to JSONL
[2025-10-23 15:13:02] Pulled from remote
[2025-10-23 15:13:02] Imported from JSONL
[2025-10-23 15:13:02] Sync cycle complete
[2025-10-23 15:18:02] Starting sync cycle...
[2025-10-23 15:18:02] Exported to JSONL
[2025-10-23 15:18:02] Pulled from remote
[2025-10-23 15:18:02] Imported from JSONL
[2025-10-23 15:18:02] Sync cycle complete
[2025-10-23 15:23:02] Starting sync cycle...
[2025-10-23 15:23:02] Exported to JSONL
[2025-10-23 15:23:02] Pulled from remote
[2025-10-23 15:23:02] Imported from JSONL
[2025-10-23 15:23:02] Sync cycle complete
[2025-10-23 15:28:02] Starting sync cycle...
[2025-10-23 15:28:02] Exported to JSONL
[2025-10-23 15:28:02] Pulled from remote
[2025-10-23 15:28:02] Imported from JSONL
[2025-10-23 15:28:02] Sync cycle complete
[2025-10-23 15:33:02] Starting sync cycle...
[2025-10-23 15:33:02] Exported to JSONL
[2025-10-23 15:33:02] Pulled from remote
[2025-10-23 15:33:02] Imported from JSONL
[2025-10-23 15:33:02] Sync cycle complete
[2025-10-23 15:38:02] Starting sync cycle...
[2025-10-23 15:38:02] Exported to JSONL
[2025-10-23 15:38:02] Pulled from remote
[2025-10-23 15:38:02] Imported from JSONL
[2025-10-23 15:38:02] Sync cycle complete
[2025-10-23 15:43:02] Starting sync cycle...
[2025-10-23 15:43:02] Exported to JSONL
[2025-10-23 15:43:02] Pulled from remote
[2025-10-23 15:43:02] Imported from JSONL
[2025-10-23 15:43:02] Sync cycle complete
[2025-10-23 15:48:02] Starting sync cycle...
[2025-10-23 15:48:02] Exported to JSONL
[2025-10-23 15:48:02] Pulled from remote
[2025-10-23 15:48:02] Imported from JSONL
[2025-10-23 15:48:02] Sync cycle complete
[2025-10-23 15:53:02] Starting sync cycle...
[2025-10-23 15:53:02] Exported to JSONL
[2025-10-23 15:53:02] Pulled from remote
[2025-10-23 15:53:02] Imported from JSONL
[2025-10-23 15:53:02] Sync cycle complete
[2025-10-23 15:58:02] Starting sync cycle...
[2025-10-23 15:58:02] Exported to JSONL
[2025-10-23 15:58:02] Pulled from remote
[2025-10-23 15:58:02] Imported from JSONL
[2025-10-23 15:58:02] Sync cycle complete
[2025-10-23 16:03:02] Starting sync cycle...
[2025-10-23 16:03:02] Exported to JSONL
[2025-10-23 16:03:02] Pulled from remote
[2025-10-23 16:03:02] Imported from JSONL
[2025-10-23 16:03:02] Sync cycle complete
[2025-10-23 16:08:02] Starting sync cycle...
[2025-10-23 16:08:02] Exported to JSONL
[2025-10-23 16:08:02] Pulled from remote
[2025-10-23 16:08:02] Imported from JSONL
[2025-10-23 16:08:02] Sync cycle complete
[2025-10-23 16:13:02] Starting sync cycle...
[2025-10-23 16:13:02] Exported to JSONL
[2025-10-23 16:13:02] Pulled from remote
[2025-10-23 16:13:02] Imported from JSONL
[2025-10-23 16:13:02] Sync cycle complete
[2025-10-23 16:18:02] Starting sync cycle...
[2025-10-23 16:18:02] Exported to JSONL
[2025-10-23 16:18:02] Pulled from remote
[2025-10-23 16:18:02] Imported from JSONL
[2025-10-23 16:18:02] Sync cycle complete
[2025-10-23 16:23:02] Starting sync cycle...
[2025-10-23 16:23:02] Exported to JSONL
[2025-10-23 16:23:02] Pulled from remote
[2025-10-23 16:23:02] Imported from JSONL
[2025-10-23 16:23:02] Sync cycle complete
[2025-10-23 16:28:02] Starting sync cycle...
[2025-10-23 16:28:02] Exported to JSONL
[2025-10-23 16:28:02] Pulled from remote
[2025-10-23 16:28:02] Imported from JSONL
[2025-10-23 16:28:02] Sync cycle complete
[2025-10-23 16:33:02] Starting sync cycle...
[2025-10-23 16:33:02] Exported to JSONL
[2025-10-23 16:33:02] Pulled from remote
[2025-10-23 16:33:02] Imported from JSONL
[2025-10-23 16:33:02] Sync cycle complete
[2025-10-23 16:38:02] Starting sync cycle...
[2025-10-23 16:38:02] Exported to JSONL
[2025-10-23 16:38:02] Pulled from remote
[2025-10-23 16:38:02] Imported from JSONL
[2025-10-23 16:38:02] Sync cycle complete
[2025-10-23 16:43:02] Starting sync cycle...
[2025-10-23 16:43:02] Exported to JSONL
[2025-10-23 16:43:02] Pulled from remote
[2025-10-23 16:43:02] Imported from JSONL
[2025-10-23 16:43:02] Sync cycle complete
[2025-10-23 16:48:02] Starting sync cycle...
[2025-10-23 16:48:02] Exported to JSONL
[2025-10-23 16:48:02] Pulled from remote
[2025-10-23 16:48:02] Imported from JSONL
[2025-10-23 16:48:02] Sync cycle complete
[2025-10-23 16:53:02] Starting sync cycle...
[2025-10-23 16:53:02] Exported to JSONL
[2025-10-23 16:53:02] Pulled from remote
[2025-10-23 16:53:02] Imported from JSONL
[2025-10-23 16:53:02] Sync cycle complete
[2025-10-23 16:58:02] Starting sync cycle...
[2025-10-23 16:58:02] Exported to JSONL
[2025-10-23 16:58:02] Pulled from remote
[2025-10-23 16:58:02] Imported from JSONL
[2025-10-23 16:58:02] Sync cycle complete
[2025-10-23 17:03:02] Starting sync cycle...
[2025-10-23 17:03:02] Exported to JSONL
[2025-10-23 17:03:02] Pulled from remote
[2025-10-23 17:03:02] Imported from JSONL
[2025-10-23 17:03:02] Sync cycle complete
[2025-10-23 17:08:02] Starting sync cycle...
[2025-10-23 17:08:02] Exported to JSONL
[2025-10-23 17:08:02] Pulled from remote
[2025-10-23 17:08:02] Imported from JSONL
[2025-10-23 17:08:02] Sync cycle complete
[2025-10-23 17:13:02] Starting sync cycle...
[2025-10-23 17:13:02] Exported to JSONL
[2025-10-23 17:13:02] Pulled from remote
[2025-10-23 17:13:02] Imported from JSONL
[2025-10-23 17:13:02] Sync cycle complete
[2025-10-23 17:18:02] Starting sync cycle...
[2025-10-23 17:18:02] Exported to JSONL
[2025-10-23 17:18:02] Pulled from remote
[2025-10-23 17:18:02] Imported from JSONL
[2025-10-23 17:18:02] Sync cycle complete
[2025-10-23 17:23:02] Starting sync cycle...
[2025-10-23 17:23:02] Exported to JSONL
[2025-10-23 17:23:02] Pulled from remote
[2025-10-23 17:23:02] Imported from JSONL
[2025-10-23 17:23:02] Sync cycle complete
[2025-10-23 17:28:02] Starting sync cycle...
[2025-10-23 17:28:02] Exported to JSONL
[2025-10-23 17:28:02] Pulled from remote
[2025-10-23 17:28:02] Imported from JSONL
[2025-10-23 17:28:02] Sync cycle complete
[2025-10-23 17:33:02] Starting sync cycle...
[2025-10-23 17:33:02] Exported to JSONL
[2025-10-23 17:33:02] Pulled from remote
[2025-10-23 17:33:02] Imported from JSONL
[2025-10-23 17:33:02] Sync cycle complete
[2025-10-23 17:38:02] Starting sync cycle...
[2025-10-23 17:38:02] Exported to JSONL
[2025-10-23 17:38:02] Pulled from remote
[2025-10-23 17:38:02] Imported from JSONL
[2025-10-23 17:38:02] Sync cycle complete
[2025-10-23 17:43:02] Starting sync cycle...
[2025-10-23 17:43:02] Exported to JSONL
[2025-10-23 17:43:02] Pulled from remote
[2025-10-23 17:43:02] Imported from JSONL
[2025-10-23 17:43:02] Sync cycle complete
[2025-10-23 17:48:02] Starting sync cycle...
[2025-10-23 17:48:02] Exported to JSONL
[2025-10-23 17:48:02] Pulled from remote
[2025-10-23 17:48:02] Imported from JSONL
[2025-10-23 17:48:02] Sync cycle complete
[2025-10-23 17:53:02] Starting sync cycle...
[2025-10-23 17:53:02] Exported to JSONL
[2025-10-23 17:53:02] Pulled from remote
[2025-10-23 17:53:02] Imported from JSONL
[2025-10-23 17:53:02] Sync cycle complete
[2025-10-23 17:58:02] Starting sync cycle...
[2025-10-23 17:58:02] Exported to JSONL
[2025-10-23 17:58:02] Pulled from remote
[2025-10-23 17:58:02] Imported from JSONL
[2025-10-23 17:58:02] Sync cycle complete
[2025-10-23 18:03:02] Starting sync cycle...
[2025-10-23 18:03:02] Exported to JSONL
[2025-10-23 18:03:02] Pulled from remote
[2025-10-23 18:03:02] Imported from JSONL
[2025-10-23 18:03:02] Sync cycle complete
[2025-10-23 18:08:02] Starting sync cycle...
[2025-10-23 18:08:02] Exported to JSONL
[2025-10-23 18:08:02] Pulled from remote
[2025-10-23 18:08:02] Imported from JSONL
[2025-10-23 18:08:02] Sync cycle complete
[2025-10-23 18:13:02] Starting sync cycle...
[2025-10-23 18:13:02] Exported to JSONL
[2025-10-23 18:13:02] Pulled from remote
[2025-10-23 18:13:02] Imported from JSONL
[2025-10-23 18:13:02] Sync cycle complete
[2025-10-23 18:18:02] Starting sync cycle...
[2025-10-23 18:18:02] Exported to JSONL
[2025-10-23 18:18:02] Pulled from remote
[2025-10-23 18:18:02] Imported from JSONL
[2025-10-23 18:18:02] Sync cycle complete
[2025-10-23 18:23:02] Starting sync cycle...
[2025-10-23 18:23:02] Exported to JSONL
[2025-10-23 18:23:02] Pulled from remote
[2025-10-23 18:23:02] Imported from JSONL
[2025-10-23 18:23:02] Sync cycle complete
[2025-10-23 18:28:02] Starting sync cycle...
[2025-10-23 18:28:02] Exported to JSONL
[2025-10-23 18:28:02] Pulled from remote
[2025-10-23 18:28:02] Imported from JSONL
[2025-10-23 18:28:02] Sync cycle complete
[2025-10-23 18:33:02] Starting sync cycle...
[2025-10-23 18:33:02] Exported to JSONL
[2025-10-23 18:33:02] Pulled from remote
[2025-10-23 18:33:02] Imported from JSONL
[2025-10-23 18:33:02] Sync cycle complete
[2025-10-23 18:38:02] Starting sync cycle...
[2025-10-23 18:38:02] Exported to JSONL
[2025-10-23 18:38:02] Pulled from remote
[2025-10-23 18:38:02] Imported from JSONL
[2025-10-23 18:38:02] Sync cycle complete
[2025-10-23 18:43:02] Starting sync cycle...
[2025-10-23 18:43:02] Exported to JSONL
[2025-10-23 18:43:02] Pulled from remote
[2025-10-23 18:43:02] Imported from JSONL
[2025-10-23 18:43:02] Sync cycle complete
[2025-10-23 18:48:02] Starting sync cycle...
[2025-10-23 18:48:02] Exported to JSONL
[2025-10-23 18:48:02] Pulled from remote
[2025-10-23 18:48:02] Imported from JSONL
[2025-10-23 18:48:02] Sync cycle complete
[2025-10-23 18:53:02] Starting sync cycle...
[2025-10-23 18:53:02] Exported to JSONL
[2025-10-23 18:53:02] Pulled from remote
[2025-10-23 18:53:02] Imported from JSONL
[2025-10-23 18:53:02] Sync cycle complete
[2025-10-23 18:58:02] Starting sync cycle...
[2025-10-23 18:58:02] Exported to JSONL
[2025-10-23 18:58:02] Pulled from remote
[2025-10-23 18:58:02] Imported from JSONL
[2025-10-23 18:58:02] Sync cycle complete
[2025-10-23 19:03:02] Starting sync cycle...
[2025-10-23 19:03:02] Exported to JSONL
[2025-10-23 19:03:02] Pulled from remote
[2025-10-23 19:03:02] Imported from JSONL
[2025-10-23 19:03:02] Sync cycle complete
[2025-10-23 19:08:02] Starting sync cycle...
[2025-10-23 19:08:02] Exported to JSONL
[2025-10-23 19:08:03] Pulled from remote
[2025-10-23 19:08:03] Imported from JSONL
[2025-10-23 19:08:03] Sync cycle complete
[2025-10-23 19:13:02] Starting sync cycle...
[2025-10-23 19:13:02] Exported to JSONL
[2025-10-23 19:13:02] Pulled from remote
[2025-10-23 19:13:02] Imported from JSONL
[2025-10-23 19:13:02] Sync cycle complete
[2025-10-23 19:18:02] Starting sync cycle...
[2025-10-23 19:18:02] Exported to JSONL
[2025-10-23 19:18:02] Pulled from remote
[2025-10-23 19:18:02] Imported from JSONL
[2025-10-23 19:18:02] Sync cycle complete
[2025-10-23 19:23:02] Starting sync cycle...
[2025-10-23 19:23:02] Exported to JSONL
[2025-10-23 19:23:02] Pulled from remote
[2025-10-23 19:23:02] Imported from JSONL
[2025-10-23 19:23:02] Sync cycle complete
[2025-10-23 19:28:02] Starting sync cycle...
[2025-10-23 19:28:02] Exported to JSONL
[2025-10-23 19:28:02] Pulled from remote
[2025-10-23 19:28:02] Imported from JSONL
[2025-10-23 19:28:02] Sync cycle complete
[2025-10-23 19:33:02] Starting sync cycle...
[2025-10-23 19:33:02] Exported to JSONL
[2025-10-23 19:33:02] Pulled from remote
[2025-10-23 19:33:02] Imported from JSONL
[2025-10-23 19:33:02] Sync cycle complete
[2025-10-23 19:38:02] Starting sync cycle...
[2025-10-23 19:38:02] Exported to JSONL
[2025-10-23 19:38:02] Pulled from remote
[2025-10-23 19:38:02] Imported from JSONL
[2025-10-23 19:38:02] Sync cycle complete
[2025-10-23 19:43:02] Starting sync cycle...
[2025-10-23 19:43:02] Exported to JSONL
[2025-10-23 19:43:02] Pulled from remote
[2025-10-23 19:43:02] Imported from JSONL
[2025-10-23 19:43:02] Sync cycle complete
[2025-10-23 19:48:02] Starting sync cycle...
[2025-10-23 19:48:02] Exported to JSONL
[2025-10-23 19:48:02] Pulled from remote
[2025-10-23 19:48:02] Imported from JSONL
[2025-10-23 19:48:02] Sync cycle complete
[2025-10-23 19:53:02] Starting sync cycle...
[2025-10-23 19:53:02] Exported to JSONL
[2025-10-23 19:53:02] Pulled from remote
[2025-10-23 19:53:02] Imported from JSONL
[2025-10-23 19:53:02] Sync cycle complete
[2025-10-23 19:58:02] Starting sync cycle...
[2025-10-23 19:58:02] Exported to JSONL
[2025-10-23 19:58:02] Pulled from remote
[2025-10-23 19:58:02] Imported from JSONL
[2025-10-23 19:58:02] Sync cycle complete
[2025-10-23 20:03:02] Starting sync cycle...
[2025-10-23 20:03:02] Exported to JSONL
[2025-10-23 20:03:02] Pulled from remote
[2025-10-23 20:03:02] Imported from JSONL
[2025-10-23 20:03:02] Sync cycle complete
[2025-10-23 20:08:02] Starting sync cycle...
[2025-10-23 20:08:02] Exported to JSONL
[2025-10-23 20:08:02] Pulled from remote
[2025-10-23 20:08:02] Imported from JSONL
[2025-10-23 20:08:02] Sync cycle complete
[2025-10-23 20:13:02] Starting sync cycle...
[2025-10-23 20:13:02] Exported to JSONL
[2025-10-23 20:13:02] Pulled from remote
[2025-10-23 20:13:02] Imported from JSONL
[2025-10-23 20:13:02] Sync cycle complete
[2025-10-23 20:18:02] Starting sync cycle...
[2025-10-23 20:18:02] Exported to JSONL
[2025-10-23 20:18:02] Pulled from remote
[2025-10-23 20:18:02] Imported from JSONL
[2025-10-23 20:18:02] Sync cycle complete
[2025-10-23 20:23:02] Starting sync cycle...
[2025-10-23 20:23:02] Exported to JSONL
[2025-10-23 20:23:02] Pulled from remote
[2025-10-23 20:23:02] Imported from JSONL
[2025-10-23 20:23:02] Sync cycle complete
[2025-10-23 20:28:02] Starting sync cycle...
[2025-10-23 20:28:02] Exported to JSONL
[2025-10-23 20:28:02] Pulled from remote
[2025-10-23 20:28:02] Imported from JSONL
[2025-10-23 20:28:02] Sync cycle complete
[2025-10-23 20:33:02] Starting sync cycle...
[2025-10-23 20:33:02] Exported to JSONL
[2025-10-23 20:33:02] Pulled from remote
[2025-10-23 20:33:02] Imported from JSONL
[2025-10-23 20:33:02] Sync cycle complete
[2025-10-23 20:38:02] Starting sync cycle...
[2025-10-23 20:38:02] Exported to JSONL
[2025-10-23 20:38:02] Pulled from remote
[2025-10-23 20:38:02] Imported from JSONL
[2025-10-23 20:38:02] Sync cycle complete
[2025-10-23 20:43:02] Starting sync cycle...
[2025-10-23 20:43:02] Exported to JSONL
[2025-10-23 20:43:02] Pulled from remote
[2025-10-23 20:43:02] Imported from JSONL
[2025-10-23 20:43:02] Sync cycle complete
[2025-10-23 20:48:02] Starting sync cycle...
[2025-10-23 20:48:02] Exported to JSONL
[2025-10-23 20:48:02] Pulled from remote
[2025-10-23 20:48:02] Imported from JSONL
[2025-10-23 20:48:02] Sync cycle complete
[2025-10-23 20:53:02] Starting sync cycle...
[2025-10-23 20:53:02] Exported to JSONL
[2025-10-23 20:53:02] Pulled from remote
[2025-10-23 20:53:02] Imported from JSONL
[2025-10-23 20:53:02] Sync cycle complete
[2025-10-23 20:58:02] Starting sync cycle...
[2025-10-23 20:58:02] Exported to JSONL
[2025-10-23 20:58:02] Pulled from remote
[2025-10-23 20:58:02] Imported from JSONL
[2025-10-23 20:58:02] Sync cycle complete
[2025-10-23 21:03:02] Starting sync cycle...
[2025-10-23 21:03:02] Exported to JSONL
[2025-10-23 21:03:02] Pulled from remote
[2025-10-23 21:03:02] Imported from JSONL
[2025-10-23 21:03:02] Sync cycle complete
[2025-10-23 21:08:02] Starting sync cycle...
[2025-10-23 21:08:02] Exported to JSONL
[2025-10-23 21:08:02] Pulled from remote
[2025-10-23 21:08:02] Imported from JSONL
[2025-10-23 21:08:02] Sync cycle complete
[2025-10-23 21:13:02] Starting sync cycle...
[2025-10-23 21:13:02] Exported to JSONL
[2025-10-23 21:13:02] Pulled from remote
[2025-10-23 21:13:02] Imported from JSONL
[2025-10-23 21:13:02] Sync cycle complete
[2025-10-23 21:18:02] Starting sync cycle...
[2025-10-23 21:18:02] Exported to JSONL
[2025-10-23 21:18:10] Pulled from remote
[2025-10-23 21:18:10] Imported from JSONL
[2025-10-23 21:18:10] Sync cycle complete
[2025-10-23 21:23:02] Starting sync cycle...
[2025-10-23 21:23:02] Exported to JSONL
[2025-10-23 21:23:02] Pulled from remote
[2025-10-23 21:23:02] Imported from JSONL
[2025-10-23 21:23:02] Sync cycle complete
[2025-10-23 21:28:02] Starting sync cycle...
[2025-10-23 21:28:02] Exported to JSONL
[2025-10-23 21:28:02] Pulled from remote
[2025-10-23 21:28:02] Imported from JSONL
[2025-10-23 21:28:02] Sync cycle complete
[2025-10-23 21:33:02] Starting sync cycle...
[2025-10-23 21:33:02] Exported to JSONL
[2025-10-23 21:33:02] Pulled from remote
[2025-10-23 21:33:02] Imported from JSONL
[2025-10-23 21:33:02] Sync cycle complete
[2025-10-23 21:38:02] Starting sync cycle...
[2025-10-23 21:38:02] Exported to JSONL
[2025-10-23 21:38:02] Pulled from remote
[2025-10-23 21:38:02] Imported from JSONL
[2025-10-23 21:38:02] Sync cycle complete
[2025-10-23 21:43:02] Starting sync cycle...
[2025-10-23 21:43:02] Exported to JSONL
[2025-10-23 21:43:02] Pulled from remote
[2025-10-23 21:43:02] Imported from JSONL
[2025-10-23 21:43:02] Sync cycle complete
[2025-10-23 21:48:02] Starting sync cycle...
[2025-10-23 21:48:02] Exported to JSONL
[2025-10-23 21:48:02] Pulled from remote
[2025-10-23 21:48:02] Imported from JSONL
[2025-10-23 21:48:02] Sync cycle complete
[2025-10-23 21:53:02] Starting sync cycle...
[2025-10-23 21:53:02] Exported to JSONL
[2025-10-23 21:53:02] Pulled from remote
[2025-10-23 21:53:02] Imported from JSONL
[2025-10-23 21:53:02] Sync cycle complete
[2025-10-23 21:58:02] Starting sync cycle...
[2025-10-23 21:58:02] Exported to JSONL
[2025-10-23 21:58:02] Pulled from remote
[2025-10-23 21:58:02] Imported from JSONL
[2025-10-23 21:58:02] Sync cycle complete
[2025-10-23 22:03:02] Starting sync cycle...
[2025-10-23 22:03:02] Exported to JSONL
[2025-10-23 22:03:02] Pulled from remote
[2025-10-23 22:03:02] Imported from JSONL
[2025-10-23 22:03:02] Sync cycle complete
[2025-10-23 22:08:02] Starting sync cycle...
[2025-10-23 22:08:02] Exported to JSONL
[2025-10-23 22:08:02] Pulled from remote
[2025-10-23 22:08:02] Imported from JSONL
[2025-10-23 22:08:02] Sync cycle complete
[2025-10-23 22:13:02] Starting sync cycle...
[2025-10-23 22:13:02] Exported to JSONL
[2025-10-23 22:13:02] Pulled from remote
[2025-10-23 22:13:02] Imported from JSONL
[2025-10-23 22:13:02] Sync cycle complete
[2025-10-23 22:18:02] Starting sync cycle...
[2025-10-23 22:18:02] Exported to JSONL
[2025-10-23 22:18:02] Pulled from remote
[2025-10-23 22:18:02] Imported from JSONL
[2025-10-23 22:18:02] Sync cycle complete
[2025-10-23 22:23:02] Starting sync cycle...
[2025-10-23 22:23:02] Exported to JSONL
[2025-10-23 22:23:02] Pulled from remote
[2025-10-23 22:23:02] Imported from JSONL
[2025-10-23 22:23:02] Sync cycle complete
[2025-10-23 22:28:02] Starting sync cycle...
[2025-10-23 22:28:02] Exported to JSONL
[2025-10-23 22:28:02] Pulled from remote
[2025-10-23 22:28:02] Imported from JSONL
[2025-10-23 22:28:02] Sync cycle complete
[2025-10-23 22:33:02] Starting sync cycle...
[2025-10-23 22:33:02] Exported to JSONL
[2025-10-23 22:33:02] Pulled from remote
[2025-10-23 22:33:02] Imported from JSONL
[2025-10-23 22:33:02] Sync cycle complete
[2025-10-23 22:38:02] Starting sync cycle...
[2025-10-23 22:38:02] Exported to JSONL
[2025-10-23 22:38:02] Pulled from remote
[2025-10-23 22:38:02] Imported from JSONL
[2025-10-23 22:38:02] Sync cycle complete
[2025-10-23 22:43:02] Starting sync cycle...
[2025-10-23 22:43:02] Exported to JSONL
[2025-10-23 22:43:02] Pulled from remote
[2025-10-23 22:43:02] Imported from JSONL
[2025-10-23 22:43:02] Sync cycle complete
[2025-10-23 22:48:02] Starting sync cycle...
[2025-10-23 22:48:02] Exported to JSONL
[2025-10-23 22:48:02] Pulled from remote
[2025-10-23 22:48:02] Imported from JSONL
[2025-10-23 22:48:02] Sync cycle complete
[2025-10-23 22:53:02] Starting sync cycle...
[2025-10-23 22:53:02] Exported to JSONL
[2025-10-23 22:53:02] Pulled from remote
[2025-10-23 22:53:02] Imported from JSONL
[2025-10-23 22:53:02] Sync cycle complete
[2025-10-23 22:58:02] Starting sync cycle...
[2025-10-23 22:58:02] Exported to JSONL
[2025-10-23 22:58:02] Pulled from remote
[2025-10-23 22:58:02] Imported from JSONL
[2025-10-23 22:58:02] Sync cycle complete
[2025-10-23 23:03:02] Starting sync cycle...
[2025-10-23 23:03:02] Exported to JSONL
[2025-10-23 23:03:02] Pulled from remote
[2025-10-23 23:03:02] Imported from JSONL
[2025-10-23 23:03:02] Sync cycle complete
[2025-10-23 23:08:02] Starting sync cycle...
[2025-10-23 23:08:02] Exported to JSONL
[2025-10-23 23:08:02] Pulled from remote
[2025-10-23 23:08:02] Imported from JSONL
[2025-10-23 23:08:02] Sync cycle complete
[2025-10-23 23:13:02] Starting sync cycle...
[2025-10-23 23:13:02] Exported to JSONL
[2025-10-23 23:13:02] Pulled from remote
[2025-10-23 23:13:02] Imported from JSONL
[2025-10-23 23:13:02] Sync cycle complete
[2025-10-23 23:18:02] Starting sync cycle...
[2025-10-23 23:18:02] Exported to JSONL
[2025-10-23 23:18:02] Pulled from remote
[2025-10-23 23:18:02] Imported from JSONL
[2025-10-23 23:18:02] Sync cycle complete
[2025-10-23 23:23:02] Starting sync cycle...
[2025-10-23 23:23:02] Exported to JSONL
[2025-10-23 23:23:02] Pulled from remote
[2025-10-23 23:23:02] Imported from JSONL
[2025-10-23 23:23:02] Sync cycle complete
[2025-10-23 23:28:02] Starting sync cycle...
[2025-10-23 23:28:02] Exported to JSONL
[2025-10-23 23:28:02] Pulled from remote
[2025-10-23 23:28:02] Imported from JSONL
[2025-10-23 23:28:02] Sync cycle complete
[2025-10-23 23:33:02] Starting sync cycle...
[2025-10-23 23:33:02] Exported to JSONL
[2025-10-23 23:33:02] Pulled from remote
[2025-10-23 23:33:02] Imported from JSONL
[2025-10-23 23:33:02] Sync cycle complete
[2025-10-23 23:38:02] Starting sync cycle...
[2025-10-23 23:38:02] Exported to JSONL
[2025-10-23 23:38:02] Pulled from remote
[2025-10-23 23:38:02] Imported from JSONL
[2025-10-23 23:38:02] Sync cycle complete
[2025-10-23 23:43:02] Starting sync cycle...
[2025-10-23 23:43:02] Exported to JSONL
[2025-10-23 23:43:02] Pulled from remote
[2025-10-23 23:43:02] Imported from JSONL
[2025-10-23 23:43:02] Sync cycle complete
[2025-10-24 18:43:16] Starting sync cycle...
[2025-10-24 18:43:16] Exported to JSONL
[2025-10-24 18:43:16] Pulled from remote
[2025-10-24 18:43:16] Imported from JSONL
[2025-10-24 18:43:16] Sync cycle complete
[2025-10-24 18:48:16] Starting sync cycle...
[2025-10-24 18:48:16] Exported to JSONL
[2025-10-24 18:48:16] Pulled from remote
[2025-10-24 18:48:16] Imported from JSONL
[2025-10-24 18:48:16] Sync cycle complete
[2025-10-24 18:53:16] Starting sync cycle...
[2025-10-24 18:53:16] Exported to JSONL
[2025-10-24 18:53:16] Pulled from remote
[2025-10-24 18:53:16] Imported from JSONL
[2025-10-24 18:53:16] Sync cycle complete
[2025-10-24 18:58:16] Starting sync cycle...
[2025-10-24 18:58:16] Exported to JSONL
[2025-10-24 18:58:16] Pulled from remote
[2025-10-24 18:58:16] Imported from JSONL
[2025-10-24 18:58:16] Sync cycle complete
[2025-10-24 19:03:16] Starting sync cycle...
[2025-10-24 19:03:16] Exported to JSONL
[2025-10-24 19:03:16] Pulled from remote
[2025-10-24 19:03:16] Imported from JSONL
[2025-10-24 19:03:16] Sync cycle complete
[2025-10-24 19:08:16] Starting sync cycle...
[2025-10-24 19:08:16] Exported to JSONL
[2025-10-24 19:08:16] Pulled from remote
[2025-10-24 19:08:16] Imported from JSONL
[2025-10-24 19:08:16] Sync cycle complete
[2025-10-24 19:13:16] Starting sync cycle...
[2025-10-24 19:13:16] Exported to JSONL
[2025-10-24 19:13:16] Pulled from remote
[2025-10-24 19:13:16] Imported from JSONL
[2025-10-24 19:13:16] Sync cycle complete
[2025-10-24 19:18:16] Starting sync cycle...
[2025-10-24 19:18:16] Exported to JSONL
[2025-10-24 19:18:16] Pulled from remote
[2025-10-24 19:18:16] Imported from JSONL
[2025-10-24 19:18:16] Sync cycle complete
[2025-10-24 19:23:16] Starting sync cycle...
[2025-10-24 19:23:16] Exported to JSONL
[2025-10-24 19:23:16] Pulled from remote
[2025-10-24 19:23:16] Imported from JSONL
[2025-10-24 19:23:16] Sync cycle complete
[2025-10-24 19:28:16] Starting sync cycle...
[2025-10-24 19:28:16] Exported to JSONL
[2025-10-24 19:28:16] Pulled from remote
[2025-10-24 19:28:16] Imported from JSONL
[2025-10-24 19:28:16] Sync cycle complete
[2025-10-24 19:33:16] Starting sync cycle...
[2025-10-24 19:33:16] Exported to JSONL
[2025-10-24 19:33:16] Pulled from remote
[2025-10-24 19:33:16] Imported from JSONL
[2025-10-24 19:33:16] Sync cycle complete
[2025-10-24 19:38:16] Starting sync cycle...
[2025-10-24 19:38:16] Exported to JSONL
[2025-10-24 19:38:16] Pulled from remote
[2025-10-24 19:38:16] Imported from JSONL
[2025-10-24 19:38:16] Sync cycle complete
[2025-10-24 19:43:16] Starting sync cycle...
[2025-10-24 19:43:16] Exported to JSONL
[2025-10-24 19:43:16] Pulled from remote
[2025-10-24 19:43:16] Imported from JSONL
[2025-10-24 19:43:16] Sync cycle complete
[2025-10-24 19:48:16] Starting sync cycle...
[2025-10-24 19:48:16] Exported to JSONL
[2025-10-24 19:48:16] Pulled from remote
[2025-10-24 19:48:16] Imported from JSONL
[2025-10-24 19:48:16] Sync cycle complete
[2025-10-24 19:53:16] Starting sync cycle...
[2025-10-24 19:53:16] Exported to JSONL
[2025-10-24 19:53:16] Pulled from remote
[2025-10-24 19:53:16] Imported from JSONL
[2025-10-24 19:53:16] Sync cycle complete
[2025-10-24 19:58:16] Starting sync cycle...
[2025-10-24 19:58:16] Exported to JSONL
[2025-10-24 19:58:16] Pulled from remote
[2025-10-24 19:58:16] Imported from JSONL
[2025-10-24 19:58:16] Sync cycle complete
[2025-10-24 20:03:16] Starting sync cycle...
[2025-10-24 20:03:16] Exported to JSONL
[2025-10-24 20:03:16] Pulled from remote
[2025-10-24 20:03:16] Imported from JSONL
[2025-10-24 20:03:16] Sync cycle complete
[2025-10-24 20:08:16] Starting sync cycle...
[2025-10-24 20:08:16] Exported to JSONL
[2025-10-24 20:08:16] Pulled from remote
[2025-10-24 20:08:16] Imported from JSONL
[2025-10-24 20:08:16] Sync cycle complete
[2025-10-24 20:13:16] Starting sync cycle...
[2025-10-24 20:13:16] Exported to JSONL
[2025-10-24 20:13:16] Pulled from remote
[2025-10-24 20:13:16] Imported from JSONL
[2025-10-24 20:13:16] Sync cycle complete
[2025-10-24 20:18:16] Starting sync cycle...
[2025-10-24 20:18:16] Exported to JSONL
[2025-10-24 20:18:16] Pulled from remote
[2025-10-24 20:18:16] Imported from JSONL
[2025-10-24 20:18:16] Sync cycle complete
[2025-10-24 20:23:16] Starting sync cycle...
[2025-10-24 20:23:16] Exported to JSONL
[2025-10-24 20:23:16] Pulled from remote
[2025-10-24 20:23:16] Imported from JSONL
[2025-10-24 20:23:16] Sync cycle complete
[2025-10-24 20:28:16] Starting sync cycle...
[2025-10-24 20:28:16] Exported to JSONL
[2025-10-24 20:28:16] Pulled from remote
[2025-10-24 20:28:16] Imported from JSONL
[2025-10-24 20:28:16] Sync cycle complete
[2025-10-24 20:33:16] Starting sync cycle...
[2025-10-24 20:33:16] Exported to JSONL
[2025-10-24 20:33:16] Pulled from remote
[2025-10-24 20:33:16] Imported from JSONL
[2025-10-24 20:33:16] Sync cycle complete
[2025-10-24 20:38:16] Starting sync cycle...
[2025-10-24 20:38:16] Exported to JSONL
[2025-10-24 20:38:16] Pulled from remote
[2025-10-24 20:38:16] Imported from JSONL
[2025-10-24 20:38:16] Sync cycle complete
[2025-10-24 20:43:16] Starting sync cycle...
[2025-10-24 20:43:16] Exported to JSONL
[2025-10-24 20:43:16] Pulled from remote
[2025-10-24 20:43:16] Imported from JSONL
[2025-10-24 20:43:16] Sync cycle complete
[2025-10-24 20:48:16] Starting sync cycle...
[2025-10-24 20:48:16] Exported to JSONL
[2025-10-24 20:48:16] Pulled from remote
[2025-10-24 20:48:16] Imported from JSONL
[2025-10-24 20:48:16] Sync cycle complete
[2025-10-24 20:53:16] Starting sync cycle...
[2025-10-24 20:53:16] Exported to JSONL
[2025-10-24 20:53:16] Pulled from remote
[2025-10-24 20:53:16] Imported from JSONL
[2025-10-24 20:53:16] Sync cycle complete
[2025-10-24 20:58:16] Starting sync cycle...
[2025-10-24 20:58:16] Exported to JSONL
[2025-10-24 20:58:16] Pulled from remote
[2025-10-24 20:58:16] Imported from JSONL
[2025-10-24 20:58:16] Sync cycle complete
[2025-10-24 21:03:16] Starting sync cycle...
[2025-10-24 21:03:16] Exported to JSONL
[2025-10-24 21:03:16] Pulled from remote
[2025-10-24 21:03:16] Imported from JSONL
[2025-10-24 21:03:16] Sync cycle complete
[2025-10-24 21:08:16] Starting sync cycle...
[2025-10-24 21:08:16] Exported to JSONL
[2025-10-24 21:08:16] Pulled from remote
[2025-10-24 21:08:16] Imported from JSONL
[2025-10-24 21:08:16] Sync cycle complete
[2025-10-24 21:13:16] Starting sync cycle...
[2025-10-24 21:13:16] Exported to JSONL
[2025-10-24 21:13:16] Pulled from remote
[2025-10-24 21:13:16] Imported from JSONL
[2025-10-24 21:13:16] Sync cycle complete
[2025-10-24 21:18:16] Starting sync cycle...
[2025-10-24 21:18:16] Exported to JSONL
[2025-10-24 21:18:16] Pulled from remote
[2025-10-24 21:18:16] Imported from JSONL
[2025-10-24 21:18:16] Sync cycle complete
[2025-10-24 21:23:16] Starting sync cycle...
[2025-10-24 21:23:16] Exported to JSONL
[2025-10-24 21:23:16] Pulled from remote
[2025-10-24 21:23:16] Imported from JSONL
[2025-10-24 21:23:16] Sync cycle complete
[2025-10-24 21:28:16] Starting sync cycle...
[2025-10-24 21:28:16] Exported to JSONL
[2025-10-24 21:28:16] Pulled from remote
[2025-10-24 21:28:16] Imported from JSONL
[2025-10-24 21:28:16] Sync cycle complete
[2025-10-24 21:33:16] Starting sync cycle...
[2025-10-24 21:33:16] Exported to JSONL
[2025-10-24 21:33:16] Pulled from remote
[2025-10-24 21:33:16] Imported from JSONL
[2025-10-24 21:33:16] Sync cycle complete
[2025-10-24 21:38:16] Starting sync cycle...
[2025-10-24 21:38:16] Exported to JSONL
[2025-10-24 21:38:16] Pulled from remote
[2025-10-24 21:38:16] Imported from JSONL
[2025-10-24 21:38:16] Sync cycle complete
[2025-10-24 21:43:16] Starting sync cycle...
[2025-10-24 21:43:16] Exported to JSONL
[2025-10-24 21:43:16] Pulled from remote
[2025-10-24 21:43:16] Imported from JSONL
[2025-10-24 21:43:16] Sync cycle complete
[2025-10-24 21:48:16] Starting sync cycle...
[2025-10-24 21:48:16] Exported to JSONL
[2025-10-24 21:48:16] Pulled from remote
[2025-10-24 21:48:16] Imported from JSONL
[2025-10-24 21:48:16] Sync cycle complete
[2025-10-24 21:53:16] Starting sync cycle...
[2025-10-24 21:53:16] Exported to JSONL
[2025-10-24 21:53:16] Pulled from remote
[2025-10-24 21:53:16] Imported from JSONL
[2025-10-24 21:53:16] Sync cycle complete
[2025-10-24 21:58:16] Starting sync cycle...
[2025-10-24 21:58:16] Exported to JSONL
[2025-10-24 21:58:16] Pulled from remote
[2025-10-24 21:58:16] Imported from JSONL
[2025-10-24 21:58:16] Sync cycle complete
[2025-10-24 22:03:16] Starting sync cycle...
[2025-10-24 22:03:16] Exported to JSONL
[2025-10-24 22:03:16] Pulled from remote
[2025-10-24 22:03:16] Imported from JSONL
[2025-10-24 22:03:16] Sync cycle complete
[2025-10-24 22:08:16] Starting sync cycle...
[2025-10-24 22:08:16] Exported to JSONL
[2025-10-24 22:08:16] Pulled from remote
[2025-10-24 22:08:16] Imported from JSONL
[2025-10-24 22:08:16] Sync cycle complete
[2025-10-24 22:13:16] Starting sync cycle...
[2025-10-24 22:13:16] Exported to JSONL
[2025-10-24 22:13:16] Pulled from remote
[2025-10-24 22:13:16] Imported from JSONL
[2025-10-24 22:13:16] Sync cycle complete
[2025-10-24 22:18:16] Starting sync cycle...
[2025-10-24 22:18:16] Exported to JSONL
[2025-10-24 22:18:16] Pulled from remote
[2025-10-24 22:18:16] Imported from JSONL
[2025-10-24 22:18:16] Sync cycle complete
[2025-10-24 22:23:16] Starting sync cycle...
[2025-10-24 22:23:16] Exported to JSONL
[2025-10-24 22:23:16] Pulled from remote
[2025-10-24 22:23:16] Imported from JSONL
[2025-10-24 22:23:16] Sync cycle complete
[2025-10-24 22:28:16] Starting sync cycle...
[2025-10-24 22:28:16] Exported to JSONL
[2025-10-24 22:28:16] Pulled from remote
[2025-10-24 22:28:16] Imported from JSONL
[2025-10-24 22:28:16] Sync cycle complete
[2025-10-24 22:33:16] Starting sync cycle...
[2025-10-24 22:33:16] Exported to JSONL
[2025-10-24 22:33:16] Pulled from remote
[2025-10-24 22:33:16] Imported from JSONL
[2025-10-24 22:33:16] Sync cycle complete
[2025-10-24 22:38:16] Starting sync cycle...
[2025-10-24 22:38:16] Exported to JSONL
[2025-10-24 22:38:16] Pulled from remote
[2025-10-24 22:38:16] Imported from JSONL
[2025-10-24 22:38:16] Sync cycle complete
[2025-10-24 22:43:16] Starting sync cycle...
[2025-10-24 22:43:16] Exported to JSONL
[2025-10-24 22:43:16] Pulled from remote
[2025-10-24 22:43:16] Imported from JSONL
[2025-10-24 22:43:16] Sync cycle complete
[2025-10-24 22:48:16] Starting sync cycle...
[2025-10-24 22:48:16] Exported to JSONL
[2025-10-24 22:48:16] Pulled from remote
[2025-10-24 22:48:16] Imported from JSONL
[2025-10-24 22:48:16] Sync cycle complete
[2025-10-24 22:53:16] Starting sync cycle...
[2025-10-24 22:53:16] Exported to JSONL
[2025-10-24 22:53:16] Pulled from remote
[2025-10-24 22:53:16] Imported from JSONL
[2025-10-24 22:53:16] Sync cycle complete
[2025-10-24 22:58:16] Starting sync cycle...
[2025-10-24 22:58:16] Exported to JSONL
[2025-10-24 22:58:16] Pulled from remote
[2025-10-24 22:58:16] Imported from JSONL
[2025-10-24 22:58:16] Sync cycle complete
[2025-10-24 23:03:16] Starting sync cycle...
[2025-10-24 23:03:16] Exported to JSONL
[2025-10-24 23:03:16] Pulled from remote
[2025-10-24 23:03:16] Imported from JSONL
[2025-10-24 23:03:16] Sync cycle complete
[2025-10-24 23:08:16] Starting sync cycle...
[2025-10-24 23:08:16] Exported to JSONL
[2025-10-24 23:08:16] Pulled from remote
[2025-10-24 23:08:16] Imported from JSONL
[2025-10-24 23:08:16] Sync cycle complete
[2025-10-24 23:13:16] Starting sync cycle...
[2025-10-24 23:13:16] Exported to JSONL
[2025-10-24 23:13:16] Pulled from remote
[2025-10-24 23:13:16] Imported from JSONL
[2025-10-24 23:13:16] Sync cycle complete
[2025-10-24 23:18:16] Starting sync cycle...
[2025-10-24 23:18:16] Exported to JSONL
[2025-10-24 23:18:16] Pulled from remote
[2025-10-24 23:18:16] Imported from JSONL
[2025-10-24 23:18:16] Sync cycle complete
[2025-10-24 23:23:16] Starting sync cycle...
[2025-10-24 23:23:16] Exported to JSONL
[2025-10-24 23:23:16] Pulled from remote
[2025-10-24 23:23:16] Imported from JSONL
[2025-10-24 23:23:16] Sync cycle complete
[2025-10-24 23:28:16] Starting sync cycle...
[2025-10-24 23:28:16] Exported to JSONL
[2025-10-24 23:28:16] Pulled from remote
[2025-10-24 23:28:16] Imported from JSONL
[2025-10-24 23:28:16] Sync cycle complete
[2025-10-24 23:33:16] Starting sync cycle...
[2025-10-24 23:33:16] Exported to JSONL
[2025-10-24 23:33:16] Pulled from remote
[2025-10-24 23:33:16] Imported from JSONL
[2025-10-24 23:33:16] Sync cycle complete
[2025-10-24 23:38:16] Starting sync cycle...
[2025-10-24 23:38:16] Exported to JSONL
[2025-10-24 23:38:16] Pulled from remote
[2025-10-24 23:38:16] Imported from JSONL
[2025-10-24 23:38:16] Sync cycle complete
[2025-10-24 23:43:16] Starting sync cycle...
[2025-10-24 23:43:16] Exported to JSONL
[2025-10-24 23:43:16] Pulled from remote
[2025-10-24 23:43:16] Imported from JSONL
[2025-10-24 23:43:16] Sync cycle complete
[2025-10-24 23:48:16] Starting sync cycle...
[2025-10-24 23:48:16] Exported to JSONL
[2025-10-24 23:48:16] Pulled from remote
[2025-10-24 23:48:16] Imported from JSONL
[2025-10-24 23:48:16] Sync cycle complete
[2025-10-24 23:53:16] Starting sync cycle...
[2025-10-24 23:53:16] Exported to JSONL
[2025-10-24 23:53:16] Pulled from remote
[2025-10-24 23:53:16] Imported from JSONL
[2025-10-24 23:53:16] Sync cycle complete
[2025-10-24 23:58:16] Starting sync cycle...
[2025-10-24 23:58:16] Exported to JSONL
[2025-10-24 23:58:16] Pulled from remote
[2025-10-24 23:58:16] Imported from JSONL
[2025-10-24 23:58:16] Sync cycle complete
[2025-10-25 00:03:16] Starting sync cycle...
[2025-10-25 00:03:16] Exported to JSONL
[2025-10-25 00:03:16] Pulled from remote
[2025-10-25 00:03:16] Imported from JSONL
[2025-10-25 00:03:16] Sync cycle complete
[2025-10-25 00:08:16] Starting sync cycle...
[2025-10-25 00:08:16] Exported to JSONL
[2025-10-25 00:08:16] Pulled from remote
[2025-10-25 00:08:16] Imported from JSONL
[2025-10-25 00:08:16] Sync cycle complete
[2025-10-25 00:13:16] Starting sync cycle...
[2025-10-25 00:13:16] Exported to JSONL
[2025-10-25 00:13:16] Pulled from remote
[2025-10-25 00:13:16] Imported from JSONL
[2025-10-25 00:13:16] Sync cycle complete
[2025-10-25 00:18:16] Starting sync cycle...
[2025-10-25 00:18:16] Exported to JSONL
[2025-10-25 00:18:16] Pulled from remote
[2025-10-25 00:18:16] Imported from JSONL
[2025-10-25 00:18:16] Sync cycle complete
[2025-10-25 00:23:16] Starting sync cycle...
[2025-10-25 00:23:16] Exported to JSONL
[2025-10-25 00:23:16] Pulled from remote
[2025-10-25 00:23:16] Imported from JSONL
[2025-10-25 00:23:16] Sync cycle complete
[2025-10-25 00:28:16] Starting sync cycle...
[2025-10-25 00:28:16] Exported to JSONL
[2025-10-25 00:28:16] Pulled from remote
[2025-10-25 00:28:16] Imported from JSONL
[2025-10-25 00:28:16] Sync cycle complete
[2025-10-25 00:33:16] Starting sync cycle...
[2025-10-25 00:33:16] Exported to JSONL
[2025-10-25 00:33:16] Pulled from remote
[2025-10-25 00:33:16] Imported from JSONL
[2025-10-25 00:33:16] Sync cycle complete
[2025-10-25 00:38:16] Starting sync cycle...
[2025-10-25 00:38:16] Exported to JSONL
[2025-10-25 00:38:16] Pulled from remote
[2025-10-25 00:38:16] Imported from JSONL
[2025-10-25 00:38:16] Sync cycle complete
[2025-10-25 00:43:16] Starting sync cycle...
[2025-10-25 00:43:16] Exported to JSONL
[2025-10-25 00:43:16] Pulled from remote
[2025-10-25 00:43:16] Imported from JSONL
[2025-10-25 00:43:16] Sync cycle complete
[2025-10-25 00:48:16] Starting sync cycle...
[2025-10-25 00:48:16] Exported to JSONL
[2025-10-25 00:48:16] Pulled from remote
[2025-10-25 00:48:16] Imported from JSONL
[2025-10-25 00:48:16] Sync cycle complete
[2025-10-25 00:53:16] Starting sync cycle...
[2025-10-25 00:53:16] Exported to JSONL
[2025-10-25 00:53:16] Pulled from remote
[2025-10-25 00:53:16] Imported from JSONL
[2025-10-25 00:53:16] Sync cycle complete
[2025-10-25 00:58:16] Starting sync cycle...
[2025-10-25 00:58:16] Exported to JSONL
[2025-10-25 00:58:16] Pulled from remote
[2025-10-25 00:58:16] Imported from JSONL
[2025-10-25 00:58:16] Sync cycle complete
[2025-10-25 01:03:16] Starting sync cycle...
[2025-10-25 01:03:16] Exported to JSONL
[2025-10-25 01:03:16] Pulled from remote
[2025-10-25 01:03:16] Imported from JSONL
[2025-10-25 01:03:16] Sync cycle complete
[2025-10-25 01:08:16] Starting sync cycle...
[2025-10-25 01:08:16] Exported to JSONL
[2025-10-25 01:08:16] Pulled from remote
[2025-10-25 01:08:16] Imported from JSONL
[2025-10-25 01:08:16] Sync cycle complete
[2025-10-25 01:13:16] Starting sync cycle...
[2025-10-25 01:13:16] Exported to JSONL
[2025-10-25 01:13:16] Pulled from remote
[2025-10-25 01:13:16] Imported from JSONL
[2025-10-25 01:13:16] Sync cycle complete
[2025-10-25 01:18:16] Starting sync cycle...
[2025-10-25 01:18:16] Exported to JSONL
[2025-10-25 01:18:16] Pulled from remote
[2025-10-25 01:18:16] Imported from JSONL
[2025-10-25 01:18:16] Sync cycle complete
[2025-10-25 01:23:16] Starting sync cycle...
[2025-10-25 01:23:16] Exported to JSONL
[2025-10-25 01:23:16] Pulled from remote
[2025-10-25 01:23:16] Imported from JSONL
[2025-10-25 01:23:16] Sync cycle complete
[2025-10-25 01:28:16] Starting sync cycle...
[2025-10-25 01:28:16] Exported to JSONL
[2025-10-25 01:28:16] Pulled from remote
[2025-10-25 01:28:16] Imported from JSONL
[2025-10-25 01:28:16] Sync cycle complete
[2025-10-25 01:33:16] Starting sync cycle...
[2025-10-25 01:33:16] Exported to JSONL
[2025-10-25 01:33:16] Pulled from remote
[2025-10-25 01:33:16] Imported from JSONL
[2025-10-25 01:33:16] Sync cycle complete
[2025-10-25 01:38:16] Starting sync cycle...
[2025-10-25 01:38:16] Exported to JSONL
[2025-10-25 01:38:16] Pulled from remote
[2025-10-25 01:38:16] Imported from JSONL
[2025-10-25 01:38:16] Sync cycle complete
[2025-10-25 01:43:16] Starting sync cycle...
[2025-10-25 01:43:16] Exported to JSONL
[2025-10-25 01:43:16] Pulled from remote
[2025-10-25 01:43:16] Imported from JSONL
[2025-10-25 01:43:16] Sync cycle complete
[2025-10-25 01:48:16] Starting sync cycle...
[2025-10-25 01:48:16] Exported to JSONL
[2025-10-25 01:48:16] Pulled from remote
[2025-10-25 01:48:16] Imported from JSONL
[2025-10-25 01:48:16] Sync cycle complete
[2025-10-25 01:53:16] Starting sync cycle...
[2025-10-25 01:53:16] Exported to JSONL
[2025-10-25 01:53:16] Pulled from remote
[2025-10-25 01:53:16] Imported from JSONL
[2025-10-25 01:53:16] Sync cycle complete
[2025-10-25 01:58:16] Starting sync cycle...
[2025-10-25 01:58:16] Exported to JSONL
[2025-10-25 01:58:16] Pulled from remote
[2025-10-25 01:58:16] Imported from JSONL
[2025-10-25 01:58:16] Sync cycle complete
[2025-10-25 02:03:16] Starting sync cycle...
[2025-10-25 02:03:16] Exported to JSONL
[2025-10-25 02:03:16] Pulled from remote
[2025-10-25 02:03:16] Imported from JSONL
[2025-10-25 02:03:16] Sync cycle complete
[2025-10-25 02:08:16] Starting sync cycle...
[2025-10-25 02:08:16] Exported to JSONL
[2025-10-25 02:08:16] Pulled from remote
[2025-10-25 02:08:16] Imported from JSONL
[2025-10-25 02:08:16] Sync cycle complete
[2025-10-25 02:13:16] Starting sync cycle...
[2025-10-25 02:13:16] Exported to JSONL
[2025-10-25 02:13:16] Pulled from remote
[2025-10-25 02:13:16] Imported from JSONL
[2025-10-25 02:13:16] Sync cycle complete
[2025-10-25 02:18:16] Starting sync cycle...
[2025-10-25 02:18:16] Exported to JSONL
[2025-10-25 02:18:16] Pulled from remote
[2025-10-25 02:18:16] Imported from JSONL
[2025-10-25 02:18:16] Sync cycle complete
[2025-10-25 02:23:16] Starting sync cycle...
[2025-10-25 02:23:16] Exported to JSONL
[2025-10-25 02:23:16] Pulled from remote
[2025-10-25 02:23:16] Imported from JSONL
[2025-10-25 02:23:16] Sync cycle complete
[2025-10-25 02:28:16] Starting sync cycle...
[2025-10-25 02:28:16] Exported to JSONL
[2025-10-25 02:28:16] Pulled from remote
[2025-10-25 02:28:16] Imported from JSONL
[2025-10-25 02:28:16] Sync cycle complete
[2025-10-25 02:33:16] Starting sync cycle...
[2025-10-25 02:33:16] Exported to JSONL
[2025-10-25 02:33:16] Pulled from remote
[2025-10-25 02:33:16] Imported from JSONL
[2025-10-25 02:33:16] Sync cycle complete
[2025-10-25 02:38:16] Starting sync cycle...
[2025-10-25 02:38:16] Exported to JSONL
[2025-10-25 02:38:16] Pulled from remote
[2025-10-25 02:38:16] Imported from JSONL
[2025-10-25 02:38:16] Sync cycle complete
[2025-10-25 02:43:16] Starting sync cycle...
[2025-10-25 02:43:16] Exported to JSONL
[2025-10-25 02:43:16] Pulled from remote
[2025-10-25 02:43:16] Imported from JSONL
[2025-10-25 02:43:16] Sync cycle complete
[2025-10-25 02:48:16] Starting sync cycle...
[2025-10-25 02:48:16] Exported to JSONL
[2025-10-25 02:48:16] Pulled from remote
[2025-10-25 02:48:16] Imported from JSONL
[2025-10-25 02:48:16] Sync cycle complete
[2025-10-25 02:53:16] Starting sync cycle...
[2025-10-25 02:53:16] Exported to JSONL
[2025-10-25 02:53:16] Pulled from remote
[2025-10-25 02:53:16] Imported from JSONL
[2025-10-25 02:53:16] Sync cycle complete
[2025-10-25 02:58:16] Starting sync cycle...
[2025-10-25 02:58:16] Exported to JSONL
[2025-10-25 02:58:16] Pulled from remote
[2025-10-25 02:58:16] Imported from JSONL
[2025-10-25 02:58:16] Sync cycle complete
[2025-10-25 03:03:16] Starting sync cycle...
[2025-10-25 03:03:16] Exported to JSONL
[2025-10-25 03:03:16] Pulled from remote
[2025-10-25 03:03:16] Imported from JSONL
[2025-10-25 03:03:16] Sync cycle complete
[2025-10-25 03:08:16] Starting sync cycle...
[2025-10-25 03:08:16] Exported to JSONL
[2025-10-25 03:08:16] Pulled from remote
[2025-10-25 03:08:16] Imported from JSONL
[2025-10-25 03:08:16] Sync cycle complete
[2025-10-25 03:13:16] Starting sync cycle...
[2025-10-25 03:13:16] Exported to JSONL
[2025-10-25 03:13:16] Pulled from remote
[2025-10-25 03:13:16] Imported from JSONL
[2025-10-25 03:13:16] Sync cycle complete
[2025-10-25 03:18:16] Starting sync cycle...
[2025-10-25 03:18:16] Exported to JSONL
[2025-10-25 03:18:16] Pulled from remote
[2025-10-25 03:18:16] Imported from JSONL
[2025-10-25 03:18:16] Sync cycle complete
[2025-10-25 03:23:16] Starting sync cycle...
[2025-10-25 03:23:16] Exported to JSONL
[2025-10-25 03:23:16] Pulled from remote
[2025-10-25 03:23:16] Imported from JSONL
[2025-10-25 03:23:16] Sync cycle complete
[2025-10-25 03:28:16] Starting sync cycle...
[2025-10-25 03:28:16] Exported to JSONL
[2025-10-25 03:28:16] Pulled from remote
[2025-10-25 03:28:16] Imported from JSONL
[2025-10-25 03:28:16] Sync cycle complete
[2025-10-25 03:33:16] Starting sync cycle...
[2025-10-25 03:33:16] Exported to JSONL
[2025-10-25 03:33:16] Pulled from remote
[2025-10-25 03:33:16] Imported from JSONL
[2025-10-25 03:33:16] Sync cycle complete
[2025-10-25 03:38:16] Starting sync cycle...
[2025-10-25 03:38:16] Exported to JSONL
[2025-10-25 03:38:16] Pulled from remote
[2025-10-25 03:38:16] Imported from JSONL
[2025-10-25 03:38:16] Sync cycle complete
[2025-10-25 03:43:16] Starting sync cycle...
[2025-10-25 03:43:16] Exported to JSONL
[2025-10-25 03:43:16] Pulled from remote
[2025-10-25 03:43:16] Imported from JSONL
[2025-10-25 03:43:16] Sync cycle complete
[2025-10-25 03:48:16] Starting sync cycle...
[2025-10-25 03:48:16] Exported to JSONL
[2025-10-25 03:48:16] Pulled from remote
[2025-10-25 03:48:16] Imported from JSONL
[2025-10-25 03:48:16] Sync cycle complete
[2025-10-25 03:53:16] Starting sync cycle...
[2025-10-25 03:53:16] Exported to JSONL
[2025-10-25 03:53:16] Pulled from remote
[2025-10-25 03:53:16] Imported from JSONL
[2025-10-25 03:53:16] Sync cycle complete
[2025-10-25 03:58:16] Starting sync cycle...
[2025-10-25 03:58:16] Exported to JSONL
[2025-10-25 03:58:16] Pulled from remote
[2025-10-25 03:58:16] Imported from JSONL
[2025-10-25 03:58:16] Sync cycle complete
[2025-10-25 04:03:16] Starting sync cycle...
[2025-10-25 04:03:16] Exported to JSONL
[2025-10-25 04:03:16] Pulled from remote
[2025-10-25 04:03:16] Imported from JSONL
[2025-10-25 04:03:16] Sync cycle complete
[2025-10-25 04:08:16] Starting sync cycle...
[2025-10-25 04:08:16] Exported to JSONL
[2025-10-25 04:08:16] Pulled from remote
[2025-10-25 04:08:16] Imported from JSONL
[2025-10-25 04:08:16] Sync cycle complete
[2025-10-25 04:13:16] Starting sync cycle...
[2025-10-25 04:13:16] Exported to JSONL
[2025-10-25 04:13:16] Pulled from remote
[2025-10-25 04:13:16] Imported from JSONL
[2025-10-25 04:13:16] Sync cycle complete
[2025-10-25 04:18:16] Starting sync cycle...
[2025-10-25 04:18:16] Exported to JSONL
[2025-10-25 04:18:16] Pulled from remote
[2025-10-25 04:18:16] Imported from JSONL
[2025-10-25 04:18:16] Sync cycle complete
[2025-10-25 04:23:16] Starting sync cycle...
[2025-10-25 04:23:16] Exported to JSONL
[2025-10-25 04:23:16] Pulled from remote
[2025-10-25 04:23:16] Imported from JSONL
[2025-10-25 04:23:16] Sync cycle complete
[2025-10-25 04:28:16] Starting sync cycle...
[2025-10-25 04:28:16] Exported to JSONL
[2025-10-25 04:28:16] Pulled from remote
[2025-10-25 04:28:16] Imported from JSONL
[2025-10-25 04:28:16] Sync cycle complete
[2025-10-25 04:33:16] Starting sync cycle...
[2025-10-25 04:33:16] Exported to JSONL
[2025-10-25 04:33:16] Pulled from remote
[2025-10-25 04:33:16] Imported from JSONL
[2025-10-25 04:33:16] Sync cycle complete
[2025-10-25 04:38:16] Starting sync cycle...
[2025-10-25 04:38:16] Exported to JSONL
[2025-10-25 04:38:16] Pulled from remote
[2025-10-25 04:38:16] Imported from JSONL
[2025-10-25 04:38:16] Sync cycle complete
[2025-10-25 04:43:16] Starting sync cycle...
[2025-10-25 04:43:16] Exported to JSONL
[2025-10-25 04:43:16] Pulled from remote
[2025-10-25 04:43:16] Imported from JSONL
[2025-10-25 04:43:16] Sync cycle complete
[2025-10-25 04:48:16] Starting sync cycle...
[2025-10-25 04:48:16] Exported to JSONL
[2025-10-25 04:48:16] Pulled from remote
[2025-10-25 04:48:16] Imported from JSONL
[2025-10-25 04:48:16] Sync cycle complete
[2025-10-25 04:53:16] Starting sync cycle...
[2025-10-25 04:53:16] Exported to JSONL
[2025-10-25 04:53:16] Pulled from remote
[2025-10-25 04:53:16] Imported from JSONL
[2025-10-25 04:53:16] Sync cycle complete
[2025-10-25 04:58:16] Starting sync cycle...
[2025-10-25 04:58:16] Exported to JSONL
[2025-10-25 04:58:16] Pulled from remote
[2025-10-25 04:58:16] Imported from JSONL
[2025-10-25 04:58:16] Sync cycle complete
[2025-10-25 05:03:16] Starting sync cycle...
[2025-10-25 05:03:16] Exported to JSONL
[2025-10-25 05:03:16] Pulled from remote
[2025-10-25 05:03:16] Imported from JSONL
[2025-10-25 05:03:16] Sync cycle complete
[2025-10-25 05:08:16] Starting sync cycle...
[2025-10-25 05:08:16] Exported to JSONL
[2025-10-25 05:08:16] Pulled from remote
[2025-10-25 05:08:16] Imported from JSONL
[2025-10-25 05:08:16] Sync cycle complete
[2025-10-25 05:13:16] Starting sync cycle...
[2025-10-25 05:13:16] Exported to JSONL
[2025-10-25 05:13:16] Pulled from remote
[2025-10-25 05:13:16] Imported from JSONL
[2025-10-25 05:13:16] Sync cycle complete
[2025-10-25 05:18:16] Starting sync cycle...
[2025-10-25 05:18:16] Exported to JSONL
[2025-10-25 05:18:16] Pulled from remote
[2025-10-25 05:18:16] Imported from JSONL
[2025-10-25 05:18:16] Sync cycle complete
[2025-10-25 05:23:16] Starting sync cycle...
[2025-10-25 05:23:16] Exported to JSONL
[2025-10-25 05:23:16] Pulled from remote
[2025-10-25 05:23:16] Imported from JSONL
[2025-10-25 05:23:16] Sync cycle complete
[2025-10-25 05:28:16] Starting sync cycle...
[2025-10-25 05:28:16] Exported to JSONL
[2025-10-25 05:28:16] Pulled from remote
[2025-10-25 05:28:16] Imported from JSONL
[2025-10-25 05:28:16] Sync cycle complete
[2025-10-25 05:33:16] Starting sync cycle...
[2025-10-25 05:33:16] Exported to JSONL
[2025-10-25 05:33:16] Pulled from remote
[2025-10-25 05:33:16] Imported from JSONL
[2025-10-25 05:33:16] Sync cycle complete
[2025-10-25 05:38:16] Starting sync cycle...
[2025-10-25 05:38:16] Exported to JSONL
[2025-10-25 05:38:16] Pulled from remote
[2025-10-25 05:38:16] Imported from JSONL
[2025-10-25 05:38:16] Sync cycle complete
[2025-10-25 05:43:16] Starting sync cycle...
[2025-10-25 05:43:16] Exported to JSONL
[2025-10-25 05:43:16] Pulled from remote
[2025-10-25 05:43:16] Imported from JSONL
[2025-10-25 05:43:16] Sync cycle complete
[2025-10-25 05:48:16] Starting sync cycle...
[2025-10-25 05:48:16] Exported to JSONL
[2025-10-25 05:48:16] Pulled from remote
[2025-10-25 05:48:16] Imported from JSONL
[2025-10-25 05:48:16] Sync cycle complete
[2025-10-25 05:53:16] Starting sync cycle...
[2025-10-25 05:53:16] Exported to JSONL
[2025-10-25 05:53:16] Pulled from remote
[2025-10-25 05:53:16] Imported from JSONL
[2025-10-25 05:53:16] Sync cycle complete
[2025-10-25 12:25:05] Starting sync cycle...
[2025-10-25 12:25:05] Exported to JSONL
[2025-10-25 12:25:05] Pulled from remote
[2025-10-25 12:25:05] Imported from JSONL
[2025-10-25 12:25:05] Sync cycle complete
[2025-10-25 12:30:05] Starting sync cycle...
[2025-10-25 12:30:05] Exported to JSONL
[2025-10-25 12:30:05] Pulled from remote
[2025-10-25 12:30:05] Imported from JSONL
[2025-10-25 12:30:05] Sync cycle complete
[2025-10-25 12:35:05] Starting sync cycle...
[2025-10-25 12:35:05] Exported to JSONL
[2025-10-25 12:35:05] Pulled from remote
[2025-10-25 12:35:05] Imported from JSONL
[2025-10-25 12:35:05] Sync cycle complete
[2025-10-25 12:40:05] Starting sync cycle...
[2025-10-25 12:40:05] Exported to JSONL
[2025-10-25 12:40:05] Pulled from remote
[2025-10-25 12:40:05] Imported from JSONL
[2025-10-25 12:40:05] Sync cycle complete
[2025-10-25 12:45:05] Starting sync cycle...
[2025-10-25 12:45:05] Exported to JSONL
[2025-10-25 12:45:05] Pulled from remote
[2025-10-25 12:45:05] Imported from JSONL
[2025-10-25 12:45:05] Sync cycle complete
[2025-10-25 12:50:05] Starting sync cycle...
[2025-10-25 12:50:05] Exported to JSONL
[2025-10-25 12:50:05] Pulled from remote
[2025-10-25 12:50:05] Imported from JSONL
[2025-10-25 12:50:05] Sync cycle complete
[2025-10-25 12:55:05] Starting sync cycle...
[2025-10-25 12:55:05] Exported to JSONL
[2025-10-25 12:55:05] Pulled from remote
[2025-10-25 12:55:05] Imported from JSONL
[2025-10-25 12:55:05] Sync cycle complete
[2025-10-25 13:00:05] Starting sync cycle...
[2025-10-25 13:00:05] Exported to JSONL
[2025-10-25 13:00:05] Pulled from remote
[2025-10-25 13:00:05] Imported from JSONL
[2025-10-25 13:00:05] Sync cycle complete
[2025-10-25 13:05:05] Starting sync cycle...
[2025-10-25 13:05:05] Exported to JSONL
[2025-10-25 13:05:05] Pulled from remote
[2025-10-25 13:05:05] Imported from JSONL
[2025-10-25 13:05:05] Sync cycle complete
[2025-10-25 13:10:05] Starting sync cycle...
[2025-10-25 13:10:05] Exported to JSONL
[2025-10-25 13:10:05] Pulled from remote
[2025-10-25 13:10:05] Imported from JSONL
[2025-10-25 13:10:05] Sync cycle complete
[2025-10-25 13:15:05] Starting sync cycle...
[2025-10-25 13:15:05] Exported to JSONL
[2025-10-25 13:15:05] Pulled from remote
[2025-10-25 13:15:05] Imported from JSONL
[2025-10-25 13:15:05] Sync cycle complete
[2025-10-25 13:20:05] Starting sync cycle...
[2025-10-25 13:20:05] Exported to JSONL
[2025-10-25 13:20:05] Pulled from remote
[2025-10-25 13:20:05] Imported from JSONL
[2025-10-25 13:20:05] Sync cycle complete
[2025-10-25 13:25:05] Starting sync cycle...
[2025-10-25 13:25:05] Exported to JSONL
[2025-10-25 13:25:05] Pulled from remote
[2025-10-25 13:25:05] Imported from JSONL
[2025-10-25 13:25:05] Sync cycle complete
[2025-10-25 13:30:05] Starting sync cycle...
[2025-10-25 13:30:05] Exported to JSONL
[2025-10-25 13:30:05] Pulled from remote
[2025-10-25 13:30:05] Imported from JSONL
[2025-10-25 13:30:05] Sync cycle complete
[2025-10-25 13:35:05] Starting sync cycle...
[2025-10-25 13:35:05] Exported to JSONL
[2025-10-25 13:35:05] Pulled from remote
[2025-10-25 13:35:05] Imported from JSONL
[2025-10-25 13:35:05] Sync cycle complete
[2025-10-25 13:40:05] Starting sync cycle...
[2025-10-25 13:40:05] Exported to JSONL
[2025-10-25 13:40:05] Pulled from remote
[2025-10-25 13:40:05] Imported from JSONL
[2025-10-25 13:40:05] Sync cycle complete
[2025-10-25 13:45:05] Starting sync cycle...
[2025-10-25 13:45:05] Exported to JSONL
[2025-10-25 13:45:05] Pulled from remote
[2025-10-25 13:45:05] Imported from JSONL
[2025-10-25 13:45:05] Sync cycle complete
[2025-10-25 13:50:05] Starting sync cycle...
[2025-10-25 13:50:05] Exported to JSONL
[2025-10-25 13:50:05] Pulled from remote
[2025-10-25 13:50:05] Imported from JSONL
[2025-10-25 13:50:05] Sync cycle complete
[2025-10-25 13:55:05] Starting sync cycle...
[2025-10-25 13:55:05] Exported to JSONL
[2025-10-25 13:55:05] Pulled from remote
[2025-10-25 13:55:05] Imported from JSONL
[2025-10-25 13:55:05] Sync cycle complete
[2025-10-25 14:00:05] Starting sync cycle...
[2025-10-25 14:00:05] Exported to JSONL
[2025-10-25 14:00:05] Pulled from remote
[2025-10-25 14:00:05] Imported from JSONL
[2025-10-25 14:00:05] Sync cycle complete
[2025-10-25 14:05:05] Starting sync cycle...
[2025-10-25 14:05:05] Exported to JSONL
[2025-10-25 14:05:05] Pulled from remote
[2025-10-25 14:05:05] Imported from JSONL
[2025-10-25 14:05:05] Sync cycle complete
[2025-10-25 14:10:05] Starting sync cycle...
[2025-10-25 14:10:05] Exported to JSONL
[2025-10-25 14:10:05] Pulled from remote
[2025-10-25 14:10:05] Imported from JSONL
[2025-10-25 14:10:05] Sync cycle complete
[2025-10-25 14:15:05] Starting sync cycle...
[2025-10-25 14:15:05] Exported to JSONL
[2025-10-25 14:15:05] Pulled from remote
[2025-10-25 14:15:05] Imported from JSONL
[2025-10-25 14:15:05] Sync cycle complete
[2025-10-25 14:20:05] Starting sync cycle...
[2025-10-25 14:20:05] Exported to JSONL
[2025-10-25 14:20:05] Pulled from remote
[2025-10-25 14:20:05] Imported from JSONL
[2025-10-25 14:20:05] Sync cycle complete
[2025-10-25 14:25:05] Starting sync cycle...
[2025-10-25 14:25:05] Exported to JSONL
[2025-10-25 14:25:05] Pulled from remote
[2025-10-25 14:25:05] Imported from JSONL
[2025-10-25 14:25:05] Sync cycle complete
[2025-10-25 14:30:05] Starting sync cycle...
[2025-10-25 14:30:05] Exported to JSONL
[2025-10-25 14:30:05] Pulled from remote
[2025-10-25 14:30:05] Imported from JSONL
[2025-10-25 14:30:05] Sync cycle complete
[2025-10-25 22:14:55] Starting sync cycle...
[2025-10-25 22:14:55] Exported to JSONL
[2025-10-25 22:14:55] Pulled from remote
[2025-10-25 22:14:55] Imported from JSONL
[2025-10-25 22:14:55] Sync cycle complete
[2025-10-25 22:19:55] Starting sync cycle...
[2025-10-25 22:19:55] Exported to JSONL
[2025-10-25 22:19:55] Pulled from remote
[2025-10-25 22:19:55] Imported from JSONL
[2025-10-25 22:19:55] Sync cycle complete
[2025-10-25 22:24:55] Starting sync cycle...
[2025-10-25 22:24:55] Exported to JSONL
[2025-10-25 22:24:56] Pulled from remote
[2025-10-25 22:24:56] Imported from JSONL
[2025-10-25 22:24:56] Sync cycle complete
[2025-10-25 22:29:55] Starting sync cycle...
[2025-10-25 22:29:55] Exported to JSONL
[2025-10-25 22:29:55] Pulled from remote
[2025-10-25 22:29:55] Imported from JSONL
[2025-10-25 22:29:55] Sync cycle complete
[2025-10-25 22:34:55] Starting sync cycle...
[2025-10-25 22:34:55] Exported to JSONL
[2025-10-25 22:34:55] Pulled from remote
[2025-10-25 22:34:55] Imported from JSONL
[2025-10-25 22:34:55] Sync cycle complete
[2025-10-25 22:39:55] Starting sync cycle...
[2025-10-25 22:39:55] Exported to JSONL
[2025-10-25 22:39:56] Pulled from remote
[2025-10-25 22:39:56] Imported from JSONL
[2025-10-25 22:39:56] Sync cycle complete
[2025-10-25 22:44:55] Starting sync cycle...
[2025-10-25 22:44:55] Exported to JSONL
[2025-10-25 22:44:55] Pulled from remote
[2025-10-25 22:44:55] Imported from JSONL
[2025-10-25 22:44:55] Sync cycle complete
[2025-10-25 22:49:56] Starting sync cycle...
[2025-10-25 22:49:56] Exported to JSONL
[2025-10-25 22:49:56] Pulled from remote
[2025-10-25 22:49:56] Imported from JSONL
[2025-10-25 22:49:56] Sync cycle complete
[2025-10-25 22:54:56] Starting sync cycle...
[2025-10-25 22:54:56] Exported to JSONL
[2025-10-25 22:54:56] Pulled from remote
[2025-10-25 22:54:56] Imported from JSONL
[2025-10-25 22:54:56] Sync cycle complete
[2025-10-25 22:59:56] Starting sync cycle...
[2025-10-25 22:59:56] Exported to JSONL
[2025-10-25 22:59:56] Pulled from remote
[2025-10-25 22:59:56] Imported from JSONL
[2025-10-25 22:59:56] Sync cycle complete
[2025-10-25 23:04:56] Starting sync cycle...
[2025-10-25 23:04:56] Exported to JSONL
[2025-10-25 23:04:56] Pulled from remote
[2025-10-25 23:04:56] Imported from JSONL
[2025-10-25 23:04:56] Sync cycle complete
[2025-10-25 23:09:56] Starting sync cycle...
[2025-10-25 23:09:56] Exported to JSONL
[2025-10-25 23:09:56] Pulled from remote
[2025-10-25 23:09:56] Imported from JSONL
[2025-10-25 23:09:56] Sync cycle complete
[2025-10-25 23:14:56] Starting sync cycle...
[2025-10-25 23:14:56] Exported to JSONL
[2025-10-25 23:14:56] Pulled from remote
[2025-10-25 23:14:56] Imported from JSONL
[2025-10-25 23:14:56] Sync cycle complete
[2025-10-25 23:19:56] Starting sync cycle...
[2025-10-25 23:19:56] Exported to JSONL
[2025-10-25 23:19:56] Pulled from remote
[2025-10-25 23:19:56] Imported from JSONL
[2025-10-25 23:19:56] Sync cycle complete
[2025-10-25 23:24:56] Starting sync cycle...
[2025-10-25 23:24:56] Exported to JSONL
[2025-10-25 23:24:56] Pulled from remote
[2025-10-25 23:24:56] Imported from JSONL
[2025-10-25 23:24:56] Sync cycle complete
[2025-10-25 23:29:56] Starting sync cycle...
[2025-10-25 23:29:56] Exported to JSONL
[2025-10-25 23:29:56] Pulled from remote
[2025-10-25 23:29:56] Imported from JSONL
[2025-10-25 23:29:56] Sync cycle complete
[2025-10-25 23:34:56] Starting sync cycle...
[2025-10-25 23:34:56] Exported to JSONL
[2025-10-25 23:34:56] Pulled from remote
[2025-10-25 23:34:56] Imported from JSONL
[2025-10-25 23:34:56] Sync cycle complete
[2025-10-25 23:39:56] Starting sync cycle...
[2025-10-25 23:39:56] Exported to JSONL
[2025-10-25 23:39:56] Pulled from remote
[2025-10-25 23:39:56] Imported from JSONL
[2025-10-25 23:39:56] Sync cycle complete
[2025-10-25 23:44:56] Starting sync cycle...
[2025-10-25 23:44:56] Exported to JSONL
[2025-10-25 23:44:56] Pulled from remote
[2025-10-25 23:44:56] Imported from JSONL
[2025-10-25 23:44:56] Sync cycle complete
[2025-10-25 23:49:56] Starting sync cycle...
[2025-10-25 23:49:56] Exported to JSONL
[2025-10-25 23:49:56] Pulled from remote
[2025-10-25 23:49:56] Imported from JSONL
[2025-10-25 23:49:56] Sync cycle complete
[2025-10-25 23:54:56] Starting sync cycle...
[2025-10-25 23:54:56] Exported to JSONL
[2025-10-25 23:54:56] Pulled from remote
[2025-10-25 23:54:56] Imported from JSONL
[2025-10-25 23:54:56] Sync cycle complete
[2025-10-25 23:59:56] Starting sync cycle...
[2025-10-25 23:59:56] Exported to JSONL
[2025-10-25 23:59:56] Pulled from remote
[2025-10-25 23:59:56] Imported from JSONL
[2025-10-25 23:59:56] Sync cycle complete
[2025-10-26 00:04:56] Starting sync cycle...
[2025-10-26 00:04:56] Exported to JSONL
[2025-10-26 00:04:56] Pulled from remote
[2025-10-26 00:04:56] Imported from JSONL
[2025-10-26 00:04:56] Sync cycle complete
[2025-10-26 00:09:56] Starting sync cycle...
[2025-10-26 00:09:56] Exported to JSONL
[2025-10-26 00:09:56] Pulled from remote
[2025-10-26 00:09:56] Imported from JSONL
[2025-10-26 00:09:56] Sync cycle complete
[2025-10-26 00:14:56] Starting sync cycle...
[2025-10-26 00:14:56] Exported to JSONL
[2025-10-26 00:14:56] Pulled from remote
[2025-10-26 00:14:56] Imported from JSONL
[2025-10-26 00:14:56] Sync cycle complete
[2025-10-26 00:19:56] Starting sync cycle...
[2025-10-26 00:19:56] Exported to JSONL
[2025-10-26 00:19:56] Pulled from remote
[2025-10-26 00:19:56] Imported from JSONL
[2025-10-26 00:19:56] Sync cycle complete
[2025-10-26 00:24:56] Starting sync cycle...
[2025-10-26 00:24:56] Exported to JSONL
[2025-10-26 00:24:56] Pulled from remote
[2025-10-26 00:24:56] Imported from JSONL
[2025-10-26 00:24:56] Sync cycle complete
[2025-10-26 00:29:56] Starting sync cycle...
[2025-10-26 00:29:56] Exported to JSONL
[2025-10-26 00:29:56] Pulled from remote
[2025-10-26 00:29:56] Imported from JSONL
[2025-10-26 00:29:56] Sync cycle complete
[2025-10-26 00:34:56] Starting sync cycle...
[2025-10-26 00:34:56] Exported to JSONL
[2025-10-26 00:34:56] Pulled from remote
[2025-10-26 00:34:56] Imported from JSONL
[2025-10-26 00:34:56] Sync cycle complete
[2025-10-26 00:39:56] Starting sync cycle...
[2025-10-26 00:39:56] Exported to JSONL
[2025-10-26 00:39:56] Pulled from remote
[2025-10-26 00:39:56] Imported from JSONL
[2025-10-26 00:39:56] Sync cycle complete
[2025-10-26 00:44:56] Starting sync cycle...
[2025-10-26 00:44:56] Exported to JSONL
[2025-10-26 00:44:56] Pulled from remote
[2025-10-26 00:44:56] Imported from JSONL
[2025-10-26 00:44:56] Sync cycle complete
[2025-10-26 00:49:56] Starting sync cycle...
[2025-10-26 00:49:56] Exported to JSONL
[2025-10-26 00:49:56] Pulled from remote
[2025-10-26 00:49:56] Imported from JSONL
[2025-10-26 00:49:56] Sync cycle complete
[2025-10-26 00:54:56] Starting sync cycle...
[2025-10-26 00:54:56] Exported to JSONL
[2025-10-26 00:54:56] Pulled from remote
[2025-10-26 00:54:56] Imported from JSONL
[2025-10-26 00:54:56] Sync cycle complete
[2025-10-26 00:59:56] Starting sync cycle...
[2025-10-26 00:59:56] Exported to JSONL
[2025-10-26 00:59:56] Pulled from remote
[2025-10-26 00:59:56] Imported from JSONL
[2025-10-26 00:59:56] Sync cycle complete
[2025-10-26 01:04:56] Starting sync cycle...
[2025-10-26 01:04:56] Exported to JSONL
[2025-10-26 01:04:56] Pulled from remote
[2025-10-26 01:04:56] Imported from JSONL
[2025-10-26 01:04:56] Sync cycle complete
[2025-10-26 01:09:56] Starting sync cycle...
[2025-10-26 01:09:56] Exported to JSONL
[2025-10-26 01:09:56] Pulled from remote
[2025-10-26 01:09:56] Imported from JSONL
[2025-10-26 01:09:56] Sync cycle complete
[2025-10-26 01:14:56] Starting sync cycle...
[2025-10-26 01:14:56] Exported to JSONL
[2025-10-26 01:14:56] Pulled from remote
[2025-10-26 01:14:56] Imported from JSONL
[2025-10-26 01:14:56] Sync cycle complete
[2025-10-26 01:19:56] Starting sync cycle...
[2025-10-26 01:19:56] Exported to JSONL
[2025-10-26 01:19:56] Pulled from remote
[2025-10-26 01:19:56] Imported from JSONL
[2025-10-26 01:19:56] Sync cycle complete
[2025-10-26 01:24:56] Starting sync cycle...
[2025-10-26 01:24:56] Exported to JSONL
[2025-10-26 01:24:56] Pulled from remote
[2025-10-26 01:24:56] Imported from JSONL
[2025-10-26 01:24:56] Sync cycle complete
[2025-10-26 01:29:56] Starting sync cycle...
[2025-10-26 01:29:56] Exported to JSONL
[2025-10-26 01:29:56] Pulled from remote
[2025-10-26 01:29:56] Imported from JSONL
[2025-10-26 01:29:56] Sync cycle complete
[2025-10-26 01:34:56] Starting sync cycle...
[2025-10-26 01:34:56] Exported to JSONL
[2025-10-26 01:34:56] Pulled from remote
[2025-10-26 01:34:56] Imported from JSONL
[2025-10-26 01:34:56] Sync cycle complete
[2025-10-26 01:39:56] Starting sync cycle...
[2025-10-26 01:39:56] Exported to JSONL
[2025-10-26 01:39:56] Pulled from remote
[2025-10-26 01:39:56] Imported from JSONL
[2025-10-26 01:39:56] Sync cycle complete
[2025-10-26 01:44:56] Starting sync cycle...
[2025-10-26 01:44:56] Exported to JSONL
[2025-10-26 01:44:56] Pulled from remote
[2025-10-26 01:44:56] Imported from JSONL
[2025-10-26 01:44:56] Sync cycle complete
[2025-10-26 01:49:56] Starting sync cycle...
[2025-10-26 01:49:56] Exported to JSONL
[2025-10-26 01:49:56] Pulled from remote
[2025-10-26 01:49:56] Imported from JSONL
[2025-10-26 01:49:56] Sync cycle complete
[2025-10-26 01:54:56] Starting sync cycle...
[2025-10-26 01:54:56] Exported to JSONL
[2025-10-26 01:54:56] Pulled from remote
[2025-10-26 01:54:56] Imported from JSONL
[2025-10-26 01:54:56] Sync cycle complete
[2025-10-26 01:59:56] Starting sync cycle...
[2025-10-26 01:59:56] Exported to JSONL
[2025-10-26 01:59:56] Pulled from remote
[2025-10-26 01:59:56] Imported from JSONL
[2025-10-26 01:59:56] Sync cycle complete
[2025-10-26 02:04:56] Starting sync cycle...
[2025-10-26 02:04:56] Exported to JSONL
[2025-10-26 02:04:56] Pulled from remote
[2025-10-26 02:04:56] Imported from JSONL
[2025-10-26 02:04:56] Sync cycle complete
[2025-10-26 02:09:56] Starting sync cycle...
[2025-10-26 02:09:56] Exported to JSONL
[2025-10-26 02:09:56] Pulled from remote
[2025-10-26 02:09:56] Imported from JSONL
[2025-10-26 02:09:56] Sync cycle complete
[2025-10-26 02:14:56] Starting sync cycle...
[2025-10-26 02:14:56] Exported to JSONL
[2025-10-26 02:14:56] Pulled from remote
[2025-10-26 02:14:56] Imported from JSONL
[2025-10-26 02:14:56] Sync cycle complete
[2025-10-26 02:19:56] Starting sync cycle...
[2025-10-26 02:19:56] Exported to JSONL
[2025-10-26 02:19:56] Pulled from remote
[2025-10-26 02:19:56] Imported from JSONL
[2025-10-26 02:19:56] Sync cycle complete
[2025-10-26 02:24:56] Starting sync cycle...
[2025-10-26 02:24:56] Exported to JSONL
[2025-10-26 02:24:56] Pulled from remote
[2025-10-26 02:24:56] Imported from JSONL
[2025-10-26 02:24:56] Sync cycle complete
[2025-10-26 02:29:56] Starting sync cycle...
[2025-10-26 02:29:56] Exported to JSONL
[2025-10-26 02:29:56] Pulled from remote
[2025-10-26 02:29:56] Imported from JSONL
[2025-10-26 02:29:56] Sync cycle complete
[2025-10-26 02:34:56] Starting sync cycle...
[2025-10-26 02:34:56] Exported to JSONL
[2025-10-26 02:34:56] Pulled from remote
[2025-10-26 02:34:56] Imported from JSONL
[2025-10-26 02:34:56] Sync cycle complete
[2025-10-26 02:39:56] Starting sync cycle...
[2025-10-26 02:39:56] Exported to JSONL
[2025-10-26 02:39:56] Pulled from remote
[2025-10-26 02:39:56] Imported from JSONL
[2025-10-26 02:39:56] Sync cycle complete
[2025-10-26 02:44:56] Starting sync cycle...
[2025-10-26 02:44:56] Exported to JSONL
[2025-10-26 02:44:56] Pulled from remote
[2025-10-26 02:44:56] Imported from JSONL
[2025-10-26 02:44:56] Sync cycle complete
[2025-10-26 02:49:56] Starting sync cycle...
[2025-10-26 02:49:56] Exported to JSONL
[2025-10-26 02:49:56] Pulled from remote
[2025-10-26 02:49:56] Imported from JSONL
[2025-10-26 02:49:56] Sync cycle complete
[2025-10-26 02:54:56] Starting sync cycle...
[2025-10-26 02:54:56] Exported to JSONL
[2025-10-26 02:54:56] Pulled from remote
[2025-10-26 02:54:56] Imported from JSONL
[2025-10-26 02:54:56] Sync cycle complete
[2025-10-26 02:59:56] Starting sync cycle...
[2025-10-26 02:59:56] Exported to JSONL
[2025-10-26 02:59:56] Pulled from remote
[2025-10-26 02:59:56] Imported from JSONL
[2025-10-26 02:59:56] Sync cycle complete
[2025-10-26 03:04:56] Starting sync cycle...
[2025-10-26 03:04:56] Exported to JSONL
[2025-10-26 03:04:56] Pulled from remote
[2025-10-26 03:04:56] Imported from JSONL
[2025-10-26 03:04:56] Sync cycle complete
[2025-10-26 03:09:56] Starting sync cycle...
[2025-10-26 03:09:56] Exported to JSONL
[2025-10-26 03:09:56] Pulled from remote
[2025-10-26 03:09:56] Imported from JSONL
[2025-10-26 03:09:56] Sync cycle complete
[2025-10-26 03:14:56] Starting sync cycle...
[2025-10-26 03:14:56] Exported to JSONL
[2025-10-26 03:14:56] Pulled from remote
[2025-10-26 03:14:56] Imported from JSONL
[2025-10-26 03:14:56] Sync cycle complete
[2025-10-26 03:19:56] Starting sync cycle...
[2025-10-26 03:19:56] Exported to JSONL
[2025-10-26 03:19:56] Pulled from remote
[2025-10-26 03:19:56] Imported from JSONL
[2025-10-26 03:19:56] Sync cycle complete
[2025-10-26 03:24:56] Starting sync cycle...
[2025-10-26 03:24:56] Exported to JSONL
[2025-10-26 03:24:56] Pulled from remote
[2025-10-26 03:24:56] Imported from JSONL
[2025-10-26 03:24:56] Sync cycle complete
[2025-10-26 03:29:56] Starting sync cycle...
[2025-10-26 03:29:56] Exported to JSONL
[2025-10-26 03:29:56] Pulled from remote
[2025-10-26 03:29:56] Imported from JSONL
[2025-10-26 03:29:56] Sync cycle complete
[2025-10-26 03:34:56] Starting sync cycle...
[2025-10-26 03:34:56] Exported to JSONL
[2025-10-26 03:34:56] Pulled from remote
[2025-10-26 03:34:56] Imported from JSONL
[2025-10-26 03:34:56] Sync cycle complete
[2025-10-26 03:39:56] Starting sync cycle...
[2025-10-26 03:39:56] Exported to JSONL
[2025-10-26 03:39:56] Pulled from remote
[2025-10-26 03:39:56] Imported from JSONL
[2025-10-26 03:39:56] Sync cycle complete
[2025-10-26 03:44:56] Starting sync cycle...
[2025-10-26 03:44:56] Exported to JSONL
[2025-10-26 03:44:56] Pulled from remote
[2025-10-26 03:44:56] Imported from JSONL
[2025-10-26 03:44:56] Sync cycle complete
[2025-10-26 11:43:11] Starting sync cycle...
[2025-10-26 11:43:11] Exported to JSONL
[2025-10-26 11:43:11] Pulled from remote
[2025-10-26 11:43:11] Imported from JSONL
[2025-10-26 11:43:11] Sync cycle complete
[2025-10-26 11:48:11] Starting sync cycle...
[2025-10-26 11:48:11] Exported to JSONL
[2025-10-26 11:48:11] Pulled from remote
[2025-10-26 11:48:11] Imported from JSONL
[2025-10-26 11:48:11] Sync cycle complete
[2025-10-26 11:53:11] Starting sync cycle...
[2025-10-26 11:53:11] Exported to JSONL
[2025-10-26 11:53:12] Pulled from remote
[2025-10-26 11:53:12] Imported from JSONL
[2025-10-26 11:53:12] Sync cycle complete
[2025-10-26 11:58:11] Starting sync cycle...
[2025-10-26 11:58:11] Exported to JSONL
[2025-10-26 11:58:12] Pulled from remote
[2025-10-26 11:58:12] Imported from JSONL
[2025-10-26 11:58:12] Sync cycle complete
[2025-10-26 12:03:11] Starting sync cycle...
[2025-10-26 12:03:11] Exported to JSONL
[2025-10-26 12:03:12] Pulled from remote
[2025-10-26 12:03:12] Imported from JSONL
[2025-10-26 12:03:12] Sync cycle complete
[2025-10-26 12:08:11] Starting sync cycle...
[2025-10-26 12:08:11] Exported to JSONL
[2025-10-26 12:08:12] Pulled from remote
[2025-10-26 12:08:12] Imported from JSONL
[2025-10-26 12:08:12] Sync cycle complete
[2025-10-26 12:13:11] Starting sync cycle...
[2025-10-26 12:13:11] Exported to JSONL
[2025-10-26 12:13:12] Pulled from remote
[2025-10-26 12:13:12] Imported from JSONL
[2025-10-26 12:13:12] Sync cycle complete
[2025-10-26 12:18:11] Starting sync cycle...
[2025-10-26 12:18:11] Exported to JSONL
[2025-10-26 12:18:12] Pulled from remote
[2025-10-26 12:18:12] Imported from JSONL
[2025-10-26 12:18:12] Sync cycle complete
[2025-10-26 12:23:11] Starting sync cycle...
[2025-10-26 12:23:11] Exported to JSONL
[2025-10-26 12:23:11] Pulled from remote
[2025-10-26 12:23:11] Imported from JSONL
[2025-10-26 12:23:11] Sync cycle complete
[2025-10-26 12:28:11] Starting sync cycle...
[2025-10-26 12:28:11] Exported to JSONL
[2025-10-26 12:28:11] Pulled from remote
[2025-10-26 12:28:11] Imported from JSONL
[2025-10-26 12:28:11] Sync cycle complete
[2025-10-26 12:33:11] Starting sync cycle...
[2025-10-26 12:33:11] Exported to JSONL
[2025-10-26 12:33:12] Pulled from remote
[2025-10-26 12:33:12] Imported from JSONL
[2025-10-26 12:33:12] Sync cycle complete
[2025-10-26 12:38:11] Starting sync cycle...
[2025-10-26 12:38:11] Exported to JSONL
[2025-10-26 12:38:12] Pulled from remote
[2025-10-26 12:38:12] Imported from JSONL
[2025-10-26 12:38:12] Sync cycle complete
[2025-10-26 12:43:11] Starting sync cycle...
[2025-10-26 12:43:11] Exported to JSONL
[2025-10-26 12:43:12] Pulled from remote
[2025-10-26 12:43:12] Imported from JSONL
[2025-10-26 12:43:12] Sync cycle complete
[2025-10-26 12:48:11] Starting sync cycle...
[2025-10-26 12:48:11] Exported to JSONL
[2025-10-26 12:48:12] Pulled from remote
[2025-10-26 12:48:12] Imported from JSONL
[2025-10-26 12:48:12] Sync cycle complete
[2025-10-26 12:53:11] Starting sync cycle...
[2025-10-26 12:53:11] Exported to JSONL
[2025-10-26 12:53:12] Pulled from remote
[2025-10-26 12:53:12] Imported from JSONL
[2025-10-26 12:53:12] Sync cycle complete
[2025-10-26 12:58:11] Starting sync cycle...
[2025-10-26 12:58:11] Exported to JSONL
[2025-10-26 12:58:12] Pulled from remote
[2025-10-26 12:58:12] Imported from JSONL
[2025-10-26 12:58:12] Sync cycle complete
[2025-10-26 13:03:11] Starting sync cycle...
[2025-10-26 13:03:11] Exported to JSONL
[2025-10-26 13:03:12] Pulled from remote
[2025-10-26 13:03:12] Imported from JSONL
[2025-10-26 13:03:12] Sync cycle complete
[2025-10-26 13:08:11] Starting sync cycle...
[2025-10-26 13:08:11] Exported to JSONL
[2025-10-26 13:08:12] Pulled from remote
[2025-10-26 13:08:12] Imported from JSONL
[2025-10-26 13:08:12] Sync cycle complete
[2025-10-26 13:13:11] Starting sync cycle...
[2025-10-26 13:13:11] Exported to JSONL
[2025-10-26 13:13:11] Pulled from remote
[2025-10-26 13:13:11] Imported from JSONL
[2025-10-26 13:13:11] Sync cycle complete
[2025-10-26 13:18:11] Starting sync cycle...
[2025-10-26 13:18:11] Exported to JSONL
[2025-10-26 13:18:12] Pulled from remote
[2025-10-26 13:18:12] Imported from JSONL
[2025-10-26 13:18:12] Sync cycle complete
[2025-10-26 13:23:11] Starting sync cycle...
[2025-10-26 13:23:11] Exported to JSONL
[2025-10-26 13:23:12] Pulled from remote
[2025-10-26 13:23:12] Imported from JSONL
[2025-10-26 13:23:12] Sync cycle complete
[2025-10-26 13:28:11] Starting sync cycle...
[2025-10-26 13:28:11] Exported to JSONL
[2025-10-26 13:28:11] Pulled from remote
[2025-10-26 13:28:11] Imported from JSONL
[2025-10-26 13:28:11] Sync cycle complete
[2025-10-26 13:33:11] Starting sync cycle...
[2025-10-26 13:33:11] Exported to JSONL
[2025-10-26 13:33:11] Pulled from remote
[2025-10-26 13:33:11] Imported from JSONL
[2025-10-26 13:33:11] Sync cycle complete
[2025-10-26 13:38:11] Starting sync cycle...
[2025-10-26 13:38:11] Exported to JSONL
[2025-10-26 13:38:11] Pulled from remote
[2025-10-26 13:38:11] Imported from JSONL
[2025-10-26 13:38:11] Sync cycle complete
[2025-10-26 13:43:11] Starting sync cycle...
[2025-10-26 13:43:11] Exported to JSONL
[2025-10-26 13:43:12] Pulled from remote
[2025-10-26 13:43:12] Imported from JSONL
[2025-10-26 13:43:12] Sync cycle complete
[2025-10-26 13:48:11] Starting sync cycle...
[2025-10-26 13:48:11] Exported to JSONL
[2025-10-26 13:48:12] Pulled from remote
[2025-10-26 13:48:12] Imported from JSONL
[2025-10-26 13:48:12] Sync cycle complete
[2025-10-26 13:53:11] Starting sync cycle...
[2025-10-26 13:53:11] Exported to JSONL
[2025-10-26 13:53:12] Pulled from remote
[2025-10-26 13:53:12] Imported from JSONL
[2025-10-26 13:53:12] Sync cycle complete
[2025-10-26 13:58:11] Starting sync cycle...
[2025-10-26 13:58:11] Exported to JSONL
[2025-10-26 13:58:12] Pulled from remote
[2025-10-26 13:58:12] Imported from JSONL
[2025-10-26 13:58:12] Sync cycle complete
[2025-10-26 14:03:11] Starting sync cycle...
[2025-10-26 14:03:11] Exported to JSONL
[2025-10-26 14:03:12] Pulled from remote
[2025-10-26 14:03:12] Imported from JSONL
[2025-10-26 14:03:12] Sync cycle complete
[2025-10-26 14:08:11] Starting sync cycle...
[2025-10-26 14:08:11] Exported to JSONL
[2025-10-26 14:08:11] Pulled from remote
[2025-10-26 14:08:11] Imported from JSONL
[2025-10-26 14:08:11] Sync cycle complete
[2025-10-26 14:13:11] Starting sync cycle...
[2025-10-26 14:13:11] Exported to JSONL
[2025-10-26 14:13:12] Pulled from remote
[2025-10-26 14:13:12] Imported from JSONL
[2025-10-26 14:13:12] Sync cycle complete
[2025-10-26 14:18:11] Starting sync cycle...
[2025-10-26 14:18:11] Exported to JSONL
[2025-10-26 14:18:11] Pulled from remote
[2025-10-26 14:18:11] Imported from JSONL
[2025-10-26 14:18:11] Sync cycle complete
[2025-10-26 14:23:11] Starting sync cycle...
[2025-10-26 14:23:11] Exported to JSONL
[2025-10-26 14:23:12] Pulled from remote
[2025-10-26 14:23:12] Imported from JSONL
[2025-10-26 14:23:12] Sync cycle complete
[2025-10-26 14:28:11] Starting sync cycle...
[2025-10-26 14:28:11] Exported to JSONL
[2025-10-26 14:28:12] Pulled from remote
[2025-10-26 14:28:12] Imported from JSONL
[2025-10-26 14:28:12] Sync cycle complete
[2025-10-26 14:33:11] Starting sync cycle...
[2025-10-26 14:33:11] Exported to JSONL
[2025-10-26 14:33:12] Pulled from remote
[2025-10-26 14:33:12] Imported from JSONL
[2025-10-26 14:33:12] Sync cycle complete
[2025-10-26 14:38:11] Starting sync cycle...
[2025-10-26 14:38:11] Exported to JSONL
[2025-10-26 14:38:11] Pulled from remote
[2025-10-26 14:38:11] Imported from JSONL
[2025-10-26 14:38:11] Sync cycle complete
[2025-10-26 14:43:11] Starting sync cycle...
[2025-10-26 14:43:11] Exported to JSONL
[2025-10-26 14:43:12] Pulled from remote
[2025-10-26 14:43:12] Imported from JSONL
[2025-10-26 14:43:12] Sync cycle complete
[2025-10-26 14:48:11] Starting sync cycle...
[2025-10-26 14:48:11] Exported to JSONL
[2025-10-26 14:48:11] Pulled from remote
[2025-10-26 14:48:11] Imported from JSONL
[2025-10-26 14:48:11] Sync cycle complete
[2025-10-26 14:53:11] Starting sync cycle...
[2025-10-26 14:53:11] Exported to JSONL
[2025-10-26 14:53:12] Pulled from remote
[2025-10-26 14:53:12] Imported from JSONL
[2025-10-26 14:53:12] Sync cycle complete
[2025-10-26 14:58:11] Starting sync cycle...
[2025-10-26 14:58:11] Exported to JSONL
[2025-10-26 14:58:12] Pulled from remote
[2025-10-26 14:58:12] Imported from JSONL
[2025-10-26 14:58:12] Sync cycle complete
[2025-10-26 15:03:11] Starting sync cycle...
[2025-10-26 15:03:11] Exported to JSONL
[2025-10-26 15:03:12] Pulled from remote
[2025-10-26 15:03:12] Imported from JSONL
[2025-10-26 15:03:12] Sync cycle complete
[2025-10-26 15:08:11] Starting sync cycle...
[2025-10-26 15:08:11] Exported to JSONL
[2025-10-26 15:08:12] Pulled from remote
[2025-10-26 15:08:12] Imported from JSONL
[2025-10-26 15:08:12] Sync cycle complete
[2025-10-26 15:13:11] Starting sync cycle...
[2025-10-26 15:13:11] Exported to JSONL
[2025-10-26 15:13:11] Pulled from remote
[2025-10-26 15:13:11] Imported from JSONL
[2025-10-26 15:13:11] Sync cycle complete
[2025-10-26 15:18:11] Starting sync cycle...
[2025-10-26 15:18:11] Exported to JSONL
[2025-10-26 15:18:12] Pulled from remote
[2025-10-26 15:18:12] Imported from JSONL
[2025-10-26 15:18:12] Sync cycle complete
[2025-10-26 15:23:11] Starting sync cycle...
[2025-10-26 15:23:11] Exported to JSONL
[2025-10-26 15:23:12] Pulled from remote
[2025-10-26 15:23:12] Imported from JSONL
[2025-10-26 15:23:12] Sync cycle complete
[2025-10-26 15:28:11] Starting sync cycle...
[2025-10-26 15:28:11] Exported to JSONL
[2025-10-26 15:28:11] Pulled from remote
[2025-10-26 15:28:11] Imported from JSONL
[2025-10-26 15:28:11] Sync cycle complete
[2025-10-26 15:33:11] Starting sync cycle...
[2025-10-26 15:33:11] Exported to JSONL
[2025-10-26 15:33:12] Pulled from remote
[2025-10-26 15:33:12] Imported from JSONL
[2025-10-26 15:33:12] Sync cycle complete
[2025-10-26 15:38:11] Starting sync cycle...
[2025-10-26 15:38:11] Exported to JSONL
[2025-10-26 15:38:12] Pulled from remote
[2025-10-26 15:38:12] Imported from JSONL
[2025-10-26 15:38:12] Sync cycle complete
[2025-10-26 15:43:11] Starting sync cycle...
[2025-10-26 15:43:11] Exported to JSONL
[2025-10-26 15:43:12] Pulled from remote
[2025-10-26 15:43:12] Imported from JSONL
[2025-10-26 15:43:12] Sync cycle complete
[2025-10-26 15:48:11] Starting sync cycle...
[2025-10-26 15:48:11] Exported to JSONL
[2025-10-26 15:48:12] Pulled from remote
[2025-10-26 15:48:12] Imported from JSONL
[2025-10-26 15:48:12] Sync cycle complete
[2025-10-26 15:53:11] Starting sync cycle...
[2025-10-26 15:53:11] Exported to JSONL
[2025-10-26 15:53:12] Pulled from remote
[2025-10-26 15:53:12] Imported from JSONL
[2025-10-26 15:53:12] Sync cycle complete
[2025-10-26 15:58:11] Starting sync cycle...
[2025-10-26 15:58:11] Exported to JSONL
[2025-10-26 15:58:12] Pulled from remote
[2025-10-26 15:58:12] Imported from JSONL
[2025-10-26 15:58:12] Sync cycle complete
[2025-10-26 16:03:11] Starting sync cycle...
[2025-10-26 16:03:11] Exported to JSONL
[2025-10-26 16:03:11] Pulled from remote
[2025-10-26 16:03:11] Imported from JSONL
[2025-10-26 16:03:11] Sync cycle complete
[2025-10-26 16:08:11] Starting sync cycle...
[2025-10-26 16:08:11] Exported to JSONL
[2025-10-26 16:08:11] Pulled from remote
[2025-10-26 16:08:11] Imported from JSONL
[2025-10-26 16:08:11] Sync cycle complete
[2025-10-26 16:13:11] Starting sync cycle...
[2025-10-26 16:13:11] Exported to JSONL
[2025-10-26 16:13:12] Pulled from remote
[2025-10-26 16:13:12] Imported from JSONL
[2025-10-26 16:13:12] Sync cycle complete
[2025-10-26 16:18:11] Starting sync cycle...
[2025-10-26 16:18:11] Exported to JSONL
[2025-10-26 16:18:12] Pulled from remote
[2025-10-26 16:18:12] Imported from JSONL
[2025-10-26 16:18:12] Sync cycle complete
[2025-10-26 16:23:11] Starting sync cycle...
[2025-10-26 16:23:11] Exported to JSONL
[2025-10-26 16:23:12] Pulled from remote
[2025-10-26 16:23:12] Imported from JSONL
[2025-10-26 16:23:12] Sync cycle complete
[2025-10-26 16:28:11] Starting sync cycle...
[2025-10-26 16:28:11] Exported to JSONL
[2025-10-26 16:28:12] Pulled from remote
[2025-10-26 16:28:12] Imported from JSONL
[2025-10-26 16:28:12] Sync cycle complete
[2025-10-26 16:33:11] Starting sync cycle...
[2025-10-26 16:33:11] Exported to JSONL
[2025-10-26 16:33:11] Pulled from remote
[2025-10-26 16:33:11] Imported from JSONL
[2025-10-26 16:33:11] Sync cycle complete
[2025-10-26 16:38:11] Starting sync cycle...
[2025-10-26 16:38:11] Exported to JSONL
[2025-10-26 16:38:12] Pulled from remote
[2025-10-26 16:38:12] Imported from JSONL
[2025-10-26 16:38:12] Sync cycle complete
[2025-10-26 16:43:11] Starting sync cycle...
[2025-10-26 16:43:11] Exported to JSONL
[2025-10-26 16:43:12] Pulled from remote
[2025-10-26 16:43:12] Imported from JSONL
[2025-10-26 16:43:12] Sync cycle complete
[2025-10-26 16:48:11] Starting sync cycle...
[2025-10-26 16:48:11] Exported to JSONL
[2025-10-26 16:48:11] Pulled from remote
[2025-10-26 16:48:11] Imported from JSONL
[2025-10-26 16:48:11] Sync cycle complete
[2025-10-26 16:53:11] Starting sync cycle...
[2025-10-26 16:53:11] Exported to JSONL
[2025-10-26 16:53:12] Pulled from remote
[2025-10-26 16:53:12] Imported from JSONL
[2025-10-26 16:53:12] Sync cycle complete
[2025-10-26 16:58:11] Starting sync cycle...
[2025-10-26 16:58:11] Exported to JSONL
[2025-10-26 16:58:12] Pulled from remote
[2025-10-26 16:58:12] Imported from JSONL
[2025-10-26 16:58:12] Sync cycle complete
[2025-10-26 17:03:11] Starting sync cycle...
[2025-10-26 17:03:11] Exported to JSONL
[2025-10-26 17:03:12] Pulled from remote
[2025-10-26 17:03:12] Imported from JSONL
[2025-10-26 17:03:12] Sync cycle complete
[2025-10-26 17:08:11] Starting sync cycle...
[2025-10-26 17:08:11] Exported to JSONL
[2025-10-26 17:08:12] Pulled from remote
[2025-10-26 17:08:12] Imported from JSONL
[2025-10-26 17:08:12] Sync cycle complete
[2025-10-26 17:13:11] Starting sync cycle...
[2025-10-26 17:13:11] Exported to JSONL
[2025-10-26 17:13:12] Pulled from remote
[2025-10-26 17:13:12] Imported from JSONL
[2025-10-26 17:13:12] Sync cycle complete
[2025-10-27 13:26:23] Starting sync cycle...
[2025-10-27 13:26:23] Exported to JSONL
[2025-10-27 13:26:24] Pulled from remote
[2025-10-27 13:26:24] Imported from JSONL
[2025-10-27 13:26:24] Sync cycle complete
[2025-10-27 13:31:23] Starting sync cycle...
[2025-10-27 13:31:23] Exported to JSONL
[2025-10-27 13:31:24] Pulled from remote
[2025-10-27 13:31:24] Imported from JSONL
[2025-10-27 13:31:24] Sync cycle complete
[2025-10-27 13:36:23] Starting sync cycle...
[2025-10-27 13:36:23] Exported to JSONL
[2025-10-27 13:36:24] Pulled from remote
[2025-10-27 13:36:24] Imported from JSONL
[2025-10-27 13:36:24] Sync cycle complete
[2025-10-27 13:41:23] Starting sync cycle...
[2025-10-27 13:41:23] Exported to JSONL
[2025-10-27 13:41:24] Pulled from remote
[2025-10-27 13:41:24] Imported from JSONL
[2025-10-27 13:41:24] Sync cycle complete
[2025-10-27 13:46:23] Starting sync cycle...
[2025-10-27 13:46:23] Exported to JSONL
[2025-10-27 13:46:24] Pulled from remote
[2025-10-27 13:46:24] Imported from JSONL
[2025-10-27 13:46:24] Sync cycle complete
[2025-10-27 13:51:23] Starting sync cycle...
[2025-10-27 13:51:23] Exported to JSONL
[2025-10-27 13:51:24] Pulled from remote
[2025-10-27 13:51:24] Imported from JSONL
[2025-10-27 13:51:24] Sync cycle complete
[2025-10-27 13:56:23] Starting sync cycle...
[2025-10-27 13:56:23] Exported to JSONL
[2025-10-27 13:56:24] Pulled from remote
[2025-10-27 13:56:24] Imported from JSONL
[2025-10-27 13:56:24] Sync cycle complete
[2025-10-27 14:01:23] Starting sync cycle...
[2025-10-27 14:01:23] Exported to JSONL
[2025-10-27 14:01:24] Pulled from remote
[2025-10-27 14:01:24] Imported from JSONL
[2025-10-27 14:01:24] Sync cycle complete
[2025-10-27 14:06:23] Starting sync cycle...
[2025-10-27 14:06:23] Exported to JSONL
[2025-10-27 14:06:24] Pulled from remote
[2025-10-27 14:06:24] Imported from JSONL
[2025-10-27 14:06:24] Sync cycle complete
[2025-10-27 14:11:23] Starting sync cycle...
[2025-10-27 14:11:23] Exported to JSONL
[2025-10-27 14:11:24] Pulled from remote
[2025-10-27 14:11:24] Imported from JSONL
[2025-10-27 14:11:24] Sync cycle complete
[2025-10-27 14:16:23] Starting sync cycle...
[2025-10-27 14:16:23] Exported to JSONL
[2025-10-27 14:16:24] Pulled from remote
[2025-10-27 14:16:24] Imported from JSONL
[2025-10-27 14:16:24] Sync cycle complete
[2025-10-27 14:21:23] Starting sync cycle...
[2025-10-27 14:21:23] Exported to JSONL
[2025-10-27 14:21:24] Pulled from remote
[2025-10-27 14:21:24] Imported from JSONL
[2025-10-27 14:21:24] Sync cycle complete
[2025-10-27 14:26:23] Starting sync cycle...
[2025-10-27 14:26:23] Exported to JSONL
[2025-10-27 14:26:24] Pulled from remote
[2025-10-27 14:26:24] Imported from JSONL
[2025-10-27 14:26:24] Sync cycle complete
[2025-10-27 14:31:23] Starting sync cycle...
[2025-10-27 14:31:23] Exported to JSONL
[2025-10-27 14:31:24] Pulled from remote
[2025-10-27 14:31:24] Imported from JSONL
[2025-10-27 14:31:24] Sync cycle complete
[2025-10-27 14:36:23] Starting sync cycle...
[2025-10-27 14:36:23] Exported to JSONL
[2025-10-27 14:36:24] Pulled from remote
[2025-10-27 14:36:24] Imported from JSONL
[2025-10-27 14:36:24] Sync cycle complete
[2025-10-27 14:41:23] Starting sync cycle...
[2025-10-27 14:41:23] Exported to JSONL
[2025-10-27 14:41:24] Pulled from remote
[2025-10-27 14:41:24] Imported from JSONL
[2025-10-27 14:41:24] Sync cycle complete
[2025-10-27 14:46:23] Starting sync cycle...
[2025-10-27 14:46:23] Exported to JSONL
[2025-10-27 14:46:24] Pulled from remote
[2025-10-27 14:46:24] Imported from JSONL
[2025-10-27 14:46:24] Sync cycle complete
[2025-10-27 14:51:23] Starting sync cycle...
[2025-10-27 14:51:23] Exported to JSONL
[2025-10-27 14:51:24] Pulled from remote
[2025-10-27 14:51:24] Imported from JSONL
[2025-10-27 14:51:24] Sync cycle complete
[2025-10-27 14:56:23] Starting sync cycle...
[2025-10-27 14:56:23] Exported to JSONL
[2025-10-27 14:56:24] Pulled from remote
[2025-10-27 14:56:24] Imported from JSONL
[2025-10-27 14:56:24] Sync cycle complete
[2025-10-27 15:01:23] Starting sync cycle...
[2025-10-27 15:01:23] Exported to JSONL
[2025-10-27 15:01:24] Pulled from remote
[2025-10-27 15:01:24] Imported from JSONL
[2025-10-27 15:01:24] Sync cycle complete
[2025-10-27 15:06:23] Starting sync cycle...
[2025-10-27 15:06:23] Exported to JSONL
[2025-10-27 15:06:24] Pulled from remote
[2025-10-27 15:06:24] Imported from JSONL
[2025-10-27 15:06:24] Sync cycle complete
[2025-10-27 15:11:23] Starting sync cycle...
[2025-10-27 15:11:23] Exported to JSONL
[2025-10-27 15:11:24] Pulled from remote
[2025-10-27 15:11:24] Imported from JSONL
[2025-10-27 15:11:24] Sync cycle complete
[2025-10-27 15:16:23] Starting sync cycle...
[2025-10-27 15:16:23] Exported to JSONL
[2025-10-27 15:16:24] Pulled from remote
[2025-10-27 15:16:24] Imported from JSONL
[2025-10-27 15:16:24] Sync cycle complete
[2025-10-27 15:21:23] Starting sync cycle...
[2025-10-27 15:21:23] Exported to JSONL
[2025-10-27 15:21:24] Pulled from remote
[2025-10-27 15:21:24] Imported from JSONL
[2025-10-27 15:21:24] Sync cycle complete
[2025-10-27 15:26:23] Starting sync cycle...
[2025-10-27 15:26:23] Exported to JSONL
[2025-10-27 15:26:24] Pulled from remote
[2025-10-27 15:26:24] Imported from JSONL
[2025-10-27 15:26:24] Sync cycle complete
[2025-10-27 15:31:23] Starting sync cycle...
[2025-10-27 15:31:23] Exported to JSONL
[2025-10-27 15:31:24] Pulled from remote
[2025-10-27 15:31:24] Imported from JSONL
[2025-10-27 15:31:24] Sync cycle complete
[2025-10-27 15:36:23] Starting sync cycle...
[2025-10-27 15:36:23] Exported to JSONL
[2025-10-27 15:36:24] Pulled from remote
[2025-10-27 15:36:24] Imported from JSONL
[2025-10-27 15:36:24] Sync cycle complete
[2025-10-27 15:41:23] Starting sync cycle...
[2025-10-27 15:41:23] Exported to JSONL
[2025-10-27 15:41:24] Pulled from remote
[2025-10-27 15:41:24] Imported from JSONL
[2025-10-27 15:41:24] Sync cycle complete
[2025-10-27 15:46:23] Starting sync cycle...
[2025-10-27 15:46:23] Exported to JSONL
[2025-10-27 15:46:24] Pulled from remote
[2025-10-27 15:46:24] Imported from JSONL
[2025-10-27 15:46:24] Sync cycle complete
[2025-10-27 15:51:23] Starting sync cycle...
[2025-10-27 15:51:23] Exported to JSONL
[2025-10-27 15:51:24] Pulled from remote
[2025-10-27 15:51:24] Imported from JSONL
[2025-10-27 15:51:24] Sync cycle complete
[2025-10-27 15:56:23] Starting sync cycle...
[2025-10-27 15:56:23] Exported to JSONL
[2025-10-27 15:56:24] Pulled from remote
[2025-10-27 15:56:24] Imported from JSONL
[2025-10-27 15:56:24] Sync cycle complete
[2025-10-27 16:01:23] Starting sync cycle...
[2025-10-27 16:01:23] Exported to JSONL
[2025-10-27 16:01:24] Pulled from remote
[2025-10-27 16:01:24] Imported from JSONL
[2025-10-27 16:01:24] Sync cycle complete
[2025-10-27 16:06:23] Starting sync cycle...
[2025-10-27 16:06:23] Exported to JSONL
[2025-10-27 16:06:24] Pulled from remote
[2025-10-27 16:06:24] Imported from JSONL
[2025-10-27 16:06:24] Sync cycle complete
[2025-10-27 16:11:23] Starting sync cycle...
[2025-10-27 16:11:23] Exported to JSONL
[2025-10-27 16:11:24] Pulled from remote
[2025-10-27 16:11:24] Imported from JSONL
[2025-10-27 16:11:24] Sync cycle complete
[2025-10-27 16:16:23] Starting sync cycle...
[2025-10-27 16:16:23] Exported to JSONL
[2025-10-27 16:16:24] Pulled from remote
[2025-10-27 16:16:24] Imported from JSONL
[2025-10-27 16:16:24] Sync cycle complete
[2025-10-27 16:21:23] Starting sync cycle...
[2025-10-27 16:21:23] Exported to JSONL
[2025-10-27 16:21:24] Pulled from remote
[2025-10-27 16:21:24] Imported from JSONL
[2025-10-27 16:21:24] Sync cycle complete
[2025-10-27 16:26:23] Starting sync cycle...
[2025-10-27 16:26:23] Exported to JSONL
[2025-10-27 16:26:24] Pulled from remote
[2025-10-27 16:26:24] Imported from JSONL
[2025-10-27 16:26:24] Sync cycle complete
[2025-10-27 16:31:23] Starting sync cycle...
[2025-10-27 16:31:23] Exported to JSONL
[2025-10-27 16:31:24] Pulled from remote
[2025-10-27 16:31:24] Imported from JSONL
[2025-10-27 16:31:24] Sync cycle complete
[2025-10-27 16:36:23] Starting sync cycle...
[2025-10-27 16:36:23] Exported to JSONL
[2025-10-27 16:36:24] Pulled from remote
[2025-10-27 16:36:24] Imported from JSONL
[2025-10-27 16:36:24] Sync cycle complete
[2025-10-27 16:41:23] Starting sync cycle...
[2025-10-27 16:41:23] Exported to JSONL
[2025-10-27 16:41:24] Pulled from remote
[2025-10-27 16:41:24] Imported from JSONL
[2025-10-27 16:41:24] Sync cycle complete
[2025-10-27 16:46:23] Starting sync cycle...
[2025-10-27 16:46:23] Exported to JSONL
[2025-10-27 16:46:24] Pulled from remote
[2025-10-27 16:46:24] Imported from JSONL
[2025-10-27 16:46:24] Sync cycle complete
[2025-10-27 16:51:23] Starting sync cycle...
[2025-10-27 16:51:23] Exported to JSONL
[2025-10-27 16:51:24] Pulled from remote
[2025-10-27 16:51:24] Imported from JSONL
[2025-10-27 16:51:24] Sync cycle complete
[2025-10-27 16:56:23] Starting sync cycle...
[2025-10-27 16:56:23] Exported to JSONL
[2025-10-27 16:56:24] Pulled from remote
[2025-10-27 16:56:24] Imported from JSONL
[2025-10-27 16:56:24] Sync cycle complete
[2025-10-27 17:01:23] Starting sync cycle...
[2025-10-27 17:01:23] Exported to JSONL
[2025-10-27 17:01:24] Pulled from remote
[2025-10-27 17:01:24] Imported from JSONL
[2025-10-27 17:01:24] Sync cycle complete
[2025-10-27 17:06:23] Starting sync cycle...
[2025-10-27 17:06:23] Exported to JSONL
[2025-10-27 17:06:24] Pulled from remote
[2025-10-27 17:06:24] Imported from JSONL
[2025-10-27 17:06:24] Sync cycle complete
[2025-10-27 17:11:23] Starting sync cycle...
[2025-10-27 17:11:23] Exported to JSONL
[2025-10-27 17:11:24] Pulled from remote
[2025-10-27 17:11:24] Imported from JSONL
[2025-10-27 17:11:24] Sync cycle complete
[2025-10-27 17:16:23] Starting sync cycle...
[2025-10-27 17:16:23] Exported to JSONL
[2025-10-27 17:16:24] Pulled from remote
[2025-10-27 17:16:24] Imported from JSONL
[2025-10-27 17:16:24] Sync cycle complete
[2025-10-27 17:21:23] Starting sync cycle...
[2025-10-27 17:21:23] Exported to JSONL
[2025-10-27 17:21:24] Pulled from remote
[2025-10-27 17:21:24] Imported from JSONL
[2025-10-27 17:21:24] Sync cycle complete
[2025-10-27 17:26:23] Starting sync cycle...
[2025-10-27 17:26:23] Exported to JSONL
[2025-10-27 17:26:24] Pulled from remote
[2025-10-27 17:26:24] Imported from JSONL
[2025-10-27 17:26:24] Sync cycle complete
[2025-10-27 17:31:23] Starting sync cycle...
[2025-10-27 17:31:23] Exported to JSONL
[2025-10-27 17:31:24] Pulled from remote
[2025-10-27 17:31:24] Imported from JSONL
[2025-10-27 17:31:24] Sync cycle complete
[2025-10-27 17:36:23] Starting sync cycle...
[2025-10-27 17:36:23] Exported to JSONL
[2025-10-27 17:36:24] Pulled from remote
[2025-10-27 17:36:24] Imported from JSONL
[2025-10-27 17:36:24] Sync cycle complete
[2025-10-27 17:41:23] Starting sync cycle...
[2025-10-27 17:41:23] Exported to JSONL
[2025-10-27 17:41:24] Pulled from remote
[2025-10-27 17:41:24] Imported from JSONL
[2025-10-27 17:41:24] Sync cycle complete
[2025-10-27 17:46:23] Starting sync cycle...
[2025-10-27 17:46:23] Exported to JSONL
[2025-10-27 17:46:24] Pulled from remote
[2025-10-27 17:46:24] Imported from JSONL
[2025-10-27 17:46:24] Sync cycle complete
[2025-10-27 17:51:23] Starting sync cycle...
[2025-10-27 17:51:23] Exported to JSONL
[2025-10-27 17:51:24] Pulled from remote
[2025-10-27 17:51:24] Imported from JSONL
[2025-10-27 17:51:24] Sync cycle complete
[2025-10-27 17:56:23] Starting sync cycle...
[2025-10-27 17:56:23] Exported to JSONL
[2025-10-27 17:56:24] Pulled from remote
[2025-10-27 17:56:24] Imported from JSONL
[2025-10-27 17:56:24] Sync cycle complete
[2025-10-27 18:01:23] Starting sync cycle...
[2025-10-27 18:01:23] Exported to JSONL
[2025-10-27 18:01:24] Pulled from remote
[2025-10-27 18:01:24] Imported from JSONL
[2025-10-27 18:01:24] Sync cycle complete
[2025-10-27 18:06:23] Starting sync cycle...
[2025-10-27 18:06:23] Exported to JSONL
[2025-10-27 18:06:24] Pulled from remote
[2025-10-27 18:06:24] Imported from JSONL
[2025-10-27 18:06:24] Sync cycle complete
[2025-10-27 18:11:23] Starting sync cycle...
[2025-10-27 18:11:23] Exported to JSONL
[2025-10-27 18:11:24] Pulled from remote
[2025-10-27 18:11:24] Imported from JSONL
[2025-10-27 18:11:24] Sync cycle complete
[2025-10-27 18:16:23] Starting sync cycle...
[2025-10-27 18:16:23] Exported to JSONL
[2025-10-27 18:16:24] Pulled from remote
[2025-10-27 18:16:24] Imported from JSONL
[2025-10-27 18:16:24] Sync cycle complete
[2025-10-27 18:21:23] Starting sync cycle...
[2025-10-27 18:21:23] Exported to JSONL
[2025-10-27 18:21:24] Pulled from remote
[2025-10-27 18:21:24] Imported from JSONL
[2025-10-27 18:21:24] Sync cycle complete
[2025-10-27 18:26:23] Starting sync cycle...
[2025-10-27 18:26:23] Exported to JSONL
[2025-10-27 18:26:24] Pulled from remote
[2025-10-27 18:26:24] Imported from JSONL
[2025-10-27 18:26:24] Sync cycle complete
[2025-10-27 18:31:23] Starting sync cycle...
[2025-10-27 18:31:23] Exported to JSONL
[2025-10-27 18:31:24] Pulled from remote
[2025-10-27 18:31:24] Imported from JSONL
[2025-10-27 18:31:24] Sync cycle complete
[2025-10-27 18:36:23] Starting sync cycle...
[2025-10-27 18:36:23] Exported to JSONL
[2025-10-27 18:36:24] Pulled from remote
[2025-10-27 18:36:24] Imported from JSONL
[2025-10-27 18:36:24] Sync cycle complete
[2025-10-27 18:41:23] Starting sync cycle...
[2025-10-27 18:41:23] Exported to JSONL
[2025-10-27 18:41:24] Pulled from remote
[2025-10-27 18:41:24] Imported from JSONL
[2025-10-27 18:41:24] Sync cycle complete
[2025-10-27 18:46:23] Starting sync cycle...
[2025-10-27 18:46:23] Exported to JSONL
[2025-10-27 18:46:24] Pulled from remote
[2025-10-27 18:46:24] Imported from JSONL
[2025-10-27 18:46:24] Sync cycle complete
[2025-10-27 18:51:23] Starting sync cycle...
[2025-10-27 18:51:23] Exported to JSONL
[2025-10-27 18:51:24] Pulled from remote
[2025-10-27 18:51:24] Imported from JSONL
[2025-10-27 18:51:24] Sync cycle complete
[2025-10-27 18:56:23] Starting sync cycle...
[2025-10-27 18:56:23] Exported to JSONL
[2025-10-27 18:56:24] Pulled from remote
[2025-10-27 18:56:24] Imported from JSONL
[2025-10-27 18:56:24] Sync cycle complete
[2025-10-27 19:01:23] Starting sync cycle...
[2025-10-27 19:01:23] Exported to JSONL
[2025-10-27 19:01:24] Pulled from remote
[2025-10-27 19:01:24] Imported from JSONL
[2025-10-27 19:01:24] Sync cycle complete
[2025-10-27 19:06:23] Starting sync cycle...
[2025-10-27 19:06:23] Exported to JSONL
[2025-10-27 19:06:24] Pulled from remote
[2025-10-27 19:06:24] Imported from JSONL
[2025-10-27 19:06:24] Sync cycle complete
[2025-10-27 19:11:23] Starting sync cycle...
[2025-10-27 19:11:23] Exported to JSONL
[2025-10-27 19:11:24] Pulled from remote
[2025-10-27 19:11:24] Imported from JSONL
[2025-10-27 19:11:24] Sync cycle complete
[2025-10-27 19:16:23] Starting sync cycle...
[2025-10-27 19:16:23] Exported to JSONL
[2025-10-27 19:16:24] Pulled from remote
[2025-10-27 19:16:24] Imported from JSONL
[2025-10-27 19:16:24] Sync cycle complete
[2025-10-27 19:21:23] Starting sync cycle...
[2025-10-27 19:21:23] Exported to JSONL
[2025-10-27 19:21:24] Pulled from remote
[2025-10-27 19:21:24] Imported from JSONL
[2025-10-27 19:21:24] Sync cycle complete
[2025-10-27 19:26:23] Starting sync cycle...
[2025-10-27 19:26:23] Exported to JSONL
[2025-10-27 19:26:24] Pulled from remote
[2025-10-27 19:26:24] Imported from JSONL
[2025-10-27 19:26:24] Sync cycle complete
[2025-10-27 19:31:23] Starting sync cycle...
[2025-10-27 19:31:23] Exported to JSONL
[2025-10-27 19:31:24] Pulled from remote
[2025-10-27 19:31:24] Imported from JSONL
[2025-10-27 19:31:24] Sync cycle complete
[2025-10-27 19:36:23] Starting sync cycle...
[2025-10-27 19:36:23] Exported to JSONL
[2025-10-27 19:36:24] Pulled from remote
[2025-10-27 19:36:24] Imported from JSONL
[2025-10-27 19:36:24] Sync cycle complete
[2025-10-27 21:52:30] Starting sync cycle...
[2025-10-27 21:52:30] Exported to JSONL
[2025-10-27 21:52:30] Pulled from remote
[2025-10-27 21:52:30] Imported from JSONL
[2025-10-27 21:52:30] Sync cycle complete
[2025-10-27 21:57:30] Starting sync cycle...
[2025-10-27 21:57:30] Exported to JSONL
[2025-10-27 21:57:30] Pulled from remote
[2025-10-27 21:57:30] Imported from JSONL
[2025-10-27 21:57:30] Sync cycle complete
[2025-10-27 22:02:30] Starting sync cycle...
[2025-10-27 22:02:30] Exported to JSONL
[2025-10-27 22:02:30] Pulled from remote
[2025-10-27 22:02:30] Imported from JSONL
[2025-10-27 22:02:30] Sync cycle complete
[2025-10-27 22:07:30] Starting sync cycle...
[2025-10-27 22:07:30] Exported to JSONL
[2025-10-27 22:07:30] Pulled from remote
[2025-10-27 22:07:30] Imported from JSONL
[2025-10-27 22:07:30] Sync cycle complete
[2025-10-27 22:12:30] Starting sync cycle...
[2025-10-27 22:12:30] Exported to JSONL
[2025-10-27 22:12:30] Pulled from remote
[2025-10-27 22:12:30] Imported from JSONL
[2025-10-27 22:12:30] Sync cycle complete
[2025-10-27 22:17:30] Starting sync cycle...
[2025-10-27 22:17:30] Exported to JSONL
[2025-10-27 22:17:30] Pulled from remote
[2025-10-27 22:17:30] Imported from JSONL
[2025-10-27 22:17:30] Sync cycle complete
[2025-10-27 22:22:30] Starting sync cycle...
[2025-10-27 22:22:30] Exported to JSONL
[2025-10-27 22:22:30] Pulled from remote
[2025-10-27 22:22:30] Imported from JSONL
[2025-10-27 22:22:30] Sync cycle complete
[2025-10-27 22:27:31] Starting sync cycle...
[2025-10-27 22:27:31] Exported to JSONL
[2025-10-27 22:27:31] Pulled from remote
[2025-10-27 22:27:31] Imported from JSONL
[2025-10-27 22:27:31] Sync cycle complete
[2025-10-27 22:32:31] Starting sync cycle...
[2025-10-27 22:32:31] Exported to JSONL
[2025-10-27 22:32:31] Pulled from remote
[2025-10-27 22:32:31] Imported from JSONL
[2025-10-27 22:32:31] Sync cycle complete
[2025-10-27 22:37:31] Starting sync cycle...
[2025-10-27 22:37:31] Exported to JSONL
[2025-10-27 22:37:31] Pulled from remote
[2025-10-27 22:37:31] Imported from JSONL
[2025-10-27 22:37:31] Sync cycle complete
[2025-10-27 22:42:31] Starting sync cycle...
[2025-10-27 22:42:31] Exported to JSONL
[2025-10-27 22:42:31] Pulled from remote
[2025-10-27 22:42:31] Imported from JSONL
[2025-10-27 22:42:31] Sync cycle complete
[2025-10-27 22:47:31] Starting sync cycle...
[2025-10-27 22:47:31] Exported to JSONL
[2025-10-27 22:47:31] Pulled from remote
[2025-10-27 22:47:31] Imported from JSONL
[2025-10-27 22:47:31] Sync cycle complete
[2025-10-27 22:52:31] Starting sync cycle...
[2025-10-27 22:52:31] Exported to JSONL
[2025-10-27 22:52:31] Pulled from remote
[2025-10-27 22:52:31] Imported from JSONL
[2025-10-27 22:52:31] Sync cycle complete
[2025-10-27 22:57:31] Starting sync cycle...
[2025-10-27 22:57:31] Exported to JSONL
[2025-10-27 22:57:31] Pulled from remote
[2025-10-27 22:57:31] Imported from JSONL
[2025-10-27 22:57:31] Sync cycle complete
[2025-10-27 23:02:31] Starting sync cycle...
[2025-10-27 23:02:31] Exported to JSONL
[2025-10-27 23:02:31] Pulled from remote
[2025-10-27 23:02:31] Imported from JSONL
[2025-10-27 23:02:31] Sync cycle complete
[2025-10-27 23:07:31] Starting sync cycle...
[2025-10-27 23:07:31] Exported to JSONL
[2025-10-27 23:07:31] Pulled from remote
[2025-10-27 23:07:31] Imported from JSONL
[2025-10-27 23:07:31] Sync cycle complete
[2025-10-27 23:12:31] Starting sync cycle...
[2025-10-27 23:12:31] Exported to JSONL
[2025-10-27 23:12:31] Pulled from remote
[2025-10-27 23:12:31] Imported from JSONL
[2025-10-27 23:12:31] Sync cycle complete
[2025-10-27 23:17:31] Starting sync cycle...
[2025-10-27 23:17:31] Exported to JSONL
[2025-10-27 23:17:31] Pulled from remote
[2025-10-27 23:17:31] Imported from JSONL
[2025-10-27 23:17:31] Sync cycle complete
[2025-10-27 23:22:31] Starting sync cycle...
[2025-10-27 23:22:31] Exported to JSONL
[2025-10-27 23:22:31] Pulled from remote
[2025-10-27 23:22:31] Imported from JSONL
[2025-10-27 23:22:31] Sync cycle complete
[2025-10-27 23:27:31] Starting sync cycle...
[2025-10-27 23:27:31] Exported to JSONL
[2025-10-27 23:27:31] Pulled from remote
[2025-10-27 23:27:31] Imported from JSONL
[2025-10-27 23:27:31] Sync cycle complete
[2025-10-27 23:32:31] Starting sync cycle...
[2025-10-27 23:32:31] Exported to JSONL
[2025-10-27 23:32:31] Pulled from remote
[2025-10-27 23:32:31] Imported from JSONL
[2025-10-27 23:32:31] Sync cycle complete
[2025-10-27 23:37:31] Starting sync cycle...
[2025-10-27 23:37:31] Exported to JSONL
[2025-10-27 23:37:31] Pulled from remote
[2025-10-27 23:37:31] Imported from JSONL
[2025-10-27 23:37:31] Sync cycle complete
[2025-10-27 23:42:31] Starting sync cycle...
[2025-10-27 23:42:31] Exported to JSONL
[2025-10-27 23:42:31] Pulled from remote
[2025-10-27 23:42:31] Imported from JSONL
[2025-10-27 23:42:31] Sync cycle complete
[2025-10-27 23:47:31] Starting sync cycle...
[2025-10-27 23:47:31] Exported to JSONL
[2025-10-27 23:47:31] Pulled from remote
[2025-10-27 23:47:31] Imported from JSONL
[2025-10-27 23:47:31] Sync cycle complete
[2025-10-27 23:52:31] Starting sync cycle...
[2025-10-27 23:52:31] Exported to JSONL
[2025-10-27 23:52:31] Pulled from remote
[2025-10-27 23:52:31] Imported from JSONL
[2025-10-27 23:52:31] Sync cycle complete
[2025-10-27 23:57:31] Starting sync cycle...
[2025-10-27 23:57:31] Exported to JSONL
[2025-10-27 23:57:31] Pulled from remote
[2025-10-27 23:57:31] Imported from JSONL
[2025-10-27 23:57:31] Sync cycle complete
[2025-10-28 00:02:31] Starting sync cycle...
[2025-10-28 00:02:31] Exported to JSONL
[2025-10-28 00:02:31] Pulled from remote
[2025-10-28 00:02:31] Imported from JSONL
[2025-10-28 00:02:31] Sync cycle complete
[2025-10-28 00:07:31] Starting sync cycle...
[2025-10-28 00:07:31] Exported to JSONL
[2025-10-28 00:07:31] Pulled from remote
[2025-10-28 00:07:31] Imported from JSONL
[2025-10-28 00:07:31] Sync cycle complete
[2025-10-28 00:12:31] Starting sync cycle...
[2025-10-28 00:12:31] Exported to JSONL
[2025-10-28 00:12:31] Pulled from remote
[2025-10-28 00:12:31] Imported from JSONL
[2025-10-28 00:12:31] Sync cycle complete
[2025-10-28 00:17:31] Starting sync cycle...
[2025-10-28 00:17:31] Exported to JSONL
[2025-10-28 00:17:31] Pulled from remote
[2025-10-28 00:17:31] Imported from JSONL
[2025-10-28 00:17:31] Sync cycle complete
[2025-10-28 00:22:31] Starting sync cycle...
[2025-10-28 00:22:31] Exported to JSONL
[2025-10-28 00:22:31] Pulled from remote
[2025-10-28 00:22:31] Imported from JSONL
[2025-10-28 00:22:31] Sync cycle complete
[2025-10-28 00:27:31] Starting sync cycle...
[2025-10-28 00:27:31] Exported to JSONL
[2025-10-28 00:27:31] Pulled from remote
[2025-10-28 00:27:31] Imported from JSONL
[2025-10-28 00:27:31] Sync cycle complete
[2025-10-28 00:32:31] Starting sync cycle...
[2025-10-28 00:32:31] Exported to JSONL
[2025-10-28 00:32:31] Pulled from remote
[2025-10-28 00:32:31] Imported from JSONL
[2025-10-28 00:32:31] Sync cycle complete
[2025-10-28 00:37:31] Starting sync cycle...
[2025-10-28 00:37:31] Exported to JSONL
[2025-10-28 00:37:31] Pulled from remote
[2025-10-28 00:37:31] Imported from JSONL
[2025-10-28 00:37:31] Sync cycle complete
[2025-10-28 00:42:31] Starting sync cycle...
[2025-10-28 00:42:31] Exported to JSONL
[2025-10-28 00:42:31] Pulled from remote
[2025-10-28 00:42:31] Imported from JSONL
[2025-10-28 00:42:31] Sync cycle complete
[2025-10-28 00:47:31] Starting sync cycle...
[2025-10-28 00:47:31] Exported to JSONL
[2025-10-28 00:47:31] Pulled from remote
[2025-10-28 00:47:31] Imported from JSONL
[2025-10-28 00:47:31] Sync cycle complete
[2025-10-28 00:52:31] Starting sync cycle...
[2025-10-28 00:52:31] Exported to JSONL
[2025-10-28 00:52:31] Pulled from remote
[2025-10-28 00:52:31] Imported from JSONL
[2025-10-28 00:52:31] Sync cycle complete
[2025-10-28 00:57:31] Starting sync cycle...
[2025-10-28 00:57:31] Exported to JSONL
[2025-10-28 00:57:31] Pulled from remote
[2025-10-28 00:57:31] Imported from JSONL
[2025-10-28 00:57:31] Sync cycle complete
[2025-10-28 01:02:31] Starting sync cycle...
[2025-10-28 01:02:31] Exported to JSONL
[2025-10-28 01:02:31] Pulled from remote
[2025-10-28 01:02:31] Imported from JSONL
[2025-10-28 01:02:31] Sync cycle complete
[2025-10-28 01:07:31] Starting sync cycle...
[2025-10-28 01:07:31] Exported to JSONL
[2025-10-28 01:07:31] Pulled from remote
[2025-10-28 01:07:31] Imported from JSONL
[2025-10-28 01:07:31] Sync cycle complete
[2025-10-28 01:12:31] Starting sync cycle...
[2025-10-28 01:12:31] Exported to JSONL
[2025-10-28 01:12:31] Pulled from remote
[2025-10-28 01:12:31] Imported from JSONL
[2025-10-28 01:12:31] Sync cycle complete
[2025-10-28 01:17:31] Starting sync cycle...
[2025-10-28 01:17:31] Exported to JSONL
[2025-10-28 01:17:31] Pulled from remote
[2025-10-28 01:17:31] Imported from JSONL
[2025-10-28 01:17:31] Sync cycle complete
[2025-10-28 01:22:31] Starting sync cycle...
[2025-10-28 01:22:31] Exported to JSONL
[2025-10-28 01:22:31] Pulled from remote
[2025-10-28 01:22:31] Imported from JSONL
[2025-10-28 01:22:31] Sync cycle complete
[2025-10-28 01:27:31] Starting sync cycle...
[2025-10-28 01:27:31] Exported to JSONL
[2025-10-28 01:27:31] Pulled from remote
[2025-10-28 01:27:31] Imported from JSONL
[2025-10-28 01:27:31] Sync cycle complete
[2025-10-28 01:32:31] Starting sync cycle...
[2025-10-28 01:32:31] Exported to JSONL
[2025-10-28 01:32:31] Pulled from remote
[2025-10-28 01:32:31] Imported from JSONL
[2025-10-28 01:32:31] Sync cycle complete
[2025-10-28 01:37:31] Starting sync cycle...
[2025-10-28 01:37:31] Exported to JSONL
[2025-10-28 01:37:31] Pulled from remote
[2025-10-28 01:37:31] Imported from JSONL
[2025-10-28 01:37:31] Sync cycle complete
[2025-10-28 01:42:31] Starting sync cycle...
[2025-10-28 01:42:31] Exported to JSONL
[2025-10-28 01:42:31] Pulled from remote
[2025-10-28 01:42:31] Imported from JSONL
[2025-10-28 01:42:31] Sync cycle complete
[2025-10-28 01:47:31] Starting sync cycle...
[2025-10-28 01:47:31] Exported to JSONL
[2025-10-28 01:47:31] Pulled from remote
[2025-10-28 01:47:31] Imported from JSONL
[2025-10-28 01:47:31] Sync cycle complete
[2025-10-28 01:52:31] Starting sync cycle...
[2025-10-28 01:52:31] Exported to JSONL
[2025-10-28 01:52:31] Pulled from remote
[2025-10-28 01:52:31] Imported from JSONL
[2025-10-28 01:52:31] Sync cycle complete
[2025-10-28 01:57:31] Starting sync cycle...
[2025-10-28 01:57:31] Exported to JSONL
[2025-10-28 01:57:31] Pulled from remote
[2025-10-28 01:57:31] Imported from JSONL
[2025-10-28 01:57:31] Sync cycle complete
[2025-10-28 02:02:31] Starting sync cycle...
[2025-10-28 02:02:31] Exported to JSONL
[2025-10-28 02:02:31] Pulled from remote
[2025-10-28 02:02:31] Imported from JSONL
[2025-10-28 02:02:31] Sync cycle complete
[2025-10-28 02:07:31] Starting sync cycle...
[2025-10-28 02:07:31] Exported to JSONL
[2025-10-28 02:07:31] Pulled from remote
[2025-10-28 02:07:31] Imported from JSONL
[2025-10-28 02:07:31] Sync cycle complete
[2025-10-28 02:12:31] Starting sync cycle...
[2025-10-28 02:12:31] Exported to JSONL
[2025-10-28 02:12:31] Pulled from remote
[2025-10-28 02:12:31] Imported from JSONL
[2025-10-28 02:12:31] Sync cycle complete
[2025-10-28 02:17:31] Starting sync cycle...
[2025-10-28 02:17:31] Exported to JSONL
[2025-10-28 02:17:31] Pulled from remote
[2025-10-28 02:17:31] Imported from JSONL
[2025-10-28 02:17:31] Sync cycle complete
[2025-10-28 02:22:31] Starting sync cycle...
[2025-10-28 02:22:31] Exported to JSONL
[2025-10-28 02:22:31] Pulled from remote
[2025-10-28 02:22:31] Imported from JSONL
[2025-10-28 02:22:31] Sync cycle complete
[2025-10-28 02:27:31] Starting sync cycle...
[2025-10-28 02:27:31] Exported to JSONL
[2025-10-28 02:27:31] Pulled from remote
[2025-10-28 02:27:31] Imported from JSONL
[2025-10-28 02:27:31] Sync cycle complete
[2025-10-28 02:32:31] Starting sync cycle...
[2025-10-28 02:32:31] Exported to JSONL
[2025-10-28 02:32:31] Pulled from remote
[2025-10-28 02:32:31] Imported from JSONL
[2025-10-28 02:32:31] Sync cycle complete
[2025-10-28 02:37:31] Starting sync cycle...
[2025-10-28 02:37:31] Exported to JSONL
[2025-10-28 02:37:31] Pulled from remote
[2025-10-28 02:37:31] Imported from JSONL
[2025-10-28 02:37:31] Sync cycle complete
[2025-10-28 02:42:31] Starting sync cycle...
[2025-10-28 02:42:31] Exported to JSONL
[2025-10-28 02:42:31] Pulled from remote
[2025-10-28 02:42:31] Imported from JSONL
[2025-10-28 02:42:31] Sync cycle complete
[2025-10-28 02:47:31] Starting sync cycle...
[2025-10-28 02:47:31] Exported to JSONL
[2025-10-28 02:47:31] Pulled from remote
[2025-10-28 02:47:31] Imported from JSONL
[2025-10-28 02:47:31] Sync cycle complete
[2025-10-28 02:52:31] Starting sync cycle...
[2025-10-28 02:52:31] Exported to JSONL
[2025-10-28 02:52:31] Pulled from remote
[2025-10-28 02:52:31] Imported from JSONL
[2025-10-28 02:52:31] Sync cycle complete
[2025-10-28 02:57:31] Starting sync cycle...
[2025-10-28 02:57:31] Exported to JSONL
[2025-10-28 02:57:31] Pulled from remote
[2025-10-28 02:57:31] Imported from JSONL
[2025-10-28 02:57:31] Sync cycle complete
[2025-10-28 03:02:31] Starting sync cycle...
[2025-10-28 03:02:31] Exported to JSONL
[2025-10-28 03:02:31] Pulled from remote
[2025-10-28 03:02:31] Imported from JSONL
[2025-10-28 03:02:31] Sync cycle complete
[2025-10-28 03:07:31] Starting sync cycle...
[2025-10-28 03:07:31] Exported to JSONL
[2025-10-28 03:07:31] Pulled from remote
[2025-10-28 03:07:31] Imported from JSONL
[2025-10-28 03:07:31] Sync cycle complete
[2025-10-28 03:12:31] Starting sync cycle...
[2025-10-28 03:12:31] Exported to JSONL
[2025-10-28 03:12:31] Pulled from remote
[2025-10-28 03:12:31] Imported from JSONL
[2025-10-28 03:12:31] Sync cycle complete
[2025-10-28 03:17:31] Starting sync cycle...
[2025-10-28 03:17:31] Exported to JSONL
[2025-10-28 03:17:31] Pulled from remote
[2025-10-28 03:17:31] Imported from JSONL
[2025-10-28 03:17:31] Sync cycle complete
[2025-10-28 03:22:31] Starting sync cycle...
[2025-10-28 03:22:31] Exported to JSONL
[2025-10-28 03:22:31] Pulled from remote
[2025-10-28 03:22:31] Imported from JSONL
[2025-10-28 03:22:31] Sync cycle complete
[2025-10-28 03:27:31] Starting sync cycle...
[2025-10-28 03:27:31] Exported to JSONL
[2025-10-28 03:27:31] Pulled from remote
[2025-10-28 03:27:31] Imported from JSONL
[2025-10-28 03:27:31] Sync cycle complete
[2025-10-28 03:32:31] Starting sync cycle...
[2025-10-28 03:32:31] Exported to JSONL
[2025-10-28 03:32:31] Pulled from remote
[2025-10-28 03:32:31] Imported from JSONL
[2025-10-28 03:32:31] Sync cycle complete
[2025-10-28 03:37:31] Starting sync cycle...
[2025-10-28 03:37:31] Exported to JSONL
[2025-10-28 03:37:31] Pulled from remote
[2025-10-28 03:37:31] Imported from JSONL
[2025-10-28 03:37:31] Sync cycle complete
[2025-10-28 03:42:31] Starting sync cycle...
[2025-10-28 03:42:31] Exported to JSONL
[2025-10-28 03:42:31] Pulled from remote
[2025-10-28 03:42:31] Imported from JSONL
[2025-10-28 03:42:31] Sync cycle complete
[2025-10-28 03:47:31] Starting sync cycle...
[2025-10-28 03:47:31] Exported to JSONL
[2025-10-28 03:47:31] Pulled from remote
[2025-10-28 03:47:31] Imported from JSONL
[2025-10-28 03:47:31] Sync cycle complete
[2025-10-28 03:52:31] Starting sync cycle...
[2025-10-28 03:52:31] Exported to JSONL
[2025-10-28 03:52:31] Pulled from remote
[2025-10-28 03:52:31] Imported from JSONL
[2025-10-28 03:52:31] Sync cycle complete
[2025-10-28 03:57:31] Starting sync cycle...
[2025-10-28 03:57:31] Exported to JSONL
[2025-10-28 03:57:31] Pulled from remote
[2025-10-28 03:57:31] Imported from JSONL
[2025-10-28 03:57:31] Sync cycle complete
[2025-10-28 04:02:31] Starting sync cycle...
[2025-10-28 04:02:31] Exported to JSONL
[2025-10-28 04:02:31] Pulled from remote
[2025-10-28 04:02:31] Imported from JSONL
[2025-10-28 04:02:31] Sync cycle complete
[2025-10-28 04:07:31] Starting sync cycle...
[2025-10-28 04:07:31] Exported to JSONL
[2025-10-28 04:07:31] Pulled from remote
[2025-10-28 04:07:31] Imported from JSONL
[2025-10-28 04:07:31] Sync cycle complete
[2025-10-28 04:12:31] Starting sync cycle...
[2025-10-28 04:12:31] Exported to JSONL
[2025-10-28 04:12:31] Pulled from remote
[2025-10-28 04:12:31] Imported from JSONL
[2025-10-28 04:12:31] Sync cycle complete
[2025-10-28 04:17:31] Starting sync cycle...
[2025-10-28 04:17:31] Exported to JSONL
[2025-10-28 04:17:31] Pulled from remote
[2025-10-28 04:17:31] Imported from JSONL
[2025-10-28 04:17:31] Sync cycle complete
[2025-10-28 04:22:31] Starting sync cycle...
[2025-10-28 04:22:31] Exported to JSONL
[2025-10-28 04:22:31] Pulled from remote
[2025-10-28 04:22:31] Imported from JSONL
[2025-10-28 04:22:31] Sync cycle complete
[2025-10-28 04:27:31] Starting sync cycle...
[2025-10-28 04:27:31] Exported to JSONL
[2025-10-28 04:27:31] Pulled from remote
[2025-10-28 04:27:31] Imported from JSONL
[2025-10-28 04:27:31] Sync cycle complete
[2025-10-28 04:32:31] Starting sync cycle...
[2025-10-28 04:32:31] Exported to JSONL
[2025-10-28 04:32:31] Pulled from remote
[2025-10-28 04:32:31] Imported from JSONL
[2025-10-28 04:32:31] Sync cycle complete
[2025-10-28 04:37:31] Starting sync cycle...
[2025-10-28 04:37:31] Exported to JSONL
[2025-10-28 04:37:31] Pulled from remote
[2025-10-28 04:37:31] Imported from JSONL
[2025-10-28 04:37:31] Sync cycle complete
[2025-10-28 04:42:31] Starting sync cycle...
[2025-10-28 04:42:31] Exported to JSONL
[2025-10-28 04:42:31] Pulled from remote
[2025-10-28 04:42:31] Imported from JSONL
[2025-10-28 04:42:31] Sync cycle complete
[2025-10-28 04:47:31] Starting sync cycle...
[2025-10-28 04:47:31] Exported to JSONL
[2025-10-28 04:47:31] Pulled from remote
[2025-10-28 04:47:31] Imported from JSONL
[2025-10-28 04:47:31] Sync cycle complete
[2025-10-28 04:52:31] Starting sync cycle...
[2025-10-28 04:52:31] Exported to JSONL
[2025-10-28 04:52:31] Pulled from remote
[2025-10-28 04:52:31] Imported from JSONL
[2025-10-28 04:52:31] Sync cycle complete
[2025-10-28 04:57:31] Starting sync cycle...
[2025-10-28 04:57:31] Exported to JSONL
[2025-10-28 04:57:31] Pulled from remote
[2025-10-28 04:57:31] Imported from JSONL
[2025-10-28 04:57:31] Sync cycle complete
[2025-10-28 05:02:31] Starting sync cycle...
[2025-10-28 05:02:31] Exported to JSONL
[2025-10-28 05:02:31] Pulled from remote
[2025-10-28 05:02:31] Imported from JSONL
[2025-10-28 05:02:31] Sync cycle complete
[2025-10-28 05:07:31] Starting sync cycle...
[2025-10-28 05:07:31] Exported to JSONL
[2025-10-28 05:07:31] Pulled from remote
[2025-10-28 05:07:31] Imported from JSONL
[2025-10-28 05:07:31] Sync cycle complete
[2025-10-28 05:12:31] Starting sync cycle...
[2025-10-28 05:12:31] Exported to JSONL
[2025-10-28 05:12:31] Pulled from remote
[2025-10-28 05:12:31] Imported from JSONL
[2025-10-28 05:12:31] Sync cycle complete
[2025-10-28 05:17:31] Starting sync cycle...
[2025-10-28 05:17:31] Exported to JSONL
[2025-10-28 05:17:31] Pulled from remote
[2025-10-28 05:17:31] Imported from JSONL
[2025-10-28 05:17:31] Sync cycle complete
[2025-10-28 05:22:31] Starting sync cycle...
[2025-10-28 05:22:31] Exported to JSONL
[2025-10-28 05:22:31] Pulled from remote
[2025-10-28 05:22:31] Imported from JSONL
[2025-10-28 05:22:31] Sync cycle complete
[2025-10-28 05:27:31] Starting sync cycle...
[2025-10-28 05:27:31] Exported to JSONL
[2025-10-28 05:27:31] Pulled from remote
[2025-10-28 05:27:31] Imported from JSONL
[2025-10-28 05:27:31] Sync cycle complete
[2025-10-28 05:32:31] Starting sync cycle...
[2025-10-28 05:32:31] Exported to JSONL
[2025-10-28 05:32:31] Pulled from remote
[2025-10-28 05:32:31] Imported from JSONL
[2025-10-28 05:32:31] Sync cycle complete
[2025-10-28 05:37:31] Starting sync cycle...
[2025-10-28 05:37:31] Exported to JSONL
[2025-10-28 05:37:31] Pulled from remote
[2025-10-28 05:37:31] Imported from JSONL
[2025-10-28 05:37:31] Sync cycle complete
[2025-10-28 05:42:31] Starting sync cycle...
[2025-10-28 05:42:31] Exported to JSONL
[2025-10-28 05:42:31] Pulled from remote
[2025-10-28 05:42:31] Imported from JSONL
[2025-10-28 05:42:31] Sync cycle complete
[2025-10-28 05:47:31] Starting sync cycle...
[2025-10-28 05:47:31] Exported to JSONL
[2025-10-28 05:47:31] Pulled from remote
[2025-10-28 05:47:31] Imported from JSONL
[2025-10-28 05:47:31] Sync cycle complete
[2025-10-28 05:52:31] Starting sync cycle...
[2025-10-28 05:52:31] Exported to JSONL
[2025-10-28 05:52:31] Pulled from remote
[2025-10-28 05:52:31] Imported from JSONL
[2025-10-28 05:52:31] Sync cycle complete
[2025-10-28 05:57:31] Starting sync cycle...
[2025-10-28 05:57:31] Exported to JSONL
[2025-10-28 05:57:31] Pulled from remote
[2025-10-28 05:57:31] Imported from JSONL
[2025-10-28 05:57:31] Sync cycle complete
[2025-10-28 06:02:31] Starting sync cycle...
[2025-10-28 06:02:31] Exported to JSONL
[2025-10-28 06:02:31] Pulled from remote
[2025-10-28 06:02:31] Imported from JSONL
[2025-10-28 06:02:31] Sync cycle complete
[2025-10-28 06:07:31] Starting sync cycle...
[2025-10-28 06:07:31] Exported to JSONL
[2025-10-28 06:07:31] Pulled from remote
[2025-10-28 06:07:31] Imported from JSONL
[2025-10-28 06:07:31] Sync cycle complete
[2025-10-28 06:12:31] Starting sync cycle...
[2025-10-28 06:12:31] Exported to JSONL
[2025-10-28 06:12:31] Pulled from remote
[2025-10-28 06:12:31] Imported from JSONL
[2025-10-28 06:12:31] Sync cycle complete
[2025-10-28 06:17:31] Starting sync cycle...
[2025-10-28 06:17:31] Exported to JSONL
[2025-10-28 06:17:31] Pulled from remote
[2025-10-28 06:17:31] Imported from JSONL
[2025-10-28 06:17:31] Sync cycle complete
[2025-10-28 06:22:31] Starting sync cycle...
[2025-10-28 06:22:31] Exported to JSONL
[2025-10-28 06:22:31] Pulled from remote
[2025-10-28 06:22:31] Imported from JSONL
[2025-10-28 06:22:31] Sync cycle complete
[2025-10-28 06:27:31] Starting sync cycle...
[2025-10-28 06:27:31] Exported to JSONL
[2025-10-28 06:27:31] Pulled from remote
[2025-10-28 06:27:31] Imported from JSONL
[2025-10-28 06:27:31] Sync cycle complete
[2025-10-28 06:32:31] Starting sync cycle...
[2025-10-28 06:32:31] Exported to JSONL
[2025-10-28 06:32:31] Pulled from remote
[2025-10-28 06:32:31] Imported from JSONL
[2025-10-28 06:32:31] Sync cycle complete
[2025-10-28 06:37:31] Starting sync cycle...
[2025-10-28 06:37:31] Exported to JSONL
[2025-10-28 06:37:31] Pulled from remote
[2025-10-28 06:37:31] Imported from JSONL
[2025-10-28 06:37:31] Sync cycle complete
[2025-10-28 06:42:31] Starting sync cycle...
[2025-10-28 06:42:31] Exported to JSONL
[2025-10-28 06:42:31] Pulled from remote
[2025-10-28 06:42:31] Imported from JSONL
[2025-10-28 06:42:31] Sync cycle complete
[2025-10-28 15:31:04] Starting sync cycle...
[2025-10-28 15:31:04] Exported to JSONL
[2025-10-28 15:31:04] Pulled from remote
[2025-10-28 15:31:04] Imported from JSONL
[2025-10-28 15:31:04] Sync cycle complete
[2025-10-28 15:36:04] Starting sync cycle...
[2025-10-28 15:36:04] Exported to JSONL
[2025-10-28 15:36:04] Pulled from remote
[2025-10-28 15:36:04] Imported from JSONL
[2025-10-28 15:36:04] Sync cycle complete
[2025-10-28 15:41:04] Starting sync cycle...
[2025-10-28 15:41:04] Exported to JSONL
[2025-10-28 15:41:04] Pulled from remote
[2025-10-28 15:41:04] Imported from JSONL
[2025-10-28 15:41:04] Sync cycle complete
[2025-10-28 15:46:04] Starting sync cycle...
[2025-10-28 15:46:04] Exported to JSONL
[2025-10-28 15:46:04] Pulled from remote
[2025-10-28 15:46:04] Imported from JSONL
[2025-10-28 15:46:04] Sync cycle complete
[2025-10-28 15:51:04] Starting sync cycle...
[2025-10-28 15:51:04] Exported to JSONL
[2025-10-28 15:51:04] Pulled from remote
[2025-10-28 15:51:04] Imported from JSONL
[2025-10-28 15:51:04] Sync cycle complete
[2025-10-28 15:56:04] Starting sync cycle...
[2025-10-28 15:56:04] Exported to JSONL
[2025-10-28 15:56:04] Pulled from remote
[2025-10-28 15:56:04] Imported from JSONL
[2025-10-28 15:56:04] Sync cycle complete
[2025-10-28 16:01:04] Starting sync cycle...
[2025-10-28 16:01:04] Exported to JSONL
[2025-10-28 16:01:04] Pulled from remote
[2025-10-28 16:01:04] Imported from JSONL
[2025-10-28 16:01:04] Sync cycle complete
[2025-10-28 16:06:04] Starting sync cycle...
[2025-10-28 16:06:04] Exported to JSONL
[2025-10-28 16:06:04] Pulled from remote
[2025-10-28 16:06:04] Imported from JSONL
[2025-10-28 16:06:04] Sync cycle complete
[2025-10-28 16:11:04] Starting sync cycle...
[2025-10-28 16:11:04] Exported to JSONL
[2025-10-28 16:11:04] Pulled from remote
[2025-10-28 16:11:04] Imported from JSONL
[2025-10-28 16:11:04] Sync cycle complete
[2025-10-28 16:16:04] Starting sync cycle...
[2025-10-28 16:16:04] Exported to JSONL
[2025-10-28 16:16:04] Pulled from remote
[2025-10-28 16:16:04] Imported from JSONL
[2025-10-28 16:16:04] Sync cycle complete
[2025-10-28 16:21:04] Starting sync cycle...
[2025-10-28 16:21:04] Exported to JSONL
[2025-10-28 16:21:04] Pulled from remote
[2025-10-28 16:21:04] Imported from JSONL
[2025-10-28 16:21:04] Sync cycle complete
[2025-10-28 16:26:04] Starting sync cycle...
[2025-10-28 16:26:04] Exported to JSONL
[2025-10-28 16:26:04] Pulled from remote
[2025-10-28 16:26:04] Imported from JSONL
[2025-10-28 16:26:04] Sync cycle complete
[2025-10-28 16:31:04] Starting sync cycle...
[2025-10-28 16:31:04] Exported to JSONL
[2025-10-28 16:31:04] Pulled from remote
[2025-10-28 16:31:04] Imported from JSONL
[2025-10-28 16:31:04] Sync cycle complete
[2025-10-28 16:36:04] Starting sync cycle...
[2025-10-28 16:36:04] Exported to JSONL
[2025-10-28 16:36:05] Pulled from remote
[2025-10-28 16:36:05] Imported from JSONL
[2025-10-28 16:36:05] Sync cycle complete
[2025-10-28 16:41:04] Starting sync cycle...
[2025-10-28 16:41:04] Exported to JSONL
[2025-10-28 16:41:04] Pulled from remote
[2025-10-28 16:41:04] Imported from JSONL
[2025-10-28 16:41:04] Sync cycle complete
[2025-10-28 16:46:04] Starting sync cycle...
[2025-10-28 16:46:04] Exported to JSONL
[2025-10-28 16:46:04] Pulled from remote
[2025-10-28 16:46:04] Imported from JSONL
[2025-10-28 16:46:04] Sync cycle complete
[2025-10-28 16:51:04] Starting sync cycle...
[2025-10-28 16:51:04] Exported to JSONL
[2025-10-28 16:51:04] Pulled from remote
[2025-10-28 16:51:04] Imported from JSONL
[2025-10-28 16:51:04] Sync cycle complete
[2025-10-28 16:56:04] Starting sync cycle...
[2025-10-28 16:56:04] Exported to JSONL
[2025-10-28 16:56:04] Pulled from remote
[2025-10-28 16:56:04] Imported from JSONL
[2025-10-28 16:56:04] Sync cycle complete
[2025-10-28 17:01:04] Starting sync cycle...
[2025-10-28 17:01:04] Exported to JSONL
[2025-10-28 17:01:04] Pulled from remote
[2025-10-28 17:01:04] Imported from JSONL
[2025-10-28 17:01:04] Sync cycle complete
[2025-10-28 17:06:04] Starting sync cycle...
[2025-10-28 17:06:04] Exported to JSONL
[2025-10-28 17:06:04] Pulled from remote
[2025-10-28 17:06:04] Imported from JSONL
[2025-10-28 17:06:04] Sync cycle complete
[2025-10-28 17:11:04] Starting sync cycle...
[2025-10-28 17:11:04] Exported to JSONL
[2025-10-28 17:11:04] Pulled from remote
[2025-10-28 17:11:04] Imported from JSONL
[2025-10-28 17:11:04] Sync cycle complete
[2025-10-28 17:16:04] Starting sync cycle...
[2025-10-28 17:16:04] Exported to JSONL
[2025-10-28 17:16:04] Pulled from remote
[2025-10-28 17:16:04] Imported from JSONL
[2025-10-28 17:16:04] Sync cycle complete
[2025-10-28 17:21:04] Starting sync cycle...
[2025-10-28 17:21:04] Exported to JSONL
[2025-10-28 17:21:04] Pulled from remote
[2025-10-28 17:21:04] Imported from JSONL
[2025-10-28 17:21:04] Sync cycle complete
[2025-10-28 17:26:04] Starting sync cycle...
[2025-10-28 17:26:04] Exported to JSONL
[2025-10-28 17:26:04] Pulled from remote
[2025-10-28 17:26:04] Imported from JSONL
[2025-10-28 17:26:04] Sync cycle complete
[2025-10-28 17:31:04] Starting sync cycle...
[2025-10-28 17:31:04] Exported to JSONL
[2025-10-28 17:31:04] Pulled from remote
[2025-10-28 17:31:04] Imported from JSONL
[2025-10-28 17:31:04] Sync cycle complete
[2025-10-28 17:36:04] Starting sync cycle...
[2025-10-28 17:36:04] Exported to JSONL
[2025-10-28 17:36:04] Pulled from remote
[2025-10-28 17:36:04] Imported from JSONL
[2025-10-28 17:36:04] Sync cycle complete
[2025-10-28 17:41:04] Starting sync cycle...
[2025-10-28 17:41:04] Exported to JSONL
[2025-10-28 17:41:04] Pulled from remote
[2025-10-28 17:41:04] Imported from JSONL
[2025-10-28 17:41:04] Sync cycle complete
[2025-10-28 17:46:04] Starting sync cycle...
[2025-10-28 17:46:04] Exported to JSONL
[2025-10-28 17:46:04] Pulled from remote
[2025-10-28 17:46:04] Imported from JSONL
[2025-10-28 17:46:04] Sync cycle complete
[2025-10-28 17:51:04] Starting sync cycle...
[2025-10-28 17:51:04] Exported to JSONL
[2025-10-28 17:51:04] Pulled from remote
[2025-10-28 17:51:04] Imported from JSONL
[2025-10-28 17:51:04] Sync cycle complete
[2025-10-28 17:56:04] Starting sync cycle...
[2025-10-28 17:56:04] Exported to JSONL
[2025-10-28 17:56:04] Pulled from remote
[2025-10-28 17:56:04] Imported from JSONL
[2025-10-28 17:56:04] Sync cycle complete
[2025-10-28 18:01:04] Starting sync cycle...
[2025-10-28 18:01:04] Exported to JSONL
[2025-10-28 18:01:04] Pulled from remote
[2025-10-28 18:01:04] Imported from JSONL
[2025-10-28 18:01:04] Sync cycle complete
[2025-10-28 18:06:04] Starting sync cycle...
[2025-10-28 18:06:04] Exported to JSONL
[2025-10-28 18:06:04] Pulled from remote
[2025-10-28 18:06:04] Imported from JSONL
[2025-10-28 18:06:04] Sync cycle complete
[2025-10-28 18:11:04] Starting sync cycle...
[2025-10-28 18:11:04] Exported to JSONL
[2025-10-28 18:11:04] Pulled from remote
[2025-10-28 18:11:04] Imported from JSONL
[2025-10-28 18:11:04] Sync cycle complete
[2025-10-28 18:16:04] Starting sync cycle...
[2025-10-28 18:16:04] Exported to JSONL
[2025-10-28 18:16:04] Pulled from remote
[2025-10-28 18:16:04] Imported from JSONL
[2025-10-28 18:16:04] Sync cycle complete
[2025-10-28 18:21:04] Starting sync cycle...
[2025-10-28 18:21:04] Exported to JSONL
[2025-10-28 18:21:04] Pulled from remote
[2025-10-28 18:21:04] Imported from JSONL
[2025-10-28 18:21:04] Sync cycle complete
[2025-10-28 18:26:04] Starting sync cycle...
[2025-10-28 18:26:04] Exported to JSONL
[2025-10-28 18:26:04] Pulled from remote
[2025-10-28 18:26:04] Imported from JSONL
[2025-10-28 18:26:04] Sync cycle complete
[2025-10-28 18:31:04] Starting sync cycle...
[2025-10-28 18:31:04] Exported to JSONL
[2025-10-28 18:31:04] Pulled from remote
[2025-10-28 18:31:04] Imported from JSONL
[2025-10-28 18:31:04] Sync cycle complete
[2025-10-28 18:36:04] Starting sync cycle...
[2025-10-28 18:36:04] Exported to JSONL
[2025-10-28 18:36:04] Pulled from remote
[2025-10-28 18:36:04] Imported from JSONL
[2025-10-28 18:36:04] Sync cycle complete
[2025-10-28 18:41:04] Starting sync cycle...
[2025-10-28 18:41:04] Exported to JSONL
[2025-10-28 18:41:04] Pulled from remote
[2025-10-28 18:41:04] Imported from JSONL
[2025-10-28 18:41:04] Sync cycle complete
[2025-10-28 18:46:04] Starting sync cycle...
[2025-10-28 18:46:04] Exported to JSONL
[2025-10-28 18:46:04] Pulled from remote
[2025-10-28 18:46:04] Imported from JSONL
[2025-10-28 18:46:04] Sync cycle complete
[2025-10-28 18:51:04] Starting sync cycle...
[2025-10-28 18:51:04] Exported to JSONL
[2025-10-28 18:51:04] Pulled from remote
[2025-10-28 18:51:04] Imported from JSONL
[2025-10-28 18:51:04] Sync cycle complete
[2025-10-28 18:56:04] Starting sync cycle...
[2025-10-28 18:56:04] Exported to JSONL
[2025-10-28 18:56:04] Pulled from remote
[2025-10-28 18:56:04] Imported from JSONL
[2025-10-28 18:56:04] Sync cycle complete
[2025-10-28 19:01:04] Starting sync cycle...
[2025-10-28 19:01:04] Exported to JSONL
[2025-10-28 19:01:04] Pulled from remote
[2025-10-28 19:01:04] Imported from JSONL
[2025-10-28 19:01:04] Sync cycle complete
[2025-10-28 19:06:04] Starting sync cycle...
[2025-10-28 19:06:04] Exported to JSONL
[2025-10-28 19:06:04] Pulled from remote
[2025-10-28 19:06:04] Imported from JSONL
[2025-10-28 19:06:04] Sync cycle complete
[2025-10-28 19:11:04] Starting sync cycle...
[2025-10-28 19:11:04] Exported to JSONL
[2025-10-28 19:11:04] Pulled from remote
[2025-10-28 19:11:04] Imported from JSONL
[2025-10-28 19:11:04] Sync cycle complete
[2025-10-28 19:16:04] Starting sync cycle...
[2025-10-28 19:16:04] Exported to JSONL
[2025-10-28 19:16:04] Pulled from remote
[2025-10-28 19:16:04] Imported from JSONL
[2025-10-28 19:16:04] Sync cycle complete
[2025-10-28 19:21:04] Starting sync cycle...
[2025-10-28 19:21:04] Exported to JSONL
[2025-10-28 19:21:04] Pulled from remote
[2025-10-28 19:21:04] Imported from JSONL
[2025-10-28 19:21:04] Sync cycle complete
[2025-10-28 19:26:04] Starting sync cycle...
[2025-10-28 19:26:04] Exported to JSONL
[2025-10-28 19:26:05] Pulled from remote
[2025-10-28 19:26:05] Imported from JSONL
[2025-10-28 19:26:05] Sync cycle complete
[2025-10-28 19:31:04] Starting sync cycle...
[2025-10-28 19:31:04] Exported to JSONL
[2025-10-28 19:31:04] Pulled from remote
[2025-10-28 19:31:04] Imported from JSONL
[2025-10-28 19:31:04] Sync cycle complete
[2025-10-28 19:36:04] Starting sync cycle...
[2025-10-28 19:36:04] Exported to JSONL
[2025-10-28 19:36:04] Pulled from remote
[2025-10-28 19:36:04] Imported from JSONL
[2025-10-28 19:36:04] Sync cycle complete
[2025-10-28 19:41:04] Starting sync cycle...
[2025-10-28 19:41:04] Exported to JSONL
[2025-10-28 19:41:04] Pulled from remote
[2025-10-28 19:41:04] Imported from JSONL
[2025-10-28 19:41:04] Sync cycle complete
[2025-10-28 19:46:04] Starting sync cycle...
[2025-10-28 19:46:04] Exported to JSONL
[2025-10-28 19:46:04] Pulled from remote
[2025-10-28 19:46:04] Imported from JSONL
[2025-10-28 19:46:04] Sync cycle complete
[2025-10-28 19:51:04] Starting sync cycle...
[2025-10-28 19:51:04] Exported to JSONL
[2025-10-28 19:51:04] Pulled from remote
[2025-10-28 19:51:04] Imported from JSONL
[2025-10-28 19:51:04] Sync cycle complete
[2025-10-28 19:56:04] Starting sync cycle...
[2025-10-28 19:56:04] Exported to JSONL
[2025-10-28 19:56:04] Pulled from remote
[2025-10-28 19:56:04] Imported from JSONL
[2025-10-28 19:56:04] Sync cycle complete
[2025-10-28 20:01:04] Starting sync cycle...
[2025-10-28 20:01:04] Exported to JSONL
[2025-10-28 20:01:04] Pulled from remote
[2025-10-28 20:01:04] Imported from JSONL
[2025-10-28 20:01:04] Sync cycle complete
[2025-10-28 20:06:04] Starting sync cycle...
[2025-10-28 20:06:04] Exported to JSONL
[2025-10-28 20:06:04] Pulled from remote
[2025-10-28 20:06:04] Imported from JSONL
[2025-10-28 20:06:04] Sync cycle complete
[2025-10-28 20:11:04] Starting sync cycle...
[2025-10-28 20:11:04] Exported to JSONL
[2025-10-28 20:11:04] Pulled from remote
[2025-10-28 20:11:04] Imported from JSONL
[2025-10-28 20:11:04] Sync cycle complete
[2025-10-28 20:16:04] Starting sync cycle...
[2025-10-28 20:16:04] Exported to JSONL
[2025-10-28 20:16:04] Pulled from remote
[2025-10-28 20:16:04] Imported from JSONL
[2025-10-28 20:16:04] Sync cycle complete
[2025-10-28 20:21:04] Starting sync cycle...
[2025-10-28 20:21:04] Exported to JSONL
[2025-10-28 20:21:04] Pulled from remote
[2025-10-28 20:21:04] Imported from JSONL
[2025-10-28 20:21:04] Sync cycle complete
[2025-10-28 20:26:04] Starting sync cycle...
[2025-10-28 20:26:04] Exported to JSONL
[2025-10-28 20:26:04] Pulled from remote
[2025-10-28 20:26:04] Imported from JSONL
[2025-10-28 20:26:04] Sync cycle complete
[2025-10-28 20:31:04] Starting sync cycle...
[2025-10-28 20:31:04] Exported to JSONL
[2025-10-28 20:31:04] Pulled from remote
[2025-10-28 20:31:04] Imported from JSONL
[2025-10-28 20:31:04] Sync cycle complete
[2025-10-28 20:36:04] Starting sync cycle...
[2025-10-28 20:36:04] Exported to JSONL
[2025-10-28 20:36:04] Pulled from remote
[2025-10-28 20:36:04] Imported from JSONL
[2025-10-28 20:36:04] Sync cycle complete
[2025-10-28 20:41:04] Starting sync cycle...
[2025-10-28 20:41:04] Exported to JSONL
[2025-10-28 20:41:04] Pulled from remote
[2025-10-28 20:41:04] Imported from JSONL
[2025-10-28 20:41:04] Sync cycle complete
[2025-10-28 20:46:04] Starting sync cycle...
[2025-10-28 20:46:04] Exported to JSONL
[2025-10-28 20:46:04] Pulled from remote
[2025-10-28 20:46:04] Imported from JSONL
[2025-10-28 20:46:04] Sync cycle complete
[2025-10-28 20:51:04] Starting sync cycle...
[2025-10-28 20:51:04] Exported to JSONL
[2025-10-28 20:51:04] Pulled from remote
[2025-10-28 20:51:04] Imported from JSONL
[2025-10-28 20:51:04] Sync cycle complete
[2025-10-28 20:56:04] Starting sync cycle...
[2025-10-28 20:56:04] Exported to JSONL
[2025-10-28 20:56:04] Pulled from remote
[2025-10-28 20:56:04] Imported from JSONL
[2025-10-28 20:56:04] Sync cycle complete
[2025-10-28 21:01:04] Starting sync cycle...
[2025-10-28 21:01:04] Exported to JSONL
[2025-10-28 21:01:04] Pulled from remote
[2025-10-28 21:01:04] Imported from JSONL
[2025-10-28 21:01:04] Sync cycle complete
[2025-10-28 21:06:04] Starting sync cycle...
[2025-10-28 21:06:04] Exported to JSONL
[2025-10-28 21:06:04] Pulled from remote
[2025-10-28 21:06:04] Imported from JSONL
[2025-10-28 21:06:04] Sync cycle complete
[2025-10-28 21:11:04] Starting sync cycle...
[2025-10-28 21:11:04] Exported to JSONL
[2025-10-28 21:11:04] Pulled from remote
[2025-10-28 21:11:04] Imported from JSONL
[2025-10-28 21:11:04] Sync cycle complete
[2025-10-28 21:16:04] Starting sync cycle...
[2025-10-28 21:16:04] Exported to JSONL
[2025-10-28 21:16:04] Pulled from remote
[2025-10-28 21:16:04] Imported from JSONL
[2025-10-28 21:16:04] Sync cycle complete
[2025-10-28 21:21:04] Starting sync cycle...
[2025-10-28 21:21:04] Exported to JSONL
[2025-10-28 21:21:04] Pulled from remote
[2025-10-28 21:21:04] Imported from JSONL
[2025-10-28 21:21:04] Sync cycle complete
[2025-10-28 21:26:04] Starting sync cycle...
[2025-10-28 21:26:04] Exported to JSONL
[2025-10-28 21:26:04] Pulled from remote
[2025-10-28 21:26:04] Imported from JSONL
[2025-10-28 21:26:04] Sync cycle complete
[2025-10-28 21:31:04] Starting sync cycle...
[2025-10-28 21:31:04] Exported to JSONL
[2025-10-28 21:31:04] Pulled from remote
[2025-10-28 21:31:04] Imported from JSONL
[2025-10-28 21:31:04] Sync cycle complete
[2025-10-28 21:36:04] Starting sync cycle...
[2025-10-28 21:36:04] Exported to JSONL
[2025-10-28 21:36:04] Pulled from remote
[2025-10-28 21:36:04] Imported from JSONL
[2025-10-28 21:36:04] Sync cycle complete
[2025-10-28 21:41:04] Starting sync cycle...
[2025-10-28 21:41:04] Exported to JSONL
[2025-10-28 21:41:04] Pulled from remote
[2025-10-28 21:41:04] Imported from JSONL
[2025-10-28 21:41:04] Sync cycle complete
[2025-10-28 21:46:04] Starting sync cycle...
[2025-10-28 21:46:04] Exported to JSONL
[2025-10-28 21:46:04] Pulled from remote
[2025-10-28 21:46:04] Imported from JSONL
[2025-10-28 21:46:04] Sync cycle complete
[2025-10-28 21:51:04] Starting sync cycle...
[2025-10-28 21:51:04] Exported to JSONL
[2025-10-28 21:51:04] Pulled from remote
[2025-10-28 21:51:04] Imported from JSONL
[2025-10-28 21:51:04] Sync cycle complete
[2025-10-28 21:56:04] Starting sync cycle...
[2025-10-28 21:56:04] Exported to JSONL
[2025-10-28 21:56:04] Pulled from remote
[2025-10-28 21:56:04] Imported from JSONL
[2025-10-28 21:56:04] Sync cycle complete
[2025-10-28 22:01:04] Starting sync cycle...
[2025-10-28 22:01:04] Exported to JSONL
[2025-10-28 22:01:04] Pulled from remote
[2025-10-28 22:01:04] Imported from JSONL
[2025-10-28 22:01:04] Sync cycle complete
[2025-10-28 22:06:04] Starting sync cycle...
[2025-10-28 22:06:04] Exported to JSONL
[2025-10-28 22:06:04] Pulled from remote
[2025-10-28 22:06:04] Imported from JSONL
[2025-10-28 22:06:04] Sync cycle complete
[2025-10-28 22:11:04] Starting sync cycle...
[2025-10-28 22:11:04] Exported to JSONL
[2025-10-28 22:11:04] Pulled from remote
[2025-10-28 22:11:04] Imported from JSONL
[2025-10-28 22:11:04] Sync cycle complete
[2025-10-29 04:34:09] Starting sync cycle...
[2025-10-29 04:34:09] Exported to JSONL
[2025-10-29 04:34:09] Pulled from remote
[2025-10-29 04:34:09] Imported from JSONL
[2025-10-29 04:34:09] Sync cycle complete
[2025-10-29 04:39:09] Starting sync cycle...
[2025-10-29 04:39:09] Exported to JSONL
[2025-10-29 04:39:09] Pulled from remote
[2025-10-29 04:39:09] Imported from JSONL
[2025-10-29 04:39:09] Sync cycle complete
[2025-10-29 04:44:09] Starting sync cycle...
[2025-10-29 04:44:09] Exported to JSONL
[2025-10-29 04:44:09] Pulled from remote
[2025-10-29 04:44:09] Imported from JSONL
[2025-10-29 04:44:09] Sync cycle complete
[2025-10-29 04:49:09] Starting sync cycle...
[2025-10-29 04:49:09] Exported to JSONL
[2025-10-29 04:49:09] Pulled from remote
[2025-10-29 04:49:09] Imported from JSONL
[2025-10-29 04:49:09] Sync cycle complete
[2025-10-29 04:54:09] Starting sync cycle...
[2025-10-29 04:54:09] Exported to JSONL
[2025-10-29 04:54:09] Pulled from remote
[2025-10-29 04:54:09] Imported from JSONL
[2025-10-29 04:54:09] Sync cycle complete
[2025-10-29 04:59:09] Starting sync cycle...
[2025-10-29 04:59:09] Exported to JSONL
[2025-10-29 04:59:09] Pulled from remote
[2025-10-29 04:59:09] Imported from JSONL
[2025-10-29 04:59:09] Sync cycle complete
[2025-10-29 05:04:09] Starting sync cycle...
[2025-10-29 05:04:09] Exported to JSONL
[2025-10-29 05:04:09] Pulled from remote
[2025-10-29 05:04:09] Imported from JSONL
[2025-10-29 05:04:09] Sync cycle complete
[2025-10-29 05:09:09] Starting sync cycle...
[2025-10-29 05:09:09] Exported to JSONL
[2025-10-29 05:09:10] Pulled from remote
[2025-10-29 05:09:10] Imported from JSONL
[2025-10-29 05:09:10] Sync cycle complete
[2025-10-29 05:14:09] Starting sync cycle...
[2025-10-29 05:14:09] Exported to JSONL
[2025-10-29 05:14:10] Pulled from remote
[2025-10-29 05:14:10] Imported from JSONL
[2025-10-29 05:14:10] Sync cycle complete
[2025-10-29 05:19:09] Starting sync cycle...
[2025-10-29 05:19:09] Exported to JSONL
[2025-10-29 05:19:10] Pulled from remote
[2025-10-29 05:19:10] Imported from JSONL
[2025-10-29 05:19:10] Sync cycle complete
[2025-10-29 05:24:09] Starting sync cycle...
[2025-10-29 05:24:09] Exported to JSONL
[2025-10-29 05:24:10] Pulled from remote
[2025-10-29 05:24:10] Imported from JSONL
[2025-10-29 05:24:10] Sync cycle complete
[2025-10-29 05:29:09] Starting sync cycle...
[2025-10-29 05:29:09] Exported to JSONL
[2025-10-29 05:29:10] Pulled from remote
[2025-10-29 05:29:10] Imported from JSONL
[2025-10-29 05:29:10] Sync cycle complete
[2025-10-29 05:34:09] Starting sync cycle...
[2025-10-29 05:34:09] Exported to JSONL
[2025-10-29 05:34:10] Pulled from remote
[2025-10-29 05:34:10] Imported from JSONL
[2025-10-29 05:34:10] Sync cycle complete
[2025-10-29 05:39:09] Starting sync cycle...
[2025-10-29 05:39:09] Exported to JSONL
[2025-10-29 05:39:10] Pulled from remote
[2025-10-29 05:39:10] Imported from JSONL
[2025-10-29 05:39:10] Sync cycle complete
[2025-10-29 05:44:10] Starting sync cycle...
[2025-10-29 05:44:10] Exported to JSONL
[2025-10-29 05:44:10] Pulled from remote
[2025-10-29 05:44:10] Imported from JSONL
[2025-10-29 05:44:10] Sync cycle complete
[2025-10-29 05:49:09] Starting sync cycle...
[2025-10-29 05:49:09] Exported to JSONL
[2025-10-29 05:49:10] Pulled from remote
[2025-10-29 05:49:10] Imported from JSONL
[2025-10-29 05:49:10] Sync cycle complete
[2025-10-29 05:54:09] Starting sync cycle...
[2025-10-29 05:54:09] Exported to JSONL
[2025-10-29 05:54:10] Pulled from remote
[2025-10-29 05:54:10] Imported from JSONL
[2025-10-29 05:54:10] Sync cycle complete
[2025-10-29 05:59:10] Starting sync cycle...
[2025-10-29 05:59:10] Exported to JSONL
[2025-10-29 05:59:10] Pulled from remote
[2025-10-29 05:59:10] Imported from JSONL
[2025-10-29 05:59:10] Sync cycle complete
[2025-10-29 06:04:09] Starting sync cycle...
[2025-10-29 06:04:10] Exported to JSONL
[2025-10-29 06:04:10] Pulled from remote
[2025-10-29 06:04:10] Imported from JSONL
[2025-10-29 06:04:10] Sync cycle complete
[2025-10-29 06:09:09] Starting sync cycle...
[2025-10-29 06:09:09] Exported to JSONL
[2025-10-29 06:09:10] Pulled from remote
[2025-10-29 06:09:10] Imported from JSONL
[2025-10-29 06:09:10] Sync cycle complete
[2025-10-29 06:14:09] Starting sync cycle...
[2025-10-29 06:14:09] Exported to JSONL
[2025-10-29 06:14:10] Pulled from remote
[2025-10-29 06:14:10] Imported from JSONL
[2025-10-29 06:14:10] Sync cycle complete
[2025-10-29 06:19:09] Starting sync cycle...
[2025-10-29 06:19:10] Exported to JSONL
[2025-10-29 06:19:10] Pulled from remote
[2025-10-29 06:19:10] Imported from JSONL
[2025-10-29 06:19:10] Sync cycle complete
[2025-10-29 06:24:09] Starting sync cycle...
[2025-10-29 06:24:09] Exported to JSONL
[2025-10-29 06:24:10] Pulled from remote
[2025-10-29 06:24:10] Imported from JSONL
[2025-10-29 06:24:10] Sync cycle complete
[2025-10-29 06:29:09] Starting sync cycle...
[2025-10-29 06:29:09] Exported to JSONL
[2025-10-29 06:29:10] Pulled from remote
[2025-10-29 06:29:10] Imported from JSONL
[2025-10-29 06:29:10] Sync cycle complete
[2025-10-29 06:34:09] Starting sync cycle...
[2025-10-29 06:34:09] Exported to JSONL
[2025-10-29 06:34:10] Pulled from remote
[2025-10-29 06:34:10] Imported from JSONL
[2025-10-29 06:34:10] Sync cycle complete
[2025-10-29 06:39:09] Starting sync cycle...
[2025-10-29 06:39:09] Exported to JSONL
[2025-10-29 06:39:10] Pulled from remote
[2025-10-29 06:39:10] Imported from JSONL
[2025-10-29 06:39:10] Sync cycle complete
[2025-10-29 06:44:09] Starting sync cycle...
[2025-10-29 06:44:09] Exported to JSONL
[2025-10-29 06:44:10] Pulled from remote
[2025-10-29 06:44:10] Imported from JSONL
[2025-10-29 06:44:10] Sync cycle complete
[2025-10-29 06:49:09] Starting sync cycle...
[2025-10-29 06:49:09] Exported to JSONL
[2025-10-29 06:49:10] Pulled from remote
[2025-10-29 06:49:10] Imported from JSONL
[2025-10-29 06:49:10] Sync cycle complete
[2025-10-29 06:54:09] Starting sync cycle...
[2025-10-29 06:54:09] Exported to JSONL
[2025-10-29 06:54:10] Pulled from remote
[2025-10-29 06:54:10] Imported from JSONL
[2025-10-29 06:54:10] Sync cycle complete
[2025-10-29 06:59:10] Starting sync cycle...
[2025-10-29 06:59:10] Exported to JSONL
[2025-10-29 06:59:10] Pulled from remote
[2025-10-29 06:59:10] Imported from JSONL
[2025-10-29 06:59:10] Sync cycle complete
[2025-10-29 07:04:09] Starting sync cycle...
[2025-10-29 07:04:09] Exported to JSONL
[2025-10-29 07:04:10] Pulled from remote
[2025-10-29 07:04:10] Imported from JSONL
[2025-10-29 07:04:10] Sync cycle complete
[2025-10-29 07:09:09] Starting sync cycle...
[2025-10-29 07:09:09] Exported to JSONL
[2025-10-29 07:09:10] Pulled from remote
[2025-10-29 07:09:10] Imported from JSONL
[2025-10-29 07:09:10] Sync cycle complete
[2025-10-29 07:14:10] Starting sync cycle...
[2025-10-29 07:14:10] Exported to JSONL
[2025-10-29 07:14:10] Pulled from remote
[2025-10-29 07:14:10] Imported from JSONL
[2025-10-29 07:14:10] Sync cycle complete
[2025-10-29 07:19:09] Starting sync cycle...
[2025-10-29 07:19:10] Exported to JSONL
[2025-10-29 07:19:10] Pulled from remote
[2025-10-29 07:19:10] Imported from JSONL
[2025-10-29 07:19:10] Sync cycle complete
[2025-10-29 07:24:09] Starting sync cycle...
[2025-10-29 07:24:10] Exported to JSONL
[2025-10-29 07:24:10] Pulled from remote
[2025-10-29 07:24:10] Imported from JSONL
[2025-10-29 07:24:10] Sync cycle complete
[2025-10-29 07:29:09] Starting sync cycle...
[2025-10-29 07:29:09] Exported to JSONL
[2025-10-29 07:29:10] Pulled from remote
[2025-10-29 07:29:10] Imported from JSONL
[2025-10-29 07:29:10] Sync cycle complete
[2025-10-29 07:34:09] Starting sync cycle...
[2025-10-29 07:34:09] Exported to JSONL
[2025-10-29 07:34:10] Pulled from remote
[2025-10-29 07:34:10] Imported from JSONL
[2025-10-29 07:34:10] Sync cycle complete
[2025-10-29 07:39:09] Starting sync cycle...
[2025-10-29 07:39:09] Exported to JSONL
[2025-10-29 07:39:10] Pulled from remote
[2025-10-29 07:39:10] Imported from JSONL
[2025-10-29 07:39:10] Sync cycle complete
[2025-10-29 07:44:09] Starting sync cycle...
[2025-10-29 07:44:10] Exported to JSONL
[2025-10-29 07:44:10] Pulled from remote
[2025-10-29 07:44:10] Imported from JSONL
[2025-10-29 07:44:10] Sync cycle complete
[2025-10-29 07:49:10] Starting sync cycle...
[2025-10-29 07:49:10] Exported to JSONL
[2025-10-29 07:49:10] Pulled from remote
[2025-10-29 07:49:10] Imported from JSONL
[2025-10-29 07:49:10] Sync cycle complete
[2025-10-29 07:54:09] Starting sync cycle...
[2025-10-29 07:54:09] Exported to JSONL
[2025-10-29 07:54:10] Pulled from remote
[2025-10-29 07:54:10] Imported from JSONL
[2025-10-29 07:54:10] Sync cycle complete
[2025-10-29 07:59:09] Starting sync cycle...
[2025-10-29 07:59:10] Exported to JSONL
[2025-10-29 07:59:10] Pulled from remote
[2025-10-29 07:59:10] Imported from JSONL
[2025-10-29 07:59:10] Sync cycle complete
[2025-10-29 08:04:09] Starting sync cycle...
[2025-10-29 08:04:09] Exported to JSONL
[2025-10-29 08:04:10] Pulled from remote
[2025-10-29 08:04:10] Imported from JSONL
[2025-10-29 08:04:10] Sync cycle complete
[2025-10-29 08:09:09] Starting sync cycle...
[2025-10-29 08:09:09] Exported to JSONL
[2025-10-29 08:09:10] Pulled from remote
[2025-10-29 08:09:10] Imported from JSONL
[2025-10-29 08:09:10] Sync cycle complete
[2025-10-29 08:14:09] Starting sync cycle...
[2025-10-29 08:14:09] Exported to JSONL
[2025-10-29 08:14:10] Pulled from remote
[2025-10-29 08:14:10] Imported from JSONL
[2025-10-29 08:14:10] Sync cycle complete
[2025-10-29 08:19:09] Starting sync cycle...
[2025-10-29 08:19:09] Exported to JSONL
[2025-10-29 08:19:10] Pulled from remote
[2025-10-29 08:19:10] Imported from JSONL
[2025-10-29 08:19:10] Sync cycle complete
[2025-10-29 08:24:09] Starting sync cycle...
[2025-10-29 08:24:09] Exported to JSONL
[2025-10-29 08:24:10] Pulled from remote
[2025-10-29 08:24:10] Imported from JSONL
[2025-10-29 08:24:10] Sync cycle complete
[2025-10-29 08:29:10] Starting sync cycle...
[2025-10-29 08:29:10] Exported to JSONL
[2025-10-29 08:29:10] Pulled from remote
[2025-10-29 08:29:10] Imported from JSONL
[2025-10-29 08:29:10] Sync cycle complete
[2025-10-29 08:34:09] Starting sync cycle...
[2025-10-29 08:34:09] Exported to JSONL
[2025-10-29 08:34:10] Pulled from remote
[2025-10-29 08:34:10] Imported from JSONL
[2025-10-29 08:34:10] Sync cycle complete
[2025-10-29 08:39:09] Starting sync cycle...
[2025-10-29 08:39:09] Exported to JSONL
[2025-10-29 08:39:10] Pulled from remote
[2025-10-29 08:39:10] Imported from JSONL
[2025-10-29 08:39:10] Sync cycle complete
[2025-10-29 08:44:10] Starting sync cycle...
[2025-10-29 08:44:10] Exported to JSONL
[2025-10-29 08:44:10] Pulled from remote
[2025-10-29 08:44:10] Imported from JSONL
[2025-10-29 08:44:10] Sync cycle complete
[2025-10-29 08:49:09] Starting sync cycle...
[2025-10-29 08:49:10] Exported to JSONL
[2025-10-29 08:49:10] Pulled from remote
[2025-10-29 08:49:10] Imported from JSONL
[2025-10-29 08:49:10] Sync cycle complete
[2025-10-29 08:54:09] Starting sync cycle...
[2025-10-29 08:54:09] Exported to JSONL
[2025-10-29 08:54:10] Pulled from remote
[2025-10-29 08:54:10] Imported from JSONL
[2025-10-29 08:54:10] Sync cycle complete
[2025-10-29 08:59:09] Starting sync cycle...
[2025-10-29 08:59:09] Exported to JSONL
[2025-10-29 08:59:10] Pulled from remote
[2025-10-29 08:59:10] Imported from JSONL
[2025-10-29 08:59:10] Sync cycle complete
[2025-10-29 09:04:09] Starting sync cycle...
[2025-10-29 09:04:10] Exported to JSONL
[2025-10-29 09:04:10] Pulled from remote
[2025-10-29 09:04:10] Imported from JSONL
[2025-10-29 09:04:10] Sync cycle complete
[2025-10-29 09:09:09] Starting sync cycle...
[2025-10-29 09:09:10] Exported to JSONL
[2025-10-29 09:09:10] Pulled from remote
[2025-10-29 09:09:10] Imported from JSONL
[2025-10-29 09:09:10] Sync cycle complete
[2025-10-29 09:14:09] Starting sync cycle...
[2025-10-29 09:14:09] Exported to JSONL
[2025-10-29 09:14:10] Pulled from remote
[2025-10-29 09:14:10] Imported from JSONL
[2025-10-29 09:14:10] Sync cycle complete
[2025-10-29 09:19:09] Starting sync cycle...
[2025-10-29 09:19:09] Exported to JSONL
[2025-10-29 09:19:10] Pulled from remote
[2025-10-29 09:19:10] Imported from JSONL
[2025-10-29 09:19:10] Sync cycle complete
[2025-10-29 09:24:10] Starting sync cycle...
[2025-10-29 09:24:10] Exported to JSONL
[2025-10-29 09:24:10] Pulled from remote
[2025-10-29 09:24:10] Imported from JSONL
[2025-10-29 09:24:10] Sync cycle complete
[2025-10-29 09:29:09] Starting sync cycle...
[2025-10-29 09:29:09] Exported to JSONL
[2025-10-29 09:29:10] Pulled from remote
[2025-10-29 09:29:10] Imported from JSONL
[2025-10-29 09:29:10] Sync cycle complete
[2025-10-29 09:34:09] Starting sync cycle...
[2025-10-29 09:34:09] Exported to JSONL
[2025-10-29 09:34:10] Pulled from remote
[2025-10-29 09:34:10] Imported from JSONL
[2025-10-29 09:34:10] Sync cycle complete
[2025-10-29 09:39:09] Starting sync cycle...
[2025-10-29 09:39:09] Exported to JSONL
[2025-10-29 09:39:10] Pulled from remote
[2025-10-29 09:39:10] Imported from JSONL
[2025-10-29 09:39:10] Sync cycle complete
[2025-10-29 09:44:09] Starting sync cycle...
[2025-10-29 09:44:09] Exported to JSONL
[2025-10-29 09:44:10] Pulled from remote
[2025-10-29 09:44:10] Imported from JSONL
[2025-10-29 09:44:10] Sync cycle complete
[2025-10-29 09:49:09] Starting sync cycle...
[2025-10-29 09:49:09] Exported to JSONL
[2025-10-29 09:49:10] Pulled from remote
[2025-10-29 09:49:10] Imported from JSONL
[2025-10-29 09:49:10] Sync cycle complete
[2025-10-29 09:54:09] Starting sync cycle...
[2025-10-29 09:54:09] Exported to JSONL
[2025-10-29 09:54:10] Pulled from remote
[2025-10-29 09:54:10] Imported from JSONL
[2025-10-29 09:54:10] Sync cycle complete
[2025-10-29 09:59:09] Starting sync cycle...
[2025-10-29 09:59:09] Exported to JSONL
[2025-10-29 09:59:10] Pulled from remote
[2025-10-29 09:59:10] Imported from JSONL
[2025-10-29 09:59:10] Sync cycle complete
[2025-10-29 10:04:09] Starting sync cycle...
[2025-10-29 10:04:09] Exported to JSONL
[2025-10-29 10:04:10] Pulled from remote
[2025-10-29 10:04:10] Imported from JSONL
[2025-10-29 10:04:10] Sync cycle complete
[2025-10-29 10:09:09] Starting sync cycle...
[2025-10-29 10:09:09] Exported to JSONL
[2025-10-29 10:09:10] Pulled from remote
[2025-10-29 10:09:10] Imported from JSONL
[2025-10-29 10:09:10] Sync cycle complete
[2025-10-29 10:14:09] Starting sync cycle...
[2025-10-29 10:14:10] Exported to JSONL
[2025-10-29 10:14:10] Pulled from remote
[2025-10-29 10:14:10] Imported from JSONL
[2025-10-29 10:14:10] Sync cycle complete
[2025-10-29 10:19:09] Starting sync cycle...
[2025-10-29 10:19:09] Exported to JSONL
[2025-10-29 10:19:10] Pulled from remote
[2025-10-29 10:19:10] Imported from JSONL
[2025-10-29 10:19:10] Sync cycle complete
[2025-10-29 10:24:09] Starting sync cycle...
[2025-10-29 10:24:09] Exported to JSONL
[2025-10-29 10:24:10] Pulled from remote
[2025-10-29 10:24:10] Imported from JSONL
[2025-10-29 10:24:10] Sync cycle complete
[2025-10-29 10:29:09] Starting sync cycle...
[2025-10-29 10:29:09] Exported to JSONL
[2025-10-29 10:29:10] Pulled from remote
[2025-10-29 10:29:10] Imported from JSONL
[2025-10-29 10:29:10] Sync cycle complete
[2025-10-29 10:34:10] Starting sync cycle...
[2025-10-29 10:34:10] Exported to JSONL
[2025-10-29 10:34:10] Pulled from remote
[2025-10-29 10:34:10] Imported from JSONL
[2025-10-29 10:34:10] Sync cycle complete
[2025-10-29 10:39:09] Starting sync cycle...
[2025-10-29 10:39:09] Exported to JSONL
[2025-10-29 10:39:10] Pulled from remote
[2025-10-29 10:39:10] Imported from JSONL
[2025-10-29 10:39:10] Sync cycle complete
[2025-10-29 10:44:09] Starting sync cycle...
[2025-10-29 10:44:09] Exported to JSONL
[2025-10-29 10:44:10] Pulled from remote
[2025-10-29 10:44:10] Imported from JSONL
[2025-10-29 10:44:10] Sync cycle complete
[2025-10-29 10:49:09] Starting sync cycle...
[2025-10-29 10:49:10] Exported to JSONL
[2025-10-29 10:49:10] Pulled from remote
[2025-10-29 10:49:10] Imported from JSONL
[2025-10-29 10:49:10] Sync cycle complete
[2025-10-29 10:54:09] Starting sync cycle...
[2025-10-29 10:54:09] Exported to JSONL
[2025-10-29 10:54:10] Pulled from remote
[2025-10-29 10:54:10] Imported from JSONL
[2025-10-29 10:54:10] Sync cycle complete
[2025-10-29 10:59:09] Starting sync cycle...
[2025-10-29 10:59:09] Exported to JSONL
[2025-10-29 10:59:10] Pulled from remote
[2025-10-29 10:59:10] Imported from JSONL
[2025-10-29 10:59:10] Sync cycle complete
[2025-10-29 11:04:09] Starting sync cycle...
[2025-10-29 11:04:09] Exported to JSONL
[2025-10-29 11:04:10] Pulled from remote
[2025-10-29 11:04:10] Imported from JSONL
[2025-10-29 11:04:10] Sync cycle complete
[2025-10-29 11:09:09] Starting sync cycle...
[2025-10-29 11:09:09] Exported to JSONL
[2025-10-29 11:09:10] Pulled from remote
[2025-10-29 11:09:10] Imported from JSONL
[2025-10-29 11:09:10] Sync cycle complete
[2025-10-29 11:14:09] Starting sync cycle...
[2025-10-29 11:14:09] Exported to JSONL
[2025-10-29 11:14:10] Pulled from remote
[2025-10-29 11:14:10] Imported from JSONL
[2025-10-29 11:14:10] Sync cycle complete
[2025-10-29 11:19:09] Starting sync cycle...
[2025-10-29 11:19:09] Exported to JSONL
[2025-10-29 11:19:10] Pulled from remote
[2025-10-29 11:19:10] Imported from JSONL
[2025-10-29 11:19:10] Sync cycle complete
[2025-10-29 11:24:09] Starting sync cycle...
[2025-10-29 11:24:09] Exported to JSONL
[2025-10-29 11:24:10] Pulled from remote
[2025-10-29 11:24:10] Imported from JSONL
[2025-10-29 11:24:10] Sync cycle complete
[2025-10-29 11:29:09] Starting sync cycle...
[2025-10-29 11:29:09] Exported to JSONL
[2025-10-29 11:29:10] Pulled from remote
[2025-10-29 11:29:10] Imported from JSONL
[2025-10-29 11:29:10] Sync cycle complete
[2025-10-29 11:34:09] Starting sync cycle...
[2025-10-29 11:34:10] Exported to JSONL
[2025-10-29 11:34:10] Pulled from remote
[2025-10-29 11:34:10] Imported from JSONL
[2025-10-29 11:34:10] Sync cycle complete
[2025-10-29 11:39:09] Starting sync cycle...
[2025-10-29 11:39:09] Exported to JSONL
[2025-10-29 11:39:10] Pulled from remote
[2025-10-29 11:39:10] Imported from JSONL
[2025-10-29 11:39:10] Sync cycle complete
[2025-10-29 11:44:09] Starting sync cycle...
[2025-10-29 11:44:09] Exported to JSONL
[2025-10-29 11:44:10] Pulled from remote
[2025-10-29 11:44:10] Imported from JSONL
[2025-10-29 11:44:10] Sync cycle complete
[2025-10-29 11:49:10] Starting sync cycle...
[2025-10-29 11:49:10] Exported to JSONL
[2025-10-29 11:49:10] Pulled from remote
[2025-10-29 11:49:10] Imported from JSONL
[2025-10-29 11:49:10] Sync cycle complete
[2025-10-29 11:54:09] Starting sync cycle...
[2025-10-29 11:54:10] Exported to JSONL
[2025-10-29 11:54:10] Pulled from remote
[2025-10-29 11:54:10] Imported from JSONL
[2025-10-29 11:54:10] Sync cycle complete
[2025-10-29 11:59:09] Starting sync cycle...
[2025-10-29 11:59:09] Exported to JSONL
[2025-10-29 11:59:10] Pulled from remote
[2025-10-29 11:59:10] Imported from JSONL
[2025-10-29 11:59:10] Sync cycle complete
[2025-10-29 12:04:09] Starting sync cycle...
[2025-10-29 12:04:09] Exported to JSONL
[2025-10-29 12:04:10] Pulled from remote
[2025-10-29 12:04:10] Imported from JSONL
[2025-10-29 12:04:10] Sync cycle complete
[2025-10-29 12:09:09] Starting sync cycle...
[2025-10-29 12:09:10] Exported to JSONL
[2025-10-29 12:09:10] Pulled from remote
[2025-10-29 12:09:10] Imported from JSONL
[2025-10-29 12:09:10] Sync cycle complete
[2025-10-29 12:14:09] Starting sync cycle...
[2025-10-29 12:14:09] Exported to JSONL
[2025-10-29 12:14:10] Pulled from remote
[2025-10-29 12:14:10] Imported from JSONL
[2025-10-29 12:14:10] Sync cycle complete
[2025-10-29 12:19:09] Starting sync cycle...
[2025-10-29 12:19:09] Exported to JSONL
[2025-10-29 12:19:10] Pulled from remote
[2025-10-29 12:19:10] Imported from JSONL
[2025-10-29 12:19:10] Sync cycle complete
[2025-10-29 12:24:10] Starting sync cycle...
[2025-10-29 12:24:10] Exported to JSONL
[2025-10-29 12:24:10] Pulled from remote
[2025-10-29 12:24:10] Imported from JSONL
[2025-10-29 12:24:10] Sync cycle complete
[2025-10-29 12:29:09] Starting sync cycle...
[2025-10-29 12:29:09] Exported to JSONL
[2025-10-29 12:29:10] Pulled from remote
[2025-10-29 12:29:10] Imported from JSONL
[2025-10-29 12:29:10] Sync cycle complete
[2025-10-29 12:34:09] Starting sync cycle...
[2025-10-29 12:34:09] Exported to JSONL
[2025-10-29 12:34:10] Pulled from remote
[2025-10-29 12:34:10] Imported from JSONL
[2025-10-29 12:34:10] Sync cycle complete
[2025-10-29 12:39:09] Starting sync cycle...
[2025-10-29 12:39:09] Exported to JSONL
[2025-10-29 12:39:10] Pulled from remote
[2025-10-29 12:39:10] Imported from JSONL
[2025-10-29 12:39:10] Sync cycle complete
[2025-10-29 12:44:09] Starting sync cycle...
[2025-10-29 12:44:09] Exported to JSONL
[2025-10-29 12:44:10] Pulled from remote
[2025-10-29 12:44:10] Imported from JSONL
[2025-10-29 12:44:10] Sync cycle complete
[2025-10-29 12:49:09] Starting sync cycle...
[2025-10-29 12:49:09] Exported to JSONL
[2025-10-29 12:49:10] Pulled from remote
[2025-10-29 12:49:10] Imported from JSONL
[2025-10-29 12:49:10] Sync cycle complete
[2025-10-29 12:54:10] Starting sync cycle...
[2025-10-29 12:54:10] Exported to JSONL
[2025-10-29 12:54:10] Pulled from remote
[2025-10-29 12:54:10] Imported from JSONL
[2025-10-29 12:54:10] Sync cycle complete
[2025-10-29 12:59:09] Starting sync cycle...
[2025-10-29 12:59:09] Exported to JSONL
[2025-10-29 12:59:10] Pulled from remote
[2025-10-29 12:59:10] Imported from JSONL
[2025-10-29 12:59:10] Sync cycle complete
[2025-10-29 13:04:09] Starting sync cycle...
[2025-10-29 13:04:09] Exported to JSONL
[2025-10-29 13:04:10] Pulled from remote
[2025-10-29 13:04:10] Imported from JSONL
[2025-10-29 13:04:10] Sync cycle complete
[2025-10-29 13:09:09] Starting sync cycle...
[2025-10-29 13:09:09] Exported to JSONL
[2025-10-29 13:09:10] Pulled from remote
[2025-10-29 13:09:10] Imported from JSONL
[2025-10-29 13:09:10] Sync cycle complete
[2025-10-29 13:14:09] Starting sync cycle...
[2025-10-29 13:14:09] Exported to JSONL
[2025-10-29 13:14:10] Pulled from remote
[2025-10-29 13:14:10] Imported from JSONL
[2025-10-29 13:14:10] Sync cycle complete
[2025-10-29 13:19:09] Starting sync cycle...
[2025-10-29 13:19:09] Exported to JSONL
[2025-10-29 13:19:10] Pulled from remote
[2025-10-29 13:19:10] Imported from JSONL
[2025-10-29 13:19:10] Sync cycle complete
[2025-10-29 13:24:09] Starting sync cycle...
[2025-10-29 13:24:09] Exported to JSONL
[2025-10-29 13:24:10] Pulled from remote
[2025-10-29 13:24:10] Imported from JSONL
[2025-10-29 13:24:10] Sync cycle complete
[2025-10-29 13:29:09] Starting sync cycle...
[2025-10-29 13:29:09] Exported to JSONL
[2025-10-29 13:29:10] Pulled from remote
[2025-10-29 13:29:10] Imported from JSONL
[2025-10-29 13:29:10] Sync cycle complete
[2025-10-29 13:34:10] Starting sync cycle...
[2025-10-29 13:34:10] Exported to JSONL
[2025-10-29 13:34:10] Pulled from remote
[2025-10-29 13:34:10] Imported from JSONL
[2025-10-29 13:34:10] Sync cycle complete
[2025-10-29 13:39:09] Starting sync cycle...
[2025-10-29 13:39:09] Exported to JSONL
[2025-10-29 13:39:10] Pulled from remote
[2025-10-29 13:39:10] Imported from JSONL
[2025-10-29 13:39:10] Sync cycle complete
[2025-10-29 13:44:09] Starting sync cycle...
[2025-10-29 13:44:09] Exported to JSONL
[2025-10-29 13:44:10] Pulled from remote
[2025-10-29 13:44:10] Imported from JSONL
[2025-10-29 13:44:10] Sync cycle complete
[2025-10-29 13:49:09] Starting sync cycle...
[2025-10-29 13:49:10] Exported to JSONL
[2025-10-29 13:49:10] Pulled from remote
[2025-10-29 13:49:10] Imported from JSONL
[2025-10-29 13:49:10] Sync cycle complete
[2025-10-29 13:54:09] Starting sync cycle...
[2025-10-29 13:54:09] Exported to JSONL
[2025-10-29 13:54:10] Pulled from remote
[2025-10-29 13:54:10] Imported from JSONL
[2025-10-29 13:54:10] Sync cycle complete
[2025-10-29 13:59:09] Starting sync cycle...
[2025-10-29 13:59:09] Exported to JSONL
[2025-10-29 13:59:10] Pulled from remote
[2025-10-29 13:59:10] Imported from JSONL
[2025-10-29 13:59:10] Sync cycle complete
[2025-10-29 14:04:09] Starting sync cycle...
[2025-10-29 14:04:09] Exported to JSONL
[2025-10-29 14:04:10] Pulled from remote
[2025-10-29 14:04:10] Imported from JSONL
[2025-10-29 14:04:10] Sync cycle complete
[2025-10-29 14:09:09] Starting sync cycle...
[2025-10-29 14:09:09] Exported to JSONL
[2025-10-29 14:09:10] Pulled from remote
[2025-10-29 14:09:10] Imported from JSONL
[2025-10-29 14:09:10] Sync cycle complete
[2025-10-29 14:14:09] Starting sync cycle...
[2025-10-29 14:14:09] Exported to JSONL
[2025-10-29 14:14:10] Pulled from remote
[2025-10-29 14:14:10] Imported from JSONL
[2025-10-29 14:14:10] Sync cycle complete
[2025-10-29 14:19:09] Starting sync cycle...
[2025-10-29 14:19:09] Exported to JSONL
[2025-10-29 14:19:10] Pulled from remote
[2025-10-29 14:19:10] Imported from JSONL
[2025-10-29 14:19:10] Sync cycle complete
[2025-10-29 14:24:10] Starting sync cycle...
[2025-10-29 14:24:10] Exported to JSONL
[2025-10-29 14:24:10] Pulled from remote
[2025-10-29 14:24:10] Imported from JSONL
[2025-10-29 14:24:10] Sync cycle complete
[2025-10-29 14:29:09] Starting sync cycle...
[2025-10-29 14:29:09] Exported to JSONL
[2025-10-29 14:29:10] Pulled from remote
[2025-10-29 14:29:10] Imported from JSONL
[2025-10-29 14:29:10] Sync cycle complete
[2025-10-29 14:34:10] Starting sync cycle...
[2025-10-29 14:34:10] Exported to JSONL
[2025-10-29 14:34:10] Pulled from remote
[2025-10-29 14:34:10] Imported from JSONL
[2025-10-29 14:34:10] Sync cycle complete
[2025-10-29 14:39:09] Starting sync cycle...
[2025-10-29 14:39:09] Exported to JSONL
[2025-10-29 14:39:10] Pulled from remote
[2025-10-29 14:39:10] Imported from JSONL
[2025-10-29 14:39:10] Sync cycle complete
[2025-10-29 14:44:09] Starting sync cycle...
[2025-10-29 14:44:09] Exported to JSONL
[2025-10-29 14:44:10] Pulled from remote
[2025-10-29 14:44:10] Imported from JSONL
[2025-10-29 14:44:10] Sync cycle complete
[2025-10-29 14:49:10] Starting sync cycle...
[2025-10-29 14:49:10] Exported to JSONL
[2025-10-29 14:49:10] Pulled from remote
[2025-10-29 14:49:10] Imported from JSONL
[2025-10-29 14:49:10] Sync cycle complete
[2025-10-29 14:54:09] Starting sync cycle...
[2025-10-29 14:54:10] Exported to JSONL
[2025-10-29 14:54:10] Pulled from remote
[2025-10-29 14:54:10] Imported from JSONL
[2025-10-29 14:54:10] Sync cycle complete
[2025-10-29 14:59:09] Starting sync cycle...
[2025-10-29 14:59:10] Exported to JSONL
[2025-10-29 14:59:10] Pulled from remote
[2025-10-29 14:59:10] Imported from JSONL
[2025-10-29 14:59:10] Sync cycle complete
[2025-10-29 15:04:09] Starting sync cycle...
[2025-10-29 15:04:10] Exported to JSONL
[2025-10-29 15:04:10] Pulled from remote
[2025-10-29 15:04:10] Imported from JSONL
[2025-10-29 15:04:10] Sync cycle complete
[2025-10-29 15:09:09] Starting sync cycle...
[2025-10-29 15:09:09] Exported to JSONL
[2025-10-29 15:09:10] Pulled from remote
[2025-10-29 15:09:10] Imported from JSONL
[2025-10-29 15:09:10] Sync cycle complete
[2025-10-29 15:14:10] Starting sync cycle...
[2025-10-29 15:14:10] Exported to JSONL
[2025-10-29 15:14:10] Pulled from remote
[2025-10-29 15:14:10] Imported from JSONL
[2025-10-29 15:14:10] Sync cycle complete
[2025-10-29 15:19:09] Starting sync cycle...
[2025-10-29 15:19:09] Exported to JSONL
[2025-10-29 15:19:10] Pulled from remote
[2025-10-29 15:19:10] Imported from JSONL
[2025-10-29 15:19:10] Sync cycle complete
[2025-10-29 15:24:09] Starting sync cycle...
[2025-10-29 15:24:09] Exported to JSONL
[2025-10-29 15:24:10] Pulled from remote
[2025-10-29 15:24:10] Imported from JSONL
[2025-10-29 15:24:10] Sync cycle complete
[2025-10-29 15:29:09] Starting sync cycle...
[2025-10-29 15:29:09] Exported to JSONL
[2025-10-29 15:29:10] Pulled from remote
[2025-10-29 15:29:10] Imported from JSONL
[2025-10-29 15:29:10] Sync cycle complete
[2025-10-29 15:34:09] Starting sync cycle...
[2025-10-29 15:34:09] Exported to JSONL
[2025-10-29 15:34:10] Pulled from remote
[2025-10-29 15:34:10] Imported from JSONL
[2025-10-29 15:34:10] Sync cycle complete
[2025-10-29 15:39:09] Starting sync cycle...
[2025-10-29 15:39:09] Exported to JSONL
[2025-10-29 15:39:10] Pulled from remote
[2025-10-29 15:39:10] Imported from JSONL
[2025-10-29 15:39:10] Sync cycle complete
[2025-10-29 15:44:09] Starting sync cycle...
[2025-10-29 15:44:09] Exported to JSONL
[2025-10-29 15:44:10] Pulled from remote
[2025-10-29 15:44:10] Imported from JSONL
[2025-10-29 15:44:10] Sync cycle complete
[2025-10-29 15:49:09] Starting sync cycle...
[2025-10-29 15:49:09] Exported to JSONL
[2025-10-29 15:49:10] Pulled from remote
[2025-10-29 15:49:10] Imported from JSONL
[2025-10-29 15:49:10] Sync cycle complete
[2025-10-29 15:54:09] Starting sync cycle...
[2025-10-29 15:54:09] Exported to JSONL
[2025-10-29 15:54:10] Pulled from remote
[2025-10-29 15:54:10] Imported from JSONL
[2025-10-29 15:54:10] Sync cycle complete
[2025-10-29 15:59:09] Starting sync cycle...
[2025-10-29 15:59:10] Exported to JSONL
[2025-10-29 15:59:10] Pulled from remote
[2025-10-29 15:59:10] Imported from JSONL
[2025-10-29 15:59:10] Sync cycle complete
[2025-10-29 16:04:10] Starting sync cycle...
[2025-10-29 16:04:10] Exported to JSONL
[2025-10-29 16:04:10] Pulled from remote
[2025-10-29 16:04:10] Imported from JSONL
[2025-10-29 16:04:10] Sync cycle complete
[2025-10-29 16:09:09] Starting sync cycle...
[2025-10-29 16:09:10] Exported to JSONL
[2025-10-29 16:09:10] Pulled from remote
[2025-10-29 16:09:10] Imported from JSONL
[2025-10-29 16:09:10] Sync cycle complete
[2025-10-29 16:14:09] Starting sync cycle...
[2025-10-29 16:14:09] Exported to JSONL
[2025-10-29 16:14:10] Pulled from remote
[2025-10-29 16:14:10] Imported from JSONL
[2025-10-29 16:14:10] Sync cycle complete
[2025-10-29 16:19:09] Starting sync cycle...
[2025-10-29 16:19:09] Exported to JSONL
[2025-10-29 16:19:10] Pulled from remote
[2025-10-29 16:19:10] Imported from JSONL
[2025-10-29 16:19:10] Sync cycle complete
[2025-10-29 16:24:09] Starting sync cycle...
[2025-10-29 16:24:09] Exported to JSONL
[2025-10-29 16:24:10] Pulled from remote
[2025-10-29 16:24:10] Imported from JSONL
[2025-10-29 16:24:10] Sync cycle complete
[2025-10-29 16:29:09] Starting sync cycle...
[2025-10-29 16:29:09] Exported to JSONL
[2025-10-29 16:29:10] Pulled from remote
[2025-10-29 16:29:10] Imported from JSONL
[2025-10-29 16:29:10] Sync cycle complete
[2025-10-29 16:34:09] Starting sync cycle...
[2025-10-29 16:34:09] Exported to JSONL
[2025-10-29 16:34:10] Pulled from remote
[2025-10-29 16:34:10] Imported from JSONL
[2025-10-29 16:34:10] Sync cycle complete
[2025-10-29 16:39:09] Starting sync cycle...
[2025-10-29 16:39:09] Exported to JSONL
[2025-10-29 16:39:10] Pulled from remote
[2025-10-29 16:39:10] Imported from JSONL
[2025-10-29 16:39:10] Sync cycle complete
[2025-10-29 16:44:09] Starting sync cycle...
[2025-10-29 16:44:10] Exported to JSONL
[2025-10-29 16:44:10] Pulled from remote
[2025-10-29 16:44:10] Imported from JSONL
[2025-10-29 16:44:10] Sync cycle complete
[2025-10-29 16:49:09] Starting sync cycle...
[2025-10-29 16:49:10] Exported to JSONL
[2025-10-29 16:49:10] Pulled from remote
[2025-10-29 16:49:10] Imported from JSONL
[2025-10-29 16:49:10] Sync cycle complete
[2025-10-29 16:54:10] Starting sync cycle...
[2025-10-29 16:54:10] Exported to JSONL
[2025-10-29 16:54:10] Pulled from remote
[2025-10-29 16:54:10] Imported from JSONL
[2025-10-29 16:54:10] Sync cycle complete
[2025-10-29 16:59:09] Starting sync cycle...
[2025-10-29 16:59:09] Exported to JSONL
[2025-10-29 16:59:10] Pulled from remote
[2025-10-29 16:59:10] Imported from JSONL
[2025-10-29 16:59:10] Sync cycle complete
[2025-10-29 17:04:09] Starting sync cycle...
[2025-10-29 17:04:09] Exported to JSONL
[2025-10-29 17:04:10] Pulled from remote
[2025-10-29 17:04:10] Imported from JSONL
[2025-10-29 17:04:10] Sync cycle complete
[2025-10-29 17:09:09] Starting sync cycle...
[2025-10-29 17:09:09] Exported to JSONL
[2025-10-29 17:09:10] Pulled from remote
[2025-10-29 17:09:10] Imported from JSONL
[2025-10-29 17:09:10] Sync cycle complete
[2025-10-29 17:14:09] Starting sync cycle...
[2025-10-29 17:14:10] Exported to JSONL
[2025-10-29 17:14:10] Pulled from remote
[2025-10-29 17:14:10] Imported from JSONL
[2025-10-29 17:14:10] Sync cycle complete
[2025-10-29 17:19:09] Starting sync cycle...
[2025-10-29 17:19:09] Exported to JSONL
[2025-10-29 17:19:10] Pulled from remote
[2025-10-29 17:19:10] Imported from JSONL
[2025-10-29 17:19:10] Sync cycle complete
[2025-10-29 17:24:09] Starting sync cycle...
[2025-10-29 17:24:09] Exported to JSONL
[2025-10-29 17:24:10] Pulled from remote
[2025-10-29 17:24:10] Imported from JSONL
[2025-10-29 17:24:10] Sync cycle complete
[2025-10-29 17:29:09] Starting sync cycle...
[2025-10-29 17:29:10] Exported to JSONL
[2025-10-29 17:29:10] Pulled from remote
[2025-10-29 17:29:10] Imported from JSONL
[2025-10-29 17:29:10] Sync cycle complete
[2025-10-29 17:34:09] Starting sync cycle...
[2025-10-29 17:34:09] Exported to JSONL
[2025-10-29 17:34:10] Pulled from remote
[2025-10-29 17:34:10] Imported from JSONL
[2025-10-29 17:34:10] Sync cycle complete
[2025-10-29 17:39:09] Starting sync cycle...
[2025-10-29 17:39:09] Exported to JSONL
[2025-10-29 17:39:10] Pulled from remote
[2025-10-29 17:39:10] Imported from JSONL
[2025-10-29 17:39:10] Sync cycle complete
[2025-10-29 17:44:09] Starting sync cycle...
[2025-10-29 17:44:09] Exported to JSONL
[2025-10-29 17:44:10] Pulled from remote
[2025-10-29 17:44:10] Imported from JSONL
[2025-10-29 17:44:10] Sync cycle complete
[2025-10-29 17:49:09] Starting sync cycle...
[2025-10-29 17:49:09] Exported to JSONL
[2025-10-29 17:49:10] Pulled from remote
[2025-10-29 17:49:10] Imported from JSONL
[2025-10-29 17:49:10] Sync cycle complete
[2025-10-29 17:54:09] Starting sync cycle...
[2025-10-29 17:54:10] Exported to JSONL
[2025-10-29 17:54:10] Pulled from remote
[2025-10-29 17:54:10] Imported from JSONL
[2025-10-29 17:54:10] Sync cycle complete
[2025-10-29 17:59:09] Starting sync cycle...
[2025-10-29 17:59:09] Exported to JSONL
[2025-10-29 17:59:10] Pulled from remote
[2025-10-29 17:59:10] Imported from JSONL
[2025-10-29 17:59:10] Sync cycle complete
[2025-10-29 18:04:09] Starting sync cycle...
[2025-10-29 18:04:09] Exported to JSONL
[2025-10-29 18:04:10] Pulled from remote
[2025-10-29 18:04:10] Imported from JSONL
[2025-10-29 18:04:10] Sync cycle complete
[2025-10-29 18:09:09] Starting sync cycle...
[2025-10-29 18:09:10] Exported to JSONL
[2025-10-29 18:09:10] Pulled from remote
[2025-10-29 18:09:10] Imported from JSONL
[2025-10-29 18:09:10] Sync cycle complete
[2025-10-29 18:14:10] Starting sync cycle...
[2025-10-29 18:14:10] Exported to JSONL
[2025-10-29 18:14:10] Pulled from remote
[2025-10-29 18:14:10] Imported from JSONL
[2025-10-29 18:14:10] Sync cycle complete
[2025-10-29 18:19:09] Starting sync cycle...
[2025-10-29 18:19:10] Exported to JSONL
[2025-10-29 18:19:10] Pulled from remote
[2025-10-29 18:19:10] Imported from JSONL
[2025-10-29 18:19:10] Sync cycle complete
[2025-10-29 18:24:09] Starting sync cycle...
[2025-10-29 18:24:09] Exported to JSONL
[2025-10-29 18:24:10] Pulled from remote
[2025-10-29 18:24:10] Imported from JSONL
[2025-10-29 18:24:10] Sync cycle complete
[2025-10-29 18:29:09] Starting sync cycle...
[2025-10-29 18:29:10] Exported to JSONL
[2025-10-29 18:29:10] Pulled from remote
[2025-10-29 18:29:10] Imported from JSONL
[2025-10-29 18:29:10] Sync cycle complete
[2025-10-29 18:34:09] Starting sync cycle...
[2025-10-29 18:34:09] Exported to JSONL
[2025-10-29 18:34:10] Pulled from remote
[2025-10-29 18:34:10] Imported from JSONL
[2025-10-29 18:34:10] Sync cycle complete
[2025-10-29 18:39:09] Starting sync cycle...
[2025-10-29 18:39:09] Exported to JSONL
[2025-10-29 18:39:10] Pulled from remote
[2025-10-29 18:39:10] Imported from JSONL
[2025-10-29 18:39:10] Sync cycle complete
[2025-10-29 18:44:09] Starting sync cycle...
[2025-10-29 18:44:09] Exported to JSONL
[2025-10-29 18:44:10] Pulled from remote
[2025-10-29 18:44:10] Imported from JSONL
[2025-10-29 18:44:10] Sync cycle complete
[2025-10-29 18:49:10] Starting sync cycle...
[2025-10-29 18:49:10] Exported to JSONL
[2025-10-29 18:49:10] Pulled from remote
[2025-10-29 18:49:10] Imported from JSONL
[2025-10-29 18:49:10] Sync cycle complete
[2025-10-29 18:54:09] Starting sync cycle...
[2025-10-29 18:54:10] Exported to JSONL
[2025-10-29 18:54:10] Pulled from remote
[2025-10-29 18:54:10] Imported from JSONL
[2025-10-29 18:54:10] Sync cycle complete
[2025-10-29 18:59:09] Starting sync cycle...
[2025-10-29 18:59:09] Exported to JSONL
[2025-10-29 18:59:10] Pulled from remote
[2025-10-29 18:59:10] Imported from JSONL
[2025-10-29 18:59:10] Sync cycle complete
[2025-10-29 19:04:09] Starting sync cycle...
[2025-10-29 19:04:09] Exported to JSONL
[2025-10-29 19:04:10] Pulled from remote
[2025-10-29 19:04:10] Imported from JSONL
[2025-10-29 19:04:10] Sync cycle complete
[2025-10-29 19:09:09] Starting sync cycle...
[2025-10-29 19:09:09] Exported to JSONL
[2025-10-29 19:09:10] Pulled from remote
[2025-10-29 19:09:10] Imported from JSONL
[2025-10-29 19:09:10] Sync cycle complete
[2025-10-29 19:14:09] Starting sync cycle...
[2025-10-29 19:14:09] Exported to JSONL
[2025-10-29 19:14:10] Pulled from remote
[2025-10-29 19:14:10] Imported from JSONL
[2025-10-29 19:14:10] Sync cycle complete
[2025-10-29 19:19:09] Starting sync cycle...
[2025-10-29 19:19:09] Exported to JSONL
[2025-10-29 19:19:10] Pulled from remote
[2025-10-29 19:19:10] Imported from JSONL
[2025-10-29 19:19:10] Sync cycle complete
[2025-10-29 19:24:09] Starting sync cycle...
[2025-10-29 19:24:09] Exported to JSONL
[2025-10-29 19:24:10] Pulled from remote
[2025-10-29 19:24:10] Imported from JSONL
[2025-10-29 19:24:10] Sync cycle complete
[2025-10-29 19:29:09] Starting sync cycle...
[2025-10-29 19:29:10] Exported to JSONL
[2025-10-29 19:29:10] Pulled from remote
[2025-10-29 19:29:10] Imported from JSONL
[2025-10-29 19:29:10] Sync cycle complete
[2025-10-29 19:34:09] Starting sync cycle...
[2025-10-29 19:34:09] Exported to JSONL
[2025-10-29 19:34:10] Pulled from remote
[2025-10-29 19:34:10] Imported from JSONL
[2025-10-29 19:34:10] Sync cycle complete
[2025-10-29 19:39:09] Starting sync cycle...
[2025-10-29 19:39:09] Exported to JSONL
[2025-10-29 19:39:10] Pulled from remote
[2025-10-29 19:39:10] Imported from JSONL
[2025-10-29 19:39:10] Sync cycle complete
[2025-10-29 19:44:09] Starting sync cycle...
[2025-10-29 19:44:09] Exported to JSONL
[2025-10-29 19:44:10] Pulled from remote
[2025-10-29 19:44:10] Imported from JSONL
[2025-10-29 19:44:10] Sync cycle complete
[2025-10-29 19:49:09] Starting sync cycle...
[2025-10-29 19:49:10] Exported to JSONL
[2025-10-29 19:49:10] Pulled from remote
[2025-10-29 19:49:10] Imported from JSONL
[2025-10-29 19:49:10] Sync cycle complete
[2025-10-29 19:54:09] Starting sync cycle...
[2025-10-29 19:54:10] Exported to JSONL
[2025-10-29 19:54:10] Pulled from remote
[2025-10-29 19:54:10] Imported from JSONL
[2025-10-29 19:54:10] Sync cycle complete
[2025-10-29 19:59:09] Starting sync cycle...
[2025-10-29 19:59:09] Exported to JSONL
[2025-10-29 19:59:10] Pulled from remote
[2025-10-29 19:59:10] Imported from JSONL
[2025-10-29 19:59:10] Sync cycle complete
[2025-10-29 20:04:09] Starting sync cycle...
[2025-10-29 20:04:09] Exported to JSONL
[2025-10-29 20:04:10] Pulled from remote
[2025-10-29 20:04:10] Imported from JSONL
[2025-10-29 20:04:10] Sync cycle complete
[2025-10-29 20:09:09] Starting sync cycle...
[2025-10-29 20:09:10] Exported to JSONL
[2025-10-29 20:09:10] Pulled from remote
[2025-10-29 20:09:10] Imported from JSONL
[2025-10-29 20:09:10] Sync cycle complete
[2025-10-29 20:14:09] Starting sync cycle...
[2025-10-29 20:14:10] Exported to JSONL
[2025-10-29 20:14:10] Pulled from remote
[2025-10-29 20:14:10] Imported from JSONL
[2025-10-29 20:14:10] Sync cycle complete
[2025-10-29 20:19:09] Starting sync cycle...
[2025-10-29 20:19:09] Exported to JSONL
[2025-10-29 20:19:10] Pulled from remote
[2025-10-29 20:19:10] Imported from JSONL
[2025-10-29 20:19:10] Sync cycle complete
[2025-10-29 20:24:09] Starting sync cycle...
[2025-10-29 20:24:09] Exported to JSONL
[2025-10-29 20:24:10] Pulled from remote
[2025-10-29 20:24:10] Imported from JSONL
[2025-10-29 20:24:10] Sync cycle complete
[2025-10-29 20:29:09] Starting sync cycle...
[2025-10-29 20:29:09] Exported to JSONL
[2025-10-29 20:29:10] Pulled from remote
[2025-10-29 20:29:10] Imported from JSONL
[2025-10-29 20:29:10] Sync cycle complete
[2025-10-29 20:34:09] Starting sync cycle...
[2025-10-29 20:34:09] Exported to JSONL
[2025-10-29 20:34:10] Pulled from remote
[2025-10-29 20:34:10] Imported from JSONL
[2025-10-29 20:34:10] Sync cycle complete
[2025-10-29 20:39:09] Starting sync cycle...
[2025-10-29 20:39:09] Exported to JSONL
[2025-10-29 20:39:10] Pulled from remote
[2025-10-29 20:39:10] Imported from JSONL
[2025-10-29 20:39:10] Sync cycle complete
[2025-10-29 20:44:09] Starting sync cycle...
[2025-10-29 20:44:10] Exported to JSONL
[2025-10-29 20:44:10] Pulled from remote
[2025-10-29 20:44:10] Imported from JSONL
[2025-10-29 20:44:10] Sync cycle complete
[2025-10-29 20:49:09] Starting sync cycle...
[2025-10-29 20:49:10] Exported to JSONL
[2025-10-29 20:49:10] Pulled from remote
[2025-10-29 20:49:10] Imported from JSONL
[2025-10-29 20:49:10] Sync cycle complete
[2025-10-29 20:54:09] Starting sync cycle...
[2025-10-29 20:54:09] Exported to JSONL
[2025-10-29 20:54:10] Pulled from remote
[2025-10-29 20:54:10] Imported from JSONL
[2025-10-29 20:54:10] Sync cycle complete
[2025-10-29 20:59:09] Starting sync cycle...
[2025-10-29 20:59:09] Exported to JSONL
[2025-10-29 20:59:10] Pulled from remote
[2025-10-29 20:59:10] Imported from JSONL
[2025-10-29 20:59:10] Sync cycle complete
[2025-10-29 21:04:09] Starting sync cycle...
[2025-10-29 21:04:09] Exported to JSONL
[2025-10-29 21:04:10] Pulled from remote
[2025-10-29 21:04:10] Imported from JSONL
[2025-10-29 21:04:10] Sync cycle complete
[2025-10-29 21:09:09] Starting sync cycle...
[2025-10-29 21:09:09] Exported to JSONL
[2025-10-29 21:09:10] Pulled from remote
[2025-10-29 21:09:10] Imported from JSONL
[2025-10-29 21:09:10] Sync cycle complete
[2025-10-29 21:14:09] Starting sync cycle...
[2025-10-29 21:14:09] Exported to JSONL
[2025-10-29 21:14:10] Pulled from remote
[2025-10-29 21:14:10] Imported from JSONL
[2025-10-29 21:14:10] Sync cycle complete
[2025-10-29 21:19:09] Starting sync cycle...
[2025-10-29 21:19:10] Exported to JSONL
[2025-10-29 21:19:10] Pulled from remote
[2025-10-29 21:19:10] Imported from JSONL
[2025-10-29 21:19:10] Sync cycle complete
[2025-10-29 21:24:09] Starting sync cycle...
[2025-10-29 21:24:09] Exported to JSONL
[2025-10-29 21:24:10] Pulled from remote
[2025-10-29 21:24:10] Imported from JSONL
[2025-10-29 21:24:10] Sync cycle complete
[2025-10-29 21:29:09] Starting sync cycle...
[2025-10-29 21:29:09] Exported to JSONL
[2025-10-29 21:29:10] Pulled from remote
[2025-10-29 21:29:10] Imported from JSONL
[2025-10-29 21:29:10] Sync cycle complete
[2025-10-29 21:34:09] Starting sync cycle...
[2025-10-29 21:34:10] Exported to JSONL
[2025-10-29 21:34:10] Pulled from remote
[2025-10-29 21:34:10] Imported from JSONL
[2025-10-29 21:34:10] Sync cycle complete
[2025-10-29 21:39:09] Starting sync cycle...
[2025-10-29 21:39:09] Exported to JSONL
[2025-10-29 21:39:10] Pulled from remote
[2025-10-29 21:39:10] Imported from JSONL
[2025-10-29 21:39:10] Sync cycle complete
[2025-10-29 21:44:09] Starting sync cycle...
[2025-10-29 21:44:10] Exported to JSONL
[2025-10-29 21:44:10] Pulled from remote
[2025-10-29 21:44:10] Imported from JSONL
[2025-10-29 21:44:10] Sync cycle complete
[2025-10-29 21:49:09] Starting sync cycle...
[2025-10-29 21:49:10] Exported to JSONL
[2025-10-29 21:49:10] Pulled from remote
[2025-10-29 21:49:10] Imported from JSONL
[2025-10-29 21:49:10] Sync cycle complete
[2025-10-29 21:54:09] Starting sync cycle...
[2025-10-29 21:54:09] Exported to JSONL
[2025-10-29 21:54:10] Pulled from remote
[2025-10-29 21:54:10] Imported from JSONL
[2025-10-29 21:54:10] Sync cycle complete
[2025-10-29 21:59:09] Starting sync cycle...
[2025-10-29 21:59:09] Exported to JSONL
[2025-10-29 21:59:10] Pulled from remote
[2025-10-29 21:59:10] Imported from JSONL
[2025-10-29 21:59:10] Sync cycle complete
[2025-10-29 22:04:09] Starting sync cycle...
[2025-10-29 22:04:09] Exported to JSONL
[2025-10-29 22:04:10] Pulled from remote
[2025-10-29 22:04:10] Imported from JSONL
[2025-10-29 22:04:10] Sync cycle complete
[2025-10-29 22:09:09] Starting sync cycle...
[2025-10-29 22:09:09] Exported to JSONL
[2025-10-29 22:09:10] Pulled from remote
[2025-10-29 22:09:10] Imported from JSONL
[2025-10-29 22:09:10] Sync cycle complete
[2025-10-29 22:14:09] Starting sync cycle...
[2025-10-29 22:14:10] Exported to JSONL
[2025-10-29 22:14:10] Pulled from remote
[2025-10-29 22:14:10] Imported from JSONL
[2025-10-29 22:14:10] Sync cycle complete
[2025-10-29 22:19:09] Starting sync cycle...
[2025-10-29 22:19:10] Exported to JSONL
[2025-10-29 22:19:10] Pulled from remote
[2025-10-29 22:19:10] Imported from JSONL
[2025-10-29 22:19:10] Sync cycle complete
[2025-10-29 22:24:10] Starting sync cycle...
[2025-10-29 22:24:10] Exported to JSONL
[2025-10-29 22:24:10] Pulled from remote
[2025-10-29 22:24:10] Imported from JSONL
[2025-10-29 22:24:10] Sync cycle complete
[2025-10-29 22:29:09] Starting sync cycle...
[2025-10-29 22:29:09] Exported to JSONL
[2025-10-29 22:29:10] Pulled from remote
[2025-10-29 22:29:10] Imported from JSONL
[2025-10-29 22:29:10] Sync cycle complete
[2025-10-29 22:34:09] Starting sync cycle...
[2025-10-29 22:34:09] Exported to JSONL
[2025-10-29 22:34:10] Pulled from remote
[2025-10-29 22:34:10] Imported from JSONL
[2025-10-29 22:34:10] Sync cycle complete
[2025-10-29 22:39:09] Starting sync cycle...
[2025-10-29 22:39:09] Exported to JSONL
[2025-10-29 22:39:10] Pulled from remote
[2025-10-29 22:39:10] Imported from JSONL
[2025-10-29 22:39:10] Sync cycle complete
[2025-10-29 22:44:09] Starting sync cycle...
[2025-10-29 22:44:09] Exported to JSONL
[2025-10-29 22:44:10] Pulled from remote
[2025-10-29 22:44:10] Imported from JSONL
[2025-10-29 22:44:10] Sync cycle complete
[2025-10-29 22:49:10] Starting sync cycle...
[2025-10-29 22:49:10] Exported to JSONL
[2025-10-29 22:49:10] Pulled from remote
[2025-10-29 22:49:10] Imported from JSONL
[2025-10-29 22:49:10] Sync cycle complete
[2025-10-29 22:54:09] Starting sync cycle...
[2025-10-29 22:54:09] Exported to JSONL
[2025-10-29 22:54:10] Pulled from remote
[2025-10-29 22:54:10] Imported from JSONL
[2025-10-29 22:54:10] Sync cycle complete
[2025-10-29 22:59:09] Starting sync cycle...
[2025-10-29 22:59:09] Exported to JSONL
[2025-10-29 22:59:10] Pulled from remote
[2025-10-29 22:59:10] Imported from JSONL
[2025-10-29 22:59:10] Sync cycle complete
[2025-10-29 23:04:09] Starting sync cycle...
[2025-10-29 23:04:10] Exported to JSONL
[2025-10-29 23:04:10] Pulled from remote
[2025-10-29 23:04:10] Imported from JSONL
[2025-10-29 23:04:10] Sync cycle complete
[2025-10-29 23:09:09] Starting sync cycle...
[2025-10-29 23:09:09] Exported to JSONL
[2025-10-29 23:09:10] Pulled from remote
[2025-10-29 23:09:10] Imported from JSONL
[2025-10-29 23:09:10] Sync cycle complete
[2025-10-29 23:14:09] Starting sync cycle...
[2025-10-29 23:14:10] Exported to JSONL
[2025-10-29 23:14:10] Pulled from remote
[2025-10-29 23:14:10] Imported from JSONL
[2025-10-29 23:14:10] Sync cycle complete
[2025-10-29 23:19:10] Starting sync cycle...
[2025-10-29 23:19:10] Exported to JSONL
[2025-10-29 23:19:10] Pulled from remote
[2025-10-29 23:19:10] Imported from JSONL
[2025-10-29 23:19:10] Sync cycle complete
[2025-10-29 23:24:09] Starting sync cycle...
[2025-10-29 23:24:09] Exported to JSONL
[2025-10-29 23:24:10] Pulled from remote
[2025-10-29 23:24:10] Imported from JSONL
[2025-10-29 23:24:10] Sync cycle complete
[2025-10-29 23:29:09] Starting sync cycle...
[2025-10-29 23:29:09] Exported to JSONL
[2025-10-29 23:29:10] Pulled from remote
[2025-10-29 23:29:10] Imported from JSONL
[2025-10-29 23:29:10] Sync cycle complete
[2025-10-29 23:34:09] Starting sync cycle...
[2025-10-29 23:34:10] Exported to JSONL
[2025-10-29 23:34:10] Pulled from remote
[2025-10-29 23:34:10] Imported from JSONL
[2025-10-29 23:34:10] Sync cycle complete
[2025-10-29 23:39:10] Starting sync cycle...
[2025-10-29 23:39:10] Exported to JSONL
[2025-10-29 23:39:10] Pulled from remote
[2025-10-29 23:39:10] Imported from JSONL
[2025-10-29 23:39:10] Sync cycle complete
[2025-10-29 23:44:09] Starting sync cycle...
[2025-10-29 23:44:09] Exported to JSONL
[2025-10-29 23:44:10] Pulled from remote
[2025-10-29 23:44:10] Imported from JSONL
[2025-10-29 23:44:10] Sync cycle complete
[2025-10-29 23:49:09] Starting sync cycle...
[2025-10-29 23:49:09] Exported to JSONL
[2025-10-29 23:49:10] Pulled from remote
[2025-10-29 23:49:10] Imported from JSONL
[2025-10-29 23:49:10] Sync cycle complete
[2025-10-29 23:54:09] Starting sync cycle...
[2025-10-29 23:54:09] Exported to JSONL
[2025-10-29 23:54:10] Pulled from remote
[2025-10-29 23:54:10] Imported from JSONL
[2025-10-29 23:54:10] Sync cycle complete
[2025-10-29 23:59:09] Starting sync cycle...
[2025-10-29 23:59:09] Exported to JSONL
[2025-10-29 23:59:10] Pulled from remote
[2025-10-29 23:59:10] Imported from JSONL
[2025-10-29 23:59:10] Sync cycle complete
[2025-10-30 00:04:09] Starting sync cycle...
[2025-10-30 00:04:09] Exported to JSONL
[2025-10-30 00:04:10] Pulled from remote
[2025-10-30 00:04:10] Imported from JSONL
[2025-10-30 00:04:10] Sync cycle complete
[2025-10-30 00:09:09] Starting sync cycle...
[2025-10-30 00:09:10] Exported to JSONL
[2025-10-30 00:09:10] Pulled from remote
[2025-10-30 00:09:10] Imported from JSONL
[2025-10-30 00:09:10] Sync cycle complete
[2025-10-30 00:14:09] Starting sync cycle...
[2025-10-30 00:14:09] Exported to JSONL
[2025-10-30 00:14:10] Pulled from remote
[2025-10-30 00:14:10] Imported from JSONL
[2025-10-30 00:14:10] Sync cycle complete
[2025-10-30 00:19:09] Starting sync cycle...
[2025-10-30 00:19:09] Exported to JSONL
[2025-10-30 00:19:10] Pulled from remote
[2025-10-30 00:19:10] Imported from JSONL
[2025-10-30 00:19:10] Sync cycle complete
[2025-10-30 00:24:09] Starting sync cycle...
[2025-10-30 00:24:09] Exported to JSONL
[2025-10-30 00:24:10] Pulled from remote
[2025-10-30 00:24:10] Imported from JSONL
[2025-10-30 00:24:10] Sync cycle complete
[2025-10-30 00:29:09] Starting sync cycle...
[2025-10-30 00:29:09] Exported to JSONL
[2025-10-30 00:29:10] Pulled from remote
[2025-10-30 00:29:10] Imported from JSONL
[2025-10-30 00:29:10] Sync cycle complete
[2025-10-30 00:34:09] Starting sync cycle...
[2025-10-30 00:34:09] Exported to JSONL
[2025-10-30 00:34:10] Pulled from remote
[2025-10-30 00:34:10] Imported from JSONL
[2025-10-30 00:34:10] Sync cycle complete
[2025-10-30 00:39:09] Starting sync cycle...
[2025-10-30 00:39:09] Exported to JSONL
[2025-10-30 00:39:10] Pulled from remote
[2025-10-30 00:39:10] Imported from JSONL
[2025-10-30 00:39:10] Sync cycle complete
[2025-10-30 00:44:09] Starting sync cycle...
[2025-10-30 00:44:09] Exported to JSONL
[2025-10-30 00:44:10] Pulled from remote
[2025-10-30 00:44:10] Imported from JSONL
[2025-10-30 00:44:10] Sync cycle complete
[2025-10-30 00:49:10] Starting sync cycle...
[2025-10-30 00:49:10] Exported to JSONL
[2025-10-30 00:49:10] Pulled from remote
[2025-10-30 00:49:10] Imported from JSONL
[2025-10-30 00:49:10] Sync cycle complete
[2025-10-30 00:54:09] Starting sync cycle...
[2025-10-30 00:54:09] Exported to JSONL
[2025-10-30 00:54:10] Pulled from remote
[2025-10-30 00:54:10] Imported from JSONL
[2025-10-30 00:54:10] Sync cycle complete
[2025-10-30 00:59:09] Starting sync cycle...
[2025-10-30 00:59:09] Exported to JSONL
[2025-10-30 00:59:10] Pulled from remote
[2025-10-30 00:59:10] Imported from JSONL
[2025-10-30 00:59:10] Sync cycle complete
[2025-10-30 01:04:09] Starting sync cycle...
[2025-10-30 01:04:09] Exported to JSONL
[2025-10-30 01:04:10] Pulled from remote
[2025-10-30 01:04:10] Imported from JSONL
[2025-10-30 01:04:10] Sync cycle complete
[2025-10-30 01:09:09] Starting sync cycle...
[2025-10-30 01:09:10] Exported to JSONL
[2025-10-30 01:09:10] Pulled from remote
[2025-10-30 01:09:10] Imported from JSONL
[2025-10-30 01:09:10] Sync cycle complete
[2025-10-30 01:14:09] Starting sync cycle...
[2025-10-30 01:14:09] Exported to JSONL
[2025-10-30 01:14:10] Pulled from remote
[2025-10-30 01:14:10] Imported from JSONL
[2025-10-30 01:14:10] Sync cycle complete
[2025-10-30 01:19:09] Starting sync cycle...
[2025-10-30 01:19:09] Exported to JSONL
[2025-10-30 01:19:10] Pulled from remote
[2025-10-30 01:19:10] Imported from JSONL
[2025-10-30 01:19:10] Sync cycle complete
[2025-10-30 01:24:10] Starting sync cycle...
[2025-10-30 01:24:10] Exported to JSONL
[2025-10-30 01:24:10] Pulled from remote
[2025-10-30 01:24:10] Imported from JSONL
[2025-10-30 01:24:10] Sync cycle complete
[2025-10-30 01:29:10] Starting sync cycle...
[2025-10-30 01:29:10] Exported to JSONL
[2025-10-30 01:29:10] Pulled from remote
[2025-10-30 01:29:10] Imported from JSONL
[2025-10-30 01:29:10] Sync cycle complete
[2025-10-30 01:34:09] Starting sync cycle...
[2025-10-30 01:34:10] Exported to JSONL
[2025-10-30 01:34:10] Pulled from remote
[2025-10-30 01:34:10] Imported from JSONL
[2025-10-30 01:34:10] Sync cycle complete
[2025-10-30 01:39:09] Starting sync cycle...
[2025-10-30 01:39:09] Exported to JSONL
[2025-10-30 01:39:10] Pulled from remote
[2025-10-30 01:39:10] Imported from JSONL
[2025-10-30 01:39:10] Sync cycle complete
[2025-10-30 01:44:09] Starting sync cycle...
[2025-10-30 01:44:09] Exported to JSONL
[2025-10-30 01:44:10] Pulled from remote
[2025-10-30 01:44:10] Imported from JSONL
[2025-10-30 01:44:10] Sync cycle complete
[2025-10-30 01:49:10] Starting sync cycle...
[2025-10-30 01:49:10] Exported to JSONL
[2025-10-30 01:49:10] Pulled from remote
[2025-10-30 01:49:10] Imported from JSONL
[2025-10-30 01:49:10] Sync cycle complete
[2025-10-30 01:54:09] Starting sync cycle...
[2025-10-30 01:54:09] Exported to JSONL
[2025-10-30 01:54:10] Pulled from remote
[2025-10-30 01:54:10] Imported from JSONL
[2025-10-30 01:54:10] Sync cycle complete
[2025-10-30 01:59:10] Starting sync cycle...
[2025-10-30 01:59:10] Exported to JSONL
[2025-10-30 01:59:10] Pulled from remote
[2025-10-30 01:59:10] Imported from JSONL
[2025-10-30 01:59:10] Sync cycle complete
[2025-10-30 02:04:09] Starting sync cycle...
[2025-10-30 02:04:09] Exported to JSONL
[2025-10-30 02:04:10] Pulled from remote
[2025-10-30 02:04:10] Imported from JSONL
[2025-10-30 02:04:10] Sync cycle complete
[2025-10-30 02:09:09] Starting sync cycle...
[2025-10-30 02:09:10] Exported to JSONL
[2025-10-30 02:09:10] Pulled from remote
[2025-10-30 02:09:10] Imported from JSONL
[2025-10-30 02:09:10] Sync cycle complete
[2025-10-30 02:14:09] Starting sync cycle...
[2025-10-30 02:14:09] Exported to JSONL
[2025-10-30 02:14:10] Pulled from remote
[2025-10-30 02:14:10] Imported from JSONL
[2025-10-30 02:14:10] Sync cycle complete
[2025-10-30 02:19:09] Starting sync cycle...
[2025-10-30 02:19:09] Exported to JSONL
[2025-10-30 02:19:10] Pulled from remote
[2025-10-30 02:19:10] Imported from JSONL
[2025-10-30 02:19:10] Sync cycle complete
[2025-10-30 02:24:09] Starting sync cycle...
[2025-10-30 02:24:09] Exported to JSONL
[2025-10-30 02:24:10] Pulled from remote
[2025-10-30 02:24:10] Imported from JSONL
[2025-10-30 02:24:10] Sync cycle complete
[2025-10-30 02:29:10] Starting sync cycle...
[2025-10-30 02:29:10] Exported to JSONL
[2025-10-30 02:29:10] Pulled from remote
[2025-10-30 02:29:10] Imported from JSONL
[2025-10-30 02:29:10] Sync cycle complete
[2025-10-30 02:34:09] Starting sync cycle...
[2025-10-30 02:34:09] Exported to JSONL
[2025-10-30 02:34:10] Pulled from remote
[2025-10-30 02:34:10] Imported from JSONL
[2025-10-30 02:34:10] Sync cycle complete
[2025-10-30 02:39:09] Starting sync cycle...
[2025-10-30 02:39:09] Exported to JSONL
[2025-10-30 02:39:10] Pulled from remote
[2025-10-30 02:39:10] Imported from JSONL
[2025-10-30 02:39:10] Sync cycle complete
[2025-10-31 15:38:27] Starting sync cycle...
[2025-10-31 15:38:27] Exported to JSONL
[2025-10-31 15:38:27] Pulled from remote
[2025-10-31 15:38:27] Imported from JSONL
[2025-10-31 15:38:27] Sync cycle complete
[2025-10-31 15:43:27] Starting sync cycle...
[2025-10-31 15:43:27] Exported to JSONL
[2025-10-31 15:43:27] Pulled from remote
[2025-10-31 15:43:27] Imported from JSONL
[2025-10-31 15:43:27] Sync cycle complete
[2025-10-31 15:48:27] Starting sync cycle...
[2025-10-31 15:48:27] Exported to JSONL
[2025-10-31 15:48:27] Pulled from remote
[2025-10-31 15:48:27] Imported from JSONL
[2025-10-31 15:48:27] Sync cycle complete
[2025-10-31 15:53:27] Starting sync cycle...
[2025-10-31 15:53:27] Exported to JSONL
[2025-10-31 15:53:27] Pulled from remote
[2025-10-31 15:53:27] Imported from JSONL
[2025-10-31 15:53:27] Sync cycle complete
[2025-10-31 15:58:27] Starting sync cycle...
[2025-10-31 15:58:27] Exported to JSONL
[2025-10-31 15:58:27] Pulled from remote
[2025-10-31 15:58:27] Imported from JSONL
[2025-10-31 15:58:27] Sync cycle complete
[2025-10-31 16:03:27] Starting sync cycle...
[2025-10-31 16:03:27] Exported to JSONL
[2025-10-31 16:03:27] Pulled from remote
[2025-10-31 16:03:27] Imported from JSONL
[2025-10-31 16:03:27] Sync cycle complete
[2025-10-31 16:08:26] Starting sync cycle...
[2025-10-31 16:08:26] Exported to JSONL
[2025-10-31 16:08:26] Pulled from remote
[2025-10-31 16:08:26] Imported from JSONL
[2025-10-31 16:08:26] Sync cycle complete
[2025-10-31 16:13:26] Starting sync cycle...
[2025-10-31 16:13:26] Exported to JSONL
[2025-10-31 16:13:26] Pulled from remote
[2025-10-31 16:13:26] Imported from JSONL
[2025-10-31 16:13:26] Sync cycle complete
[2025-10-31 16:18:26] Starting sync cycle...
[2025-10-31 16:18:26] Exported to JSONL
[2025-10-31 16:18:26] Pulled from remote
[2025-10-31 16:18:26] Imported from JSONL
[2025-10-31 16:18:26] Sync cycle complete
[2025-10-31 16:23:26] Starting sync cycle...
[2025-10-31 16:23:26] Exported to JSONL
[2025-10-31 16:23:26] Pulled from remote
[2025-10-31 16:23:26] Imported from JSONL
[2025-10-31 16:23:26] Sync cycle complete
[2025-10-31 16:28:26] Starting sync cycle...
[2025-10-31 16:28:26] Exported to JSONL
[2025-10-31 16:28:26] Pulled from remote
[2025-10-31 16:28:26] Imported from JSONL
[2025-10-31 16:28:26] Sync cycle complete
[2025-10-31 16:33:26] Starting sync cycle...
[2025-10-31 16:33:26] Exported to JSONL
[2025-10-31 16:33:26] Pulled from remote
[2025-10-31 16:33:26] Imported from JSONL
[2025-10-31 16:33:26] Sync cycle complete
[2025-10-31 16:38:26] Starting sync cycle...
[2025-10-31 16:38:26] Exported to JSONL
[2025-10-31 16:38:26] Pulled from remote
[2025-10-31 16:38:26] Imported from JSONL
[2025-10-31 16:38:26] Sync cycle complete
[2025-10-31 16:43:26] Starting sync cycle...
[2025-10-31 16:43:26] Exported to JSONL
[2025-10-31 16:43:26] Pulled from remote
[2025-10-31 16:43:26] Imported from JSONL
[2025-10-31 16:43:26] Sync cycle complete
[2025-10-31 16:48:26] Starting sync cycle...
[2025-10-31 16:48:26] Exported to JSONL
[2025-10-31 16:48:26] Pulled from remote
[2025-10-31 16:48:26] Imported from JSONL
[2025-10-31 16:48:26] Sync cycle complete
[2025-10-31 16:53:26] Starting sync cycle...
[2025-10-31 16:53:26] Exported to JSONL
[2025-10-31 16:53:26] Pulled from remote
[2025-10-31 16:53:26] Imported from JSONL
[2025-10-31 16:53:26] Sync cycle complete
[2025-10-31 16:58:26] Starting sync cycle...
[2025-10-31 16:58:26] Exported to JSONL
[2025-10-31 16:58:26] Pulled from remote
[2025-10-31 16:58:26] Imported from JSONL
[2025-10-31 16:58:26] Sync cycle complete
[2025-10-31 17:03:26] Starting sync cycle...
[2025-10-31 17:03:26] Exported to JSONL
[2025-10-31 17:03:26] Pulled from remote
[2025-10-31 17:03:26] Imported from JSONL
[2025-10-31 17:03:26] Sync cycle complete
[2025-10-31 17:08:26] Starting sync cycle...
[2025-10-31 17:08:26] Exported to JSONL
[2025-10-31 17:08:26] Pulled from remote
[2025-10-31 17:08:26] Imported from JSONL
[2025-10-31 17:08:26] Sync cycle complete
[2025-10-31 17:13:26] Starting sync cycle...
[2025-10-31 17:13:26] Exported to JSONL
[2025-10-31 17:13:26] Pulled from remote
[2025-10-31 17:13:26] Imported from JSONL
[2025-10-31 17:13:26] Sync cycle complete
[2025-10-31 17:18:26] Starting sync cycle...
[2025-10-31 17:18:26] Exported to JSONL
[2025-10-31 17:18:26] Pulled from remote
[2025-10-31 17:18:26] Imported from JSONL
[2025-10-31 17:18:26] Sync cycle complete
[2025-10-31 17:23:26] Starting sync cycle...
[2025-10-31 17:23:26] Exported to JSONL
[2025-10-31 17:23:26] Pulled from remote
[2025-10-31 17:23:26] Imported from JSONL
[2025-10-31 17:23:26] Sync cycle complete
[2025-10-31 17:28:26] Starting sync cycle...
[2025-10-31 17:28:26] Exported to JSONL
[2025-10-31 17:28:26] Pulled from remote
[2025-10-31 17:28:26] Imported from JSONL
[2025-10-31 17:28:26] Sync cycle complete
[2025-10-31 17:33:26] Starting sync cycle...
[2025-10-31 17:33:26] Exported to JSONL
[2025-10-31 17:33:26] Pulled from remote
[2025-10-31 17:33:26] Imported from JSONL
[2025-10-31 17:33:26] Sync cycle complete
[2025-10-31 17:38:26] Starting sync cycle...
[2025-10-31 17:38:26] Exported to JSONL
[2025-10-31 17:38:26] Pulled from remote
[2025-10-31 17:38:26] Imported from JSONL
[2025-10-31 17:38:26] Sync cycle complete
[2025-10-31 17:43:26] Starting sync cycle...
[2025-10-31 17:43:26] Exported to JSONL
[2025-10-31 17:43:26] Pulled from remote
[2025-10-31 17:43:26] Imported from JSONL
[2025-10-31 17:43:26] Sync cycle complete
[2025-10-31 17:48:26] Starting sync cycle...
[2025-10-31 17:48:26] Exported to JSONL
[2025-10-31 17:48:26] Pulled from remote
[2025-10-31 17:48:26] Imported from JSONL
[2025-10-31 17:48:26] Sync cycle complete
[2025-10-31 17:53:26] Starting sync cycle...
[2025-10-31 17:53:26] Exported to JSONL
[2025-10-31 17:53:26] Pulled from remote
[2025-10-31 17:53:26] Imported from JSONL
[2025-10-31 17:53:26] Sync cycle complete
[2025-10-31 17:58:26] Starting sync cycle...
[2025-10-31 17:58:26] Exported to JSONL
[2025-10-31 17:58:26] Pulled from remote
[2025-10-31 17:58:26] Imported from JSONL
[2025-10-31 17:58:26] Sync cycle complete
[2025-10-31 18:03:26] Starting sync cycle...
[2025-10-31 18:03:26] Exported to JSONL
[2025-10-31 18:03:26] Pulled from remote
[2025-10-31 18:03:26] Imported from JSONL
[2025-10-31 18:03:26] Sync cycle complete
[2025-10-31 18:08:26] Starting sync cycle...
[2025-10-31 18:08:26] Exported to JSONL
[2025-10-31 18:08:26] Pulled from remote
[2025-10-31 18:08:26] Imported from JSONL
[2025-10-31 18:08:26] Sync cycle complete
[2025-10-31 18:13:26] Starting sync cycle...
[2025-10-31 18:13:26] Exported to JSONL
[2025-10-31 18:13:26] Pulled from remote
[2025-10-31 18:13:26] Imported from JSONL
[2025-10-31 18:13:26] Sync cycle complete
[2025-10-31 18:18:26] Starting sync cycle...
[2025-10-31 18:18:26] Exported to JSONL
[2025-10-31 18:18:26] Pulled from remote
[2025-10-31 18:18:26] Imported from JSONL
[2025-10-31 18:18:26] Sync cycle complete
[2025-10-31 18:23:26] Starting sync cycle...
[2025-10-31 18:23:26] Exported to JSONL
[2025-10-31 18:23:26] Pulled from remote
[2025-10-31 18:23:26] Imported from JSONL
[2025-10-31 18:23:26] Sync cycle complete
[2025-10-31 18:28:26] Starting sync cycle...
[2025-10-31 18:28:26] Exported to JSONL
[2025-10-31 18:28:26] Pulled from remote
[2025-10-31 18:28:26] Imported from JSONL
[2025-10-31 18:28:26] Sync cycle complete
[2025-10-31 18:33:26] Starting sync cycle...
[2025-10-31 18:33:26] Exported to JSONL
[2025-10-31 18:33:26] Pulled from remote
[2025-10-31 18:33:26] Imported from JSONL
[2025-10-31 18:33:26] Sync cycle complete
[2025-10-31 18:38:26] Starting sync cycle...
[2025-10-31 18:38:26] Exported to JSONL
[2025-10-31 18:38:26] Pulled from remote
[2025-10-31 18:38:26] Imported from JSONL
[2025-10-31 18:38:26] Sync cycle complete
[2025-10-31 18:43:26] Starting sync cycle...
[2025-10-31 18:43:26] Exported to JSONL
[2025-10-31 18:43:26] Pulled from remote
[2025-10-31 18:43:26] Imported from JSONL
[2025-10-31 18:43:26] Sync cycle complete
[2025-10-31 18:48:26] Starting sync cycle...
[2025-10-31 18:48:26] Exported to JSONL
[2025-10-31 18:48:26] Pulled from remote
[2025-10-31 18:48:26] Imported from JSONL
[2025-10-31 18:48:26] Sync cycle complete
[2025-10-31 18:53:26] Starting sync cycle...
[2025-10-31 18:53:26] Exported to JSONL
[2025-10-31 18:53:26] Pulled from remote
[2025-10-31 18:53:26] Imported from JSONL
[2025-10-31 18:53:26] Sync cycle complete
[2025-10-31 18:58:26] Starting sync cycle...
[2025-10-31 18:58:26] Exported to JSONL
[2025-10-31 18:58:26] Pulled from remote
[2025-10-31 18:58:26] Imported from JSONL
[2025-10-31 18:58:26] Sync cycle complete
[2025-10-31 19:03:26] Starting sync cycle...
[2025-10-31 19:03:26] Exported to JSONL
[2025-10-31 19:03:26] Pulled from remote
[2025-10-31 19:03:26] Imported from JSONL
[2025-10-31 19:03:26] Sync cycle complete
[2025-10-31 19:08:26] Starting sync cycle...
[2025-10-31 19:08:26] Exported to JSONL
[2025-10-31 19:08:26] Pulled from remote
[2025-10-31 19:08:26] Imported from JSONL
[2025-10-31 19:08:26] Sync cycle complete
[2025-10-31 19:13:26] Starting sync cycle...
[2025-10-31 19:13:26] Exported to JSONL
[2025-10-31 19:13:26] Pulled from remote
[2025-10-31 19:13:26] Imported from JSONL
[2025-10-31 19:13:26] Sync cycle complete
[2025-10-31 19:18:26] Starting sync cycle...
[2025-10-31 19:18:26] Exported to JSONL
[2025-10-31 19:18:26] Pulled from remote
[2025-10-31 19:18:26] Imported from JSONL
[2025-10-31 19:18:26] Sync cycle complete
[2025-10-31 19:23:26] Starting sync cycle...
[2025-10-31 19:23:26] Exported to JSONL
[2025-10-31 19:23:26] Pulled from remote
[2025-10-31 19:23:26] Imported from JSONL
[2025-10-31 19:23:26] Sync cycle complete
[2025-10-31 19:28:26] Starting sync cycle...
[2025-10-31 19:28:26] Exported to JSONL
[2025-10-31 19:28:26] Pulled from remote
[2025-10-31 19:28:26] Imported from JSONL
[2025-10-31 19:28:26] Sync cycle complete
[2025-10-31 19:33:26] Starting sync cycle...
[2025-10-31 19:33:26] Exported to JSONL
[2025-10-31 19:33:26] Pulled from remote
[2025-10-31 19:33:26] Imported from JSONL
[2025-10-31 19:33:26] Sync cycle complete
[2025-10-31 19:38:26] Starting sync cycle...
[2025-10-31 19:38:26] Exported to JSONL
[2025-10-31 19:38:26] Pulled from remote
[2025-10-31 19:38:26] Imported from JSONL
[2025-10-31 19:38:26] Sync cycle complete
[2025-10-31 19:43:26] Starting sync cycle...
[2025-10-31 19:43:26] Exported to JSONL
[2025-10-31 19:43:26] Pulled from remote
[2025-10-31 19:43:26] Imported from JSONL
[2025-10-31 19:43:26] Sync cycle complete
[2025-10-31 19:48:26] Starting sync cycle...
[2025-10-31 19:48:26] Exported to JSONL
[2025-10-31 19:48:26] Pulled from remote
[2025-10-31 19:48:26] Imported from JSONL
[2025-10-31 19:48:26] Sync cycle complete
[2025-10-31 19:53:26] Starting sync cycle...
[2025-10-31 19:53:26] Exported to JSONL
[2025-10-31 19:53:26] Pulled from remote
[2025-10-31 19:53:26] Imported from JSONL
[2025-10-31 19:53:26] Sync cycle complete
[2025-10-31 19:58:26] Starting sync cycle...
[2025-10-31 19:58:26] Exported to JSONL
[2025-10-31 19:58:26] Pulled from remote
[2025-10-31 19:58:26] Imported from JSONL
[2025-10-31 19:58:26] Sync cycle complete
[2025-10-31 20:03:26] Starting sync cycle...
[2025-10-31 20:03:26] Exported to JSONL
[2025-10-31 20:03:26] Pulled from remote
[2025-10-31 20:03:26] Imported from JSONL
[2025-10-31 20:03:26] Sync cycle complete
[2025-10-31 20:08:26] Starting sync cycle...
[2025-10-31 20:08:26] Exported to JSONL
[2025-10-31 20:08:26] Pulled from remote
[2025-10-31 20:08:26] Imported from JSONL
[2025-10-31 20:08:26] Sync cycle complete
[2025-10-31 20:13:26] Starting sync cycle...
[2025-10-31 20:13:26] Exported to JSONL
[2025-10-31 20:13:26] Pulled from remote
[2025-10-31 20:13:26] Imported from JSONL
[2025-10-31 20:13:26] Sync cycle complete
[2025-10-31 20:18:26] Starting sync cycle...
[2025-10-31 20:18:26] Exported to JSONL
[2025-10-31 20:18:26] Pulled from remote
[2025-10-31 20:18:26] Imported from JSONL
[2025-10-31 20:18:26] Sync cycle complete
[2025-10-31 20:23:26] Starting sync cycle...
[2025-10-31 20:23:26] Exported to JSONL
[2025-10-31 20:23:26] Pulled from remote
[2025-10-31 20:23:26] Imported from JSONL
[2025-10-31 20:23:26] Sync cycle complete
[2025-10-31 20:28:26] Starting sync cycle...
[2025-10-31 20:28:26] Exported to JSONL
[2025-10-31 20:28:26] Pulled from remote
[2025-10-31 20:28:26] Imported from JSONL
[2025-10-31 20:28:26] Sync cycle complete
[2025-10-31 20:33:26] Starting sync cycle...
[2025-10-31 20:33:26] Exported to JSONL
[2025-10-31 20:33:26] Pulled from remote
[2025-10-31 20:33:26] Imported from JSONL
[2025-10-31 20:33:26] Sync cycle complete
[2025-10-31 20:38:26] Starting sync cycle...
[2025-10-31 20:38:26] Exported to JSONL
[2025-10-31 20:38:26] Pulled from remote
[2025-10-31 20:38:26] Imported from JSONL
[2025-10-31 20:38:26] Sync cycle complete
[2025-10-31 20:43:26] Starting sync cycle...
[2025-10-31 20:43:26] Exported to JSONL
[2025-10-31 20:43:26] Pulled from remote
[2025-10-31 20:43:26] Imported from JSONL
[2025-10-31 20:43:26] Sync cycle complete
[2025-10-31 20:48:26] Starting sync cycle...
[2025-10-31 20:48:26] Exported to JSONL
[2025-10-31 20:48:26] Pulled from remote
[2025-10-31 20:48:26] Imported from JSONL
[2025-10-31 20:48:26] Sync cycle complete
[2025-10-31 20:53:26] Starting sync cycle...
[2025-10-31 20:53:26] Exported to JSONL
[2025-10-31 20:53:26] Pulled from remote
[2025-10-31 20:53:26] Imported from JSONL
[2025-10-31 20:53:26] Sync cycle complete
[2025-10-31 20:58:26] Starting sync cycle...
[2025-10-31 20:58:26] Exported to JSONL
[2025-10-31 20:58:26] Pulled from remote
[2025-10-31 20:58:26] Imported from JSONL
[2025-10-31 20:58:26] Sync cycle complete
[2025-10-31 21:03:26] Starting sync cycle...
[2025-10-31 21:03:26] Exported to JSONL
[2025-10-31 21:03:26] Pulled from remote
[2025-10-31 21:03:26] Imported from JSONL
[2025-10-31 21:03:26] Sync cycle complete
[2025-10-31 21:08:26] Starting sync cycle...
[2025-10-31 21:08:26] Exported to JSONL
[2025-10-31 21:08:26] Pulled from remote
[2025-10-31 21:08:26] Imported from JSONL
[2025-10-31 21:08:26] Sync cycle complete
[2025-10-31 21:13:26] Starting sync cycle...
[2025-10-31 21:13:26] Exported to JSONL
[2025-10-31 21:13:26] Pulled from remote
[2025-10-31 21:13:26] Imported from JSONL
[2025-10-31 21:13:26] Sync cycle complete
[2025-10-31 21:18:26] Starting sync cycle...
[2025-10-31 21:18:26] Exported to JSONL
[2025-10-31 21:18:26] Pulled from remote
[2025-10-31 21:18:26] Imported from JSONL
[2025-10-31 21:18:26] Sync cycle complete
[2025-10-31 21:23:26] Starting sync cycle...
[2025-10-31 21:23:26] Exported to JSONL
[2025-10-31 21:23:26] Pulled from remote
[2025-10-31 21:23:26] Imported from JSONL
[2025-10-31 21:23:26] Sync cycle complete
[2025-10-31 21:28:26] Starting sync cycle...
[2025-10-31 21:28:26] Exported to JSONL
[2025-10-31 21:28:26] Pulled from remote
[2025-10-31 21:28:26] Imported from JSONL
[2025-10-31 21:28:26] Sync cycle complete
[2025-10-31 21:33:26] Starting sync cycle...
[2025-10-31 21:33:26] Exported to JSONL
[2025-10-31 21:33:26] Pulled from remote
[2025-10-31 21:33:26] Imported from JSONL
[2025-10-31 21:33:26] Sync cycle complete
[2025-10-31 21:38:26] Starting sync cycle...
[2025-10-31 21:38:26] Exported to JSONL
[2025-10-31 21:38:26] Pulled from remote
[2025-10-31 21:38:26] Imported from JSONL
[2025-10-31 21:38:26] Sync cycle complete
[2025-10-31 21:43:26] Starting sync cycle...
[2025-10-31 21:43:26] Exported to JSONL
[2025-10-31 21:43:26] Pulled from remote
[2025-10-31 21:43:26] Imported from JSONL
[2025-10-31 21:43:26] Sync cycle complete
[2025-10-31 21:48:26] Starting sync cycle...
[2025-10-31 21:48:26] Exported to JSONL
[2025-10-31 21:48:26] Pulled from remote
[2025-10-31 21:48:26] Imported from JSONL
[2025-10-31 21:48:26] Sync cycle complete
[2025-10-31 21:53:26] Starting sync cycle...
[2025-10-31 21:53:26] Exported to JSONL
[2025-10-31 21:53:26] Pulled from remote
[2025-10-31 21:53:26] Imported from JSONL
[2025-10-31 21:53:26] Sync cycle complete
[2025-10-31 21:58:26] Starting sync cycle...
[2025-10-31 21:58:26] Exported to JSONL
[2025-10-31 21:58:26] Pulled from remote
[2025-10-31 21:58:26] Imported from JSONL
[2025-10-31 21:58:26] Sync cycle complete
[2025-10-31 22:03:26] Starting sync cycle...
[2025-10-31 22:03:26] Exported to JSONL
[2025-10-31 22:03:26] Pulled from remote
[2025-10-31 22:03:26] Imported from JSONL
[2025-10-31 22:03:26] Sync cycle complete
[2025-10-31 22:08:26] Starting sync cycle...
[2025-10-31 22:08:26] Exported to JSONL
[2025-10-31 22:08:26] Pulled from remote
[2025-10-31 22:08:26] Imported from JSONL
[2025-10-31 22:08:26] Sync cycle complete
[2025-10-31 22:13:26] Starting sync cycle...
[2025-10-31 22:13:26] Exported to JSONL
[2025-10-31 22:13:26] Pulled from remote
[2025-10-31 22:13:26] Imported from JSONL
[2025-10-31 22:13:26] Sync cycle complete
[2025-10-31 22:18:26] Starting sync cycle...
[2025-10-31 22:18:26] Exported to JSONL
[2025-10-31 22:18:26] Pulled from remote
[2025-10-31 22:18:26] Imported from JSONL
[2025-10-31 22:18:26] Sync cycle complete
[2025-10-31 22:23:26] Starting sync cycle...
[2025-10-31 22:23:26] Exported to JSONL
[2025-10-31 22:23:26] Pulled from remote
[2025-10-31 22:23:26] Imported from JSONL
[2025-10-31 22:23:26] Sync cycle complete
[2025-10-31 22:28:26] Starting sync cycle...
[2025-10-31 22:28:26] Exported to JSONL
[2025-10-31 22:28:26] Pulled from remote
[2025-10-31 22:28:26] Imported from JSONL
[2025-10-31 22:28:26] Sync cycle complete
[2025-10-31 22:33:26] Starting sync cycle...
[2025-10-31 22:33:26] Exported to JSONL
[2025-10-31 22:33:26] Pulled from remote
[2025-10-31 22:33:26] Imported from JSONL
[2025-10-31 22:33:26] Sync cycle complete
[2025-10-31 22:38:26] Starting sync cycle...
[2025-10-31 22:38:26] Exported to JSONL
[2025-10-31 22:38:26] Pulled from remote
[2025-10-31 22:38:26] Imported from JSONL
[2025-10-31 22:38:26] Sync cycle complete
[2025-10-31 22:43:26] Starting sync cycle...
[2025-10-31 22:43:26] Exported to JSONL
[2025-10-31 22:43:26] Pulled from remote
[2025-10-31 22:43:26] Imported from JSONL
[2025-10-31 22:43:26] Sync cycle complete
[2025-10-31 22:48:26] Starting sync cycle...
[2025-10-31 22:48:26] Exported to JSONL
[2025-10-31 22:48:26] Pulled from remote
[2025-10-31 22:48:26] Imported from JSONL
[2025-10-31 22:48:26] Sync cycle complete
[2025-10-31 22:53:26] Starting sync cycle...
[2025-10-31 22:53:26] Exported to JSONL
[2025-10-31 22:53:26] Pulled from remote
[2025-10-31 22:53:26] Imported from JSONL
[2025-10-31 22:53:26] Sync cycle complete
[2025-10-31 22:58:26] Starting sync cycle...
[2025-10-31 22:58:26] Exported to JSONL
[2025-10-31 22:58:27] Pulled from remote
[2025-10-31 22:58:27] Imported from JSONL
[2025-10-31 22:58:27] Sync cycle complete
[2025-10-31 23:03:26] Starting sync cycle...
[2025-10-31 23:03:26] Exported to JSONL
[2025-10-31 23:03:26] Pulled from remote
[2025-10-31 23:03:26] Imported from JSONL
[2025-10-31 23:03:26] Sync cycle complete
[2025-10-31 23:08:26] Starting sync cycle...
[2025-10-31 23:08:26] Exported to JSONL
[2025-10-31 23:08:26] Pulled from remote
[2025-10-31 23:08:26] Imported from JSONL
[2025-10-31 23:08:26] Sync cycle complete
[2025-10-31 23:13:26] Starting sync cycle...
[2025-10-31 23:13:26] Exported to JSONL
[2025-10-31 23:13:26] Pulled from remote
[2025-10-31 23:13:26] Imported from JSONL
[2025-10-31 23:13:26] Sync cycle complete
[2025-10-31 23:18:26] Starting sync cycle...
[2025-10-31 23:18:26] Exported to JSONL
[2025-10-31 23:18:26] Pulled from remote
[2025-10-31 23:18:26] Imported from JSONL
[2025-10-31 23:18:26] Sync cycle complete
[2025-10-31 23:23:26] Starting sync cycle...
[2025-10-31 23:23:26] Exported to JSONL
[2025-10-31 23:23:26] Pulled from remote
[2025-10-31 23:23:26] Imported from JSONL
[2025-10-31 23:23:26] Sync cycle complete
[2025-10-31 23:28:26] Starting sync cycle...
[2025-10-31 23:28:26] Exported to JSONL
[2025-10-31 23:28:26] Pulled from remote
[2025-10-31 23:28:26] Imported from JSONL
[2025-10-31 23:28:26] Sync cycle complete
[2025-10-31 23:33:26] Starting sync cycle...
[2025-10-31 23:33:26] Exported to JSONL
[2025-10-31 23:33:26] Pulled from remote
[2025-10-31 23:33:26] Imported from JSONL
[2025-10-31 23:33:26] Sync cycle complete
[2025-10-31 23:38:26] Starting sync cycle...
[2025-10-31 23:38:26] Exported to JSONL
[2025-10-31 23:38:26] Pulled from remote
[2025-10-31 23:38:26] Imported from JSONL
[2025-10-31 23:38:26] Sync cycle complete
[2025-10-31 23:43:26] Starting sync cycle...
[2025-10-31 23:43:26] Exported to JSONL
[2025-10-31 23:43:26] Pulled from remote
[2025-10-31 23:43:26] Imported from JSONL
[2025-10-31 23:43:26] Sync cycle complete
[2025-10-31 23:48:26] Starting sync cycle...
[2025-10-31 23:48:26] Exported to JSONL
[2025-10-31 23:48:26] Pulled from remote
[2025-10-31 23:48:26] Imported from JSONL
[2025-10-31 23:48:26] Sync cycle complete
[2025-10-31 23:53:26] Starting sync cycle...
[2025-10-31 23:53:26] Exported to JSONL
[2025-10-31 23:53:26] Pulled from remote
[2025-10-31 23:53:26] Imported from JSONL
[2025-10-31 23:53:26] Sync cycle complete
[2025-10-31 23:58:26] Starting sync cycle...
[2025-10-31 23:58:26] Exported to JSONL
[2025-10-31 23:58:26] Pulled from remote
[2025-10-31 23:58:26] Imported from JSONL
[2025-10-31 23:58:26] Sync cycle complete
[2025-11-01 00:03:26] Starting sync cycle...
[2025-11-01 00:03:26] Exported to JSONL
[2025-11-01 00:03:26] Pulled from remote
[2025-11-01 00:03:26] Imported from JSONL
[2025-11-01 00:03:26] Sync cycle complete
[2025-11-01 00:08:26] Starting sync cycle...
[2025-11-01 00:08:26] Exported to JSONL
[2025-11-01 00:08:26] Pulled from remote
[2025-11-01 00:08:26] Imported from JSONL
[2025-11-01 00:08:26] Sync cycle complete
[2025-11-01 00:13:26] Starting sync cycle...
[2025-11-01 00:13:26] Exported to JSONL
[2025-11-01 00:13:26] Pulled from remote
[2025-11-01 00:13:26] Imported from JSONL
[2025-11-01 00:13:26] Sync cycle complete
[2025-11-01 00:18:26] Starting sync cycle...
[2025-11-01 00:18:26] Exported to JSONL
[2025-11-01 00:18:26] Pulled from remote
[2025-11-01 00:18:26] Imported from JSONL
[2025-11-01 00:18:26] Sync cycle complete
[2025-11-01 00:23:26] Starting sync cycle...
[2025-11-01 00:23:26] Exported to JSONL
[2025-11-01 00:23:27] Pulled from remote
[2025-11-01 00:23:27] Imported from JSONL
[2025-11-01 00:23:27] Sync cycle complete
[2025-11-01 00:28:26] Starting sync cycle...
[2025-11-01 00:28:26] Exported to JSONL
[2025-11-01 00:28:26] Pulled from remote
[2025-11-01 00:28:26] Imported from JSONL
[2025-11-01 00:28:26] Sync cycle complete
[2025-11-01 00:33:26] Starting sync cycle...
[2025-11-01 00:33:26] Exported to JSONL
[2025-11-01 00:33:26] Pulled from remote
[2025-11-01 00:33:26] Imported from JSONL
[2025-11-01 00:33:26] Sync cycle complete
[2025-11-01 00:38:26] Starting sync cycle...
[2025-11-01 00:38:26] Exported to JSONL
[2025-11-01 00:38:26] Pulled from remote
[2025-11-01 00:38:26] Imported from JSONL
[2025-11-01 00:38:26] Sync cycle complete
[2025-11-01 00:43:26] Starting sync cycle...
[2025-11-01 00:43:26] Exported to JSONL
[2025-11-01 00:43:26] Pulled from remote
[2025-11-01 00:43:26] Imported from JSONL
[2025-11-01 00:43:26] Sync cycle complete
[2025-11-01 00:48:26] Starting sync cycle...
[2025-11-01 00:48:26] Exported to JSONL
[2025-11-01 00:48:26] Pulled from remote
[2025-11-01 00:48:26] Imported from JSONL
[2025-11-01 00:48:26] Sync cycle complete
[2025-11-01 00:53:26] Starting sync cycle...
[2025-11-01 00:53:26] Exported to JSONL
[2025-11-01 00:53:26] Pulled from remote
[2025-11-01 00:53:26] Imported from JSONL
[2025-11-01 00:53:26] Sync cycle complete
[2025-11-01 00:58:26] Starting sync cycle...
[2025-11-01 00:58:26] Exported to JSONL
[2025-11-01 00:58:26] Pulled from remote
[2025-11-01 00:58:26] Imported from JSONL
[2025-11-01 00:58:26] Sync cycle complete
[2025-11-01 01:03:26] Starting sync cycle...
[2025-11-01 01:03:26] Exported to JSONL
[2025-11-01 01:03:26] Pulled from remote
[2025-11-01 01:03:26] Imported from JSONL
[2025-11-01 01:03:26] Sync cycle complete
[2025-11-01 01:08:26] Starting sync cycle...
[2025-11-01 01:08:26] Exported to JSONL
[2025-11-01 01:08:26] Pulled from remote
[2025-11-01 01:08:26] Imported from JSONL
[2025-11-01 01:08:26] Sync cycle complete
[2025-11-01 01:13:26] Starting sync cycle...
[2025-11-01 01:13:26] Exported to JSONL
[2025-11-01 01:13:26] Pulled from remote
[2025-11-01 01:13:26] Imported from JSONL
[2025-11-01 01:13:26] Sync cycle complete
[2025-11-01 01:18:26] Starting sync cycle...
[2025-11-01 01:18:26] Exported to JSONL
[2025-11-01 01:18:26] Pulled from remote
[2025-11-01 01:18:26] Imported from JSONL
[2025-11-01 01:18:26] Sync cycle complete
[2025-11-01 01:23:26] Starting sync cycle...
[2025-11-01 01:23:26] Exported to JSONL
[2025-11-01 01:23:26] Pulled from remote
[2025-11-01 01:23:26] Imported from JSONL
[2025-11-01 01:23:26] Sync cycle complete
[2025-11-01 01:28:26] Starting sync cycle...
[2025-11-01 01:28:26] Exported to JSONL
[2025-11-01 01:28:26] Pulled from remote
[2025-11-01 01:28:26] Imported from JSONL
[2025-11-01 01:28:26] Sync cycle complete
[2025-11-01 01:33:26] Starting sync cycle...
[2025-11-01 01:33:26] Exported to JSONL
[2025-11-01 01:33:26] Pulled from remote
[2025-11-01 01:33:26] Imported from JSONL
[2025-11-01 01:33:26] Sync cycle complete
[2025-11-01 01:38:26] Starting sync cycle...
[2025-11-01 01:38:26] Exported to JSONL
[2025-11-01 01:38:26] Pulled from remote
[2025-11-01 01:38:26] Imported from JSONL
[2025-11-01 01:38:26] Sync cycle complete
[2025-11-01 01:43:26] Starting sync cycle...
[2025-11-01 01:43:26] Exported to JSONL
[2025-11-01 01:43:26] Pulled from remote
[2025-11-01 01:43:26] Imported from JSONL
[2025-11-01 01:43:26] Sync cycle complete
[2025-11-01 01:48:26] Starting sync cycle...
[2025-11-01 01:48:26] Exported to JSONL
[2025-11-01 01:48:26] Pulled from remote
[2025-11-01 01:48:26] Imported from JSONL
[2025-11-01 01:48:26] Sync cycle complete
[2025-11-01 01:53:26] Starting sync cycle...
[2025-11-01 01:53:26] Exported to JSONL
[2025-11-01 01:53:26] Pulled from remote
[2025-11-01 01:53:26] Imported from JSONL
[2025-11-01 01:53:26] Sync cycle complete
[2025-11-01 01:58:26] Starting sync cycle...
[2025-11-01 01:58:26] Exported to JSONL
[2025-11-01 01:58:26] Pulled from remote
[2025-11-01 01:58:26] Imported from JSONL
[2025-11-01 01:58:26] Sync cycle complete
[2025-11-01 02:03:26] Starting sync cycle...
[2025-11-01 02:03:26] Exported to JSONL
[2025-11-01 02:03:26] Pulled from remote
[2025-11-01 02:03:26] Imported from JSONL
[2025-11-01 02:03:26] Sync cycle complete
[2025-11-01 02:08:26] Starting sync cycle...
[2025-11-01 02:08:26] Exported to JSONL
[2025-11-01 02:08:26] Pulled from remote
[2025-11-01 02:08:26] Imported from JSONL
[2025-11-01 02:08:26] Sync cycle complete
[2025-11-01 02:13:26] Starting sync cycle...
[2025-11-01 02:13:26] Exported to JSONL
[2025-11-01 02:13:26] Pulled from remote
[2025-11-01 02:13:26] Imported from JSONL
[2025-11-01 02:13:26] Sync cycle complete
[2025-11-01 02:18:26] Starting sync cycle...
[2025-11-01 02:18:26] Exported to JSONL
[2025-11-01 02:18:26] Pulled from remote
[2025-11-01 02:18:26] Imported from JSONL
[2025-11-01 02:18:26] Sync cycle complete
[2025-11-01 02:23:26] Starting sync cycle...
[2025-11-01 02:23:26] Exported to JSONL
[2025-11-01 02:23:26] Pulled from remote
[2025-11-01 02:23:26] Imported from JSONL
[2025-11-01 02:23:26] Sync cycle complete
[2025-11-01 02:28:26] Starting sync cycle...
[2025-11-01 02:28:26] Exported to JSONL
[2025-11-01 02:28:26] Pulled from remote
[2025-11-01 02:28:26] Imported from JSONL
[2025-11-01 02:28:26] Sync cycle complete
[2025-11-01 02:33:26] Starting sync cycle...
[2025-11-01 02:33:26] Exported to JSONL
[2025-11-01 02:33:26] Pulled from remote
[2025-11-01 02:33:26] Imported from JSONL
[2025-11-01 02:33:26] Sync cycle complete
[2025-11-01 02:38:26] Starting sync cycle...
[2025-11-01 02:38:26] Exported to JSONL
[2025-11-01 02:38:26] Pulled from remote
[2025-11-01 02:38:26] Imported from JSONL
[2025-11-01 02:38:26] Sync cycle complete
[2025-11-01 02:43:26] Starting sync cycle...
[2025-11-01 02:43:26] Exported to JSONL
[2025-11-01 02:43:26] Pulled from remote
[2025-11-01 02:43:26] Imported from JSONL
[2025-11-01 02:43:26] Sync cycle complete
[2025-11-01 02:48:26] Starting sync cycle...
[2025-11-01 02:48:26] Exported to JSONL
[2025-11-01 02:48:26] Pulled from remote
[2025-11-01 02:48:26] Imported from JSONL
[2025-11-01 02:48:26] Sync cycle complete
[2025-11-01 02:53:26] Starting sync cycle...
[2025-11-01 02:53:26] Exported to JSONL
[2025-11-01 02:53:26] Pulled from remote
[2025-11-01 02:53:26] Imported from JSONL
[2025-11-01 02:53:26] Sync cycle complete
[2025-11-01 02:58:26] Starting sync cycle...
[2025-11-01 02:58:26] Exported to JSONL
[2025-11-01 02:58:26] Pulled from remote
[2025-11-01 02:58:26] Imported from JSONL
[2025-11-01 02:58:26] Sync cycle complete
[2025-11-01 03:03:26] Starting sync cycle...
[2025-11-01 03:03:26] Exported to JSONL
[2025-11-01 03:03:26] Pulled from remote
[2025-11-01 03:03:26] Imported from JSONL
[2025-11-01 03:03:26] Sync cycle complete
[2025-11-01 03:08:26] Starting sync cycle...
[2025-11-01 03:08:26] Exported to JSONL
[2025-11-01 03:08:26] Pulled from remote
[2025-11-01 03:08:26] Imported from JSONL
[2025-11-01 03:08:26] Sync cycle complete
[2025-11-01 03:13:26] Starting sync cycle...
[2025-11-01 03:13:26] Exported to JSONL
[2025-11-01 03:13:26] Pulled from remote
[2025-11-01 03:13:26] Imported from JSONL
[2025-11-01 03:13:26] Sync cycle complete
[2025-11-01 03:18:26] Starting sync cycle...
[2025-11-01 03:18:26] Exported to JSONL
[2025-11-01 03:18:26] Pulled from remote
[2025-11-01 03:18:26] Imported from JSONL
[2025-11-01 03:18:26] Sync cycle complete
[2025-11-01 03:23:26] Starting sync cycle...
[2025-11-01 03:23:26] Exported to JSONL
[2025-11-01 03:23:26] Pulled from remote
[2025-11-01 03:23:26] Imported from JSONL
[2025-11-01 03:23:26] Sync cycle complete
[2025-11-01 03:28:26] Starting sync cycle...
[2025-11-01 03:28:26] Exported to JSONL
[2025-11-01 03:28:26] Pulled from remote
[2025-11-01 03:28:26] Imported from JSONL
[2025-11-01 03:28:26] Sync cycle complete
[2025-11-01 03:33:26] Starting sync cycle...
[2025-11-01 03:33:26] Exported to JSONL
[2025-11-01 03:33:26] Pulled from remote
[2025-11-01 03:33:26] Imported from JSONL
[2025-11-01 03:33:26] Sync cycle complete
[2025-11-01 03:38:26] Starting sync cycle...
[2025-11-01 03:38:26] Exported to JSONL
[2025-11-01 03:38:26] Pulled from remote
[2025-11-01 03:38:26] Imported from JSONL
[2025-11-01 03:38:26] Sync cycle complete
[2025-11-01 03:43:26] Starting sync cycle...
[2025-11-01 03:43:26] Exported to JSONL
[2025-11-01 03:43:26] Pulled from remote
[2025-11-01 03:43:26] Imported from JSONL
[2025-11-01 03:43:26] Sync cycle complete
[2025-11-01 03:48:26] Starting sync cycle...
[2025-11-01 03:48:26] Exported to JSONL
[2025-11-01 03:48:26] Pulled from remote
[2025-11-01 03:48:26] Imported from JSONL
[2025-11-01 03:48:26] Sync cycle complete
[2025-11-01 06:21:51] Starting sync cycle...
[2025-11-01 06:21:51] Exported to JSONL
[2025-11-01 06:21:52] Pulled from remote
[2025-11-01 06:21:52] Imported from JSONL
[2025-11-01 06:21:52] Sync cycle complete
[2025-11-01 06:26:51] Starting sync cycle...
[2025-11-01 06:26:51] Exported to JSONL
[2025-11-01 06:26:52] Pulled from remote
[2025-11-01 06:26:52] Imported from JSONL
[2025-11-01 06:26:52] Sync cycle complete
[2025-11-01 06:31:51] Starting sync cycle...
[2025-11-01 06:31:51] Exported to JSONL
[2025-11-01 06:31:52] Pulled from remote
[2025-11-01 06:31:52] Imported from JSONL
[2025-11-01 06:31:52] Sync cycle complete
[2025-11-01 06:36:51] Starting sync cycle...
[2025-11-01 06:36:51] Exported to JSONL
[2025-11-01 06:36:52] Pulled from remote
[2025-11-01 06:36:52] Imported from JSONL
[2025-11-01 06:36:52] Sync cycle complete
[2025-11-01 06:41:51] Starting sync cycle...
[2025-11-01 06:41:51] Exported to JSONL
[2025-11-01 06:41:52] Pulled from remote
[2025-11-01 06:41:52] Imported from JSONL
[2025-11-01 06:41:52] Sync cycle complete
[2025-11-01 06:46:51] Starting sync cycle...
[2025-11-01 06:46:51] Exported to JSONL
[2025-11-01 06:46:52] Pulled from remote
[2025-11-01 06:46:52] Imported from JSONL
[2025-11-01 06:46:52] Sync cycle complete
[2025-11-01 06:51:51] Starting sync cycle...
[2025-11-01 06:51:51] Exported to JSONL
[2025-11-01 06:51:52] Pulled from remote
[2025-11-01 06:51:52] Imported from JSONL
[2025-11-01 06:51:52] Sync cycle complete
[2025-11-01 06:56:52] Starting sync cycle...
[2025-11-01 06:56:52] Exported to JSONL
[2025-11-01 06:56:53] Pulled from remote
[2025-11-01 06:56:53] Imported from JSONL
[2025-11-01 06:56:53] Sync cycle complete
[2025-11-01 07:01:52] Starting sync cycle...
[2025-11-01 07:01:52] Exported to JSONL
[2025-11-01 07:01:53] Pulled from remote
[2025-11-01 07:01:53] Imported from JSONL
[2025-11-01 07:01:53] Sync cycle complete
[2025-11-01 07:06:52] Starting sync cycle...
[2025-11-01 07:06:52] Exported to JSONL
[2025-11-01 07:06:53] Pulled from remote
[2025-11-01 07:06:53] Imported from JSONL
[2025-11-01 07:06:53] Sync cycle complete
[2025-11-01 07:11:52] Starting sync cycle...
[2025-11-01 07:11:52] Exported to JSONL
[2025-11-01 07:11:53] Pulled from remote
[2025-11-01 07:11:53] Imported from JSONL
[2025-11-01 07:11:53] Sync cycle complete
[2025-11-01 07:16:52] Starting sync cycle...
[2025-11-01 07:16:52] Exported to JSONL
[2025-11-01 07:16:53] Pulled from remote
[2025-11-01 07:16:53] Imported from JSONL
[2025-11-01 07:16:53] Sync cycle complete
[2025-11-01 07:21:52] Starting sync cycle...
[2025-11-01 07:21:52] Exported to JSONL
[2025-11-01 07:21:53] Pulled from remote
[2025-11-01 07:21:53] Imported from JSONL
[2025-11-01 07:21:53] Sync cycle complete
[2025-11-01 07:26:52] Starting sync cycle...
[2025-11-01 07:26:52] Exported to JSONL
[2025-11-01 07:26:53] Pulled from remote
[2025-11-01 07:26:53] Imported from JSONL
[2025-11-01 07:26:53] Sync cycle complete
[2025-11-01 07:31:52] Starting sync cycle...
[2025-11-01 07:31:52] Exported to JSONL
[2025-11-01 07:31:53] Pulled from remote
[2025-11-01 07:31:53] Imported from JSONL
[2025-11-01 07:31:53] Sync cycle complete
[2025-11-01 07:36:52] Starting sync cycle...
[2025-11-01 07:36:52] Exported to JSONL
[2025-11-01 07:36:53] Pulled from remote
[2025-11-01 07:36:53] Imported from JSONL
[2025-11-01 07:36:53] Sync cycle complete
[2025-11-01 07:41:52] Starting sync cycle...
[2025-11-01 07:41:52] Exported to JSONL
[2025-11-01 07:41:53] Pulled from remote
[2025-11-01 07:41:53] Imported from JSONL
[2025-11-01 07:41:53] Sync cycle complete
[2025-11-01 07:46:52] Starting sync cycle...
[2025-11-01 07:46:52] Exported to JSONL
[2025-11-01 07:46:53] Pulled from remote
[2025-11-01 07:46:53] Imported from JSONL
[2025-11-01 07:46:53] Sync cycle complete
[2025-11-01 07:51:52] Starting sync cycle...
[2025-11-01 07:51:52] Exported to JSONL
[2025-11-01 07:51:52] Pulled from remote
[2025-11-01 07:51:52] Imported from JSONL
[2025-11-01 07:51:52] Sync cycle complete
[2025-11-01 07:56:52] Starting sync cycle...
[2025-11-01 07:56:52] Exported to JSONL
[2025-11-01 07:56:52] Pulled from remote
[2025-11-01 07:56:52] Imported from JSONL
[2025-11-01 07:56:52] Sync cycle complete
[2025-11-01 08:01:52] Starting sync cycle...
[2025-11-01 08:01:52] Exported to JSONL
[2025-11-01 08:01:53] Pulled from remote
[2025-11-01 08:01:53] Imported from JSONL
[2025-11-01 08:01:53] Sync cycle complete
[2025-11-01 08:06:52] Starting sync cycle...
[2025-11-01 08:06:52] Exported to JSONL
[2025-11-01 08:06:53] Pulled from remote
[2025-11-01 08:06:53] Imported from JSONL
[2025-11-01 08:06:53] Sync cycle complete
[2025-11-01 08:11:52] Starting sync cycle...
[2025-11-01 08:11:52] Exported to JSONL
[2025-11-01 08:11:53] Pulled from remote
[2025-11-01 08:11:53] Imported from JSONL
[2025-11-01 08:11:53] Sync cycle complete
[2025-11-01 08:16:52] Starting sync cycle...
[2025-11-01 08:16:52] Exported to JSONL
[2025-11-01 08:16:53] Pulled from remote
[2025-11-01 08:16:53] Imported from JSONL
[2025-11-01 08:16:53] Sync cycle complete
[2025-11-01 08:21:52] Starting sync cycle...
[2025-11-01 08:21:52] Exported to JSONL
[2025-11-01 08:21:53] Pulled from remote
[2025-11-01 08:21:53] Imported from JSONL
[2025-11-01 08:21:53] Sync cycle complete
[2025-11-01 08:26:52] Starting sync cycle...
[2025-11-01 08:26:52] Exported to JSONL
[2025-11-01 08:26:53] Pulled from remote
[2025-11-01 08:26:53] Imported from JSONL
[2025-11-01 08:26:53] Sync cycle complete
[2025-11-01 08:31:52] Starting sync cycle...
[2025-11-01 08:31:52] Exported to JSONL
[2025-11-01 08:31:53] Pulled from remote
[2025-11-01 08:31:53] Imported from JSONL
[2025-11-01 08:31:53] Sync cycle complete
[2025-11-01 08:36:52] Starting sync cycle...
[2025-11-01 08:36:52] Exported to JSONL
[2025-11-01 08:36:53] Pulled from remote
[2025-11-01 08:36:53] Imported from JSONL
[2025-11-01 08:36:53] Sync cycle complete
[2025-11-01 08:41:52] Starting sync cycle...
[2025-11-01 08:41:52] Exported to JSONL
[2025-11-01 08:41:53] Pulled from remote
[2025-11-01 08:41:53] Imported from JSONL
[2025-11-01 08:41:53] Sync cycle complete
[2025-11-01 08:46:52] Starting sync cycle...
[2025-11-01 08:46:52] Exported to JSONL
[2025-11-01 08:46:53] Pulled from remote
[2025-11-01 08:46:53] Imported from JSONL
[2025-11-01 08:46:53] Sync cycle complete
[2025-11-01 08:51:52] Starting sync cycle...
[2025-11-01 08:51:52] Exported to JSONL
[2025-11-01 08:51:53] Pulled from remote
[2025-11-01 08:51:53] Imported from JSONL
[2025-11-01 08:51:53] Sync cycle complete
[2025-11-01 08:56:52] Starting sync cycle...
[2025-11-01 08:56:52] Exported to JSONL
[2025-11-01 08:56:53] Pulled from remote
[2025-11-01 08:56:53] Imported from JSONL
[2025-11-01 08:56:53] Sync cycle complete
[2025-11-01 09:01:52] Starting sync cycle...
[2025-11-01 09:01:52] Exported to JSONL
[2025-11-01 09:01:53] Pulled from remote
[2025-11-01 09:01:53] Imported from JSONL
[2025-11-01 09:01:53] Sync cycle complete
[2025-11-01 09:06:52] Starting sync cycle...
[2025-11-01 09:06:52] Exported to JSONL
[2025-11-01 09:06:53] Pulled from remote
[2025-11-01 09:06:53] Imported from JSONL
[2025-11-01 09:06:53] Sync cycle complete
[2025-11-01 09:11:52] Starting sync cycle...
[2025-11-01 09:11:52] Exported to JSONL
[2025-11-01 09:11:53] Pulled from remote
[2025-11-01 09:11:53] Imported from JSONL
[2025-11-01 09:11:53] Sync cycle complete
[2025-11-01 09:16:52] Starting sync cycle...
[2025-11-01 09:16:52] Exported to JSONL
[2025-11-01 09:16:53] Pulled from remote
[2025-11-01 09:16:53] Imported from JSONL
[2025-11-01 09:16:53] Sync cycle complete
[2025-11-01 09:21:52] Starting sync cycle...
[2025-11-01 09:21:52] Exported to JSONL
[2025-11-01 09:21:53] Pulled from remote
[2025-11-01 09:21:53] Imported from JSONL
[2025-11-01 09:21:53] Sync cycle complete
[2025-11-01 09:26:52] Starting sync cycle...
[2025-11-01 09:26:52] Exported to JSONL
[2025-11-01 09:26:53] Pulled from remote
[2025-11-01 09:26:53] Imported from JSONL
[2025-11-01 09:26:53] Sync cycle complete
[2025-11-01 09:31:52] Starting sync cycle...
[2025-11-01 09:31:52] Exported to JSONL
[2025-11-01 09:31:53] Pulled from remote
[2025-11-01 09:31:53] Imported from JSONL
[2025-11-01 09:31:53] Sync cycle complete
[2025-11-01 09:36:52] Starting sync cycle...
[2025-11-01 09:36:52] Exported to JSONL
[2025-11-01 09:36:53] Pulled from remote
[2025-11-01 09:36:53] Imported from JSONL
[2025-11-01 09:36:53] Sync cycle complete
[2025-11-01 09:41:52] Starting sync cycle...
[2025-11-01 09:41:52] Exported to JSONL
[2025-11-01 09:41:53] Pulled from remote
[2025-11-01 09:41:53] Imported from JSONL
[2025-11-01 09:41:53] Sync cycle complete
[2025-11-01 09:46:52] Starting sync cycle...
[2025-11-01 09:46:52] Exported to JSONL
[2025-11-01 09:46:53] Pulled from remote
[2025-11-01 09:46:53] Imported from JSONL
[2025-11-01 09:46:53] Sync cycle complete
[2025-11-01 09:51:52] Starting sync cycle...
[2025-11-01 09:51:52] Exported to JSONL
[2025-11-01 09:51:53] Pulled from remote
[2025-11-01 09:51:53] Imported from JSONL
[2025-11-01 09:51:53] Sync cycle complete
[2025-11-01 09:56:52] Starting sync cycle...
[2025-11-01 09:56:52] Exported to JSONL
[2025-11-01 09:56:53] Pulled from remote
[2025-11-01 09:56:53] Imported from JSONL
[2025-11-01 09:56:53] Sync cycle complete
[2025-11-01 10:01:52] Starting sync cycle...
[2025-11-01 10:01:52] Exported to JSONL
[2025-11-01 10:01:53] Pulled from remote
[2025-11-01 10:01:53] Imported from JSONL
[2025-11-01 10:01:53] Sync cycle complete
[2025-11-01 10:06:52] Starting sync cycle...
[2025-11-01 10:06:52] Exported to JSONL
[2025-11-01 10:06:53] Pulled from remote
[2025-11-01 10:06:53] Imported from JSONL
[2025-11-01 10:06:53] Sync cycle complete
[2025-11-01 10:11:52] Starting sync cycle...
[2025-11-01 10:11:52] Exported to JSONL
[2025-11-01 10:11:53] Pulled from remote
[2025-11-01 10:11:53] Imported from JSONL
[2025-11-01 10:11:53] Sync cycle complete
[2025-11-01 10:16:52] Starting sync cycle...
[2025-11-01 10:16:52] Exported to JSONL
[2025-11-01 10:16:53] Pulled from remote
[2025-11-01 10:16:53] Imported from JSONL
[2025-11-01 10:16:53] Sync cycle complete
[2025-11-01 10:21:52] Starting sync cycle...
[2025-11-01 10:21:52] Exported to JSONL
[2025-11-01 10:21:53] Pulled from remote
[2025-11-01 10:21:53] Imported from JSONL
[2025-11-01 10:21:53] Sync cycle complete
[2025-11-01 10:26:52] Starting sync cycle...
[2025-11-01 10:26:52] Exported to JSONL
[2025-11-01 10:26:53] Pulled from remote
[2025-11-01 10:26:53] Imported from JSONL
[2025-11-01 10:26:53] Sync cycle complete
[2025-11-01 10:31:52] Starting sync cycle...
[2025-11-01 10:31:52] Exported to JSONL
[2025-11-01 10:31:53] Pulled from remote
[2025-11-01 10:31:53] Imported from JSONL
[2025-11-01 10:31:53] Sync cycle complete
[2025-11-01 10:36:52] Starting sync cycle...
[2025-11-01 10:36:52] Exported to JSONL
[2025-11-01 10:36:53] Pulled from remote
[2025-11-01 10:36:53] Imported from JSONL
[2025-11-01 10:36:53] Sync cycle complete
[2025-11-01 10:41:52] Starting sync cycle...
[2025-11-01 10:41:52] Exported to JSONL
[2025-11-01 10:41:55] Pulled from remote
[2025-11-01 10:41:55] Imported from JSONL
[2025-11-01 10:41:55] Sync cycle complete
[2025-11-01 10:46:52] Starting sync cycle...
[2025-11-01 10:46:52] Exported to JSONL
[2025-11-01 10:46:53] Pulled from remote
[2025-11-01 10:46:53] Imported from JSONL
[2025-11-01 10:46:53] Sync cycle complete
[2025-11-01 10:51:52] Starting sync cycle...
[2025-11-01 10:51:52] Exported to JSONL
[2025-11-01 10:51:53] Pulled from remote
[2025-11-01 10:51:53] Imported from JSONL
[2025-11-01 10:51:53] Sync cycle complete
[2025-11-01 10:56:52] Starting sync cycle...
[2025-11-01 10:56:52] Exported to JSONL
[2025-11-01 10:56:53] Pulled from remote
[2025-11-01 10:56:53] Imported from JSONL
[2025-11-01 10:56:53] Sync cycle complete
[2025-11-01 11:01:52] Starting sync cycle...
[2025-11-01 11:01:52] Exported to JSONL
[2025-11-01 11:01:54] Pulled from remote
[2025-11-01 11:01:54] Imported from JSONL
[2025-11-01 11:01:54] Sync cycle complete
[2025-11-01 11:06:52] Starting sync cycle...
[2025-11-01 11:06:52] Exported to JSONL
[2025-11-01 11:06:53] Pulled from remote
[2025-11-01 11:06:53] Imported from JSONL
[2025-11-01 11:06:53] Sync cycle complete
[2025-11-01 11:11:52] Starting sync cycle...
[2025-11-01 11:11:52] Exported to JSONL
[2025-11-01 11:11:53] Pulled from remote
[2025-11-01 11:11:53] Imported from JSONL
[2025-11-01 11:11:53] Sync cycle complete
[2025-11-01 11:16:52] Starting sync cycle...
[2025-11-01 11:16:52] Exported to JSONL
[2025-11-01 11:16:53] Pulled from remote
[2025-11-01 11:16:53] Imported from JSONL
[2025-11-01 11:16:53] Sync cycle complete
[2025-11-01 11:21:52] Starting sync cycle...
[2025-11-01 11:21:52] Exported to JSONL
[2025-11-01 11:21:53] Pulled from remote
[2025-11-01 11:21:53] Imported from JSONL
[2025-11-01 11:21:53] Sync cycle complete
[2025-11-01 11:26:52] Starting sync cycle...
[2025-11-01 11:26:52] Exported to JSONL
[2025-11-01 11:26:53] Pulled from remote
[2025-11-01 11:26:53] Imported from JSONL
[2025-11-01 11:26:53] Sync cycle complete
[2025-11-01 11:31:52] Starting sync cycle...
[2025-11-01 11:31:52] Exported to JSONL
[2025-11-01 11:31:52] Pulled from remote
[2025-11-01 11:31:52] Imported from JSONL
[2025-11-01 11:31:52] Sync cycle complete
[2025-11-01 11:36:52] Starting sync cycle...
[2025-11-01 11:36:52] Exported to JSONL
[2025-11-01 11:36:53] Pulled from remote
[2025-11-01 11:36:53] Imported from JSONL
[2025-11-01 11:36:53] Sync cycle complete
[2025-11-01 11:41:52] Starting sync cycle...
[2025-11-01 11:41:52] Exported to JSONL
[2025-11-01 11:41:53] Pulled from remote
[2025-11-01 11:41:53] Imported from JSONL
[2025-11-01 11:41:53] Sync cycle complete
[2025-11-01 11:46:52] Starting sync cycle...
[2025-11-01 11:46:52] Exported to JSONL
[2025-11-01 11:46:53] Pulled from remote
[2025-11-01 11:46:53] Imported from JSONL
[2025-11-01 11:46:53] Sync cycle complete
[2025-11-01 11:51:52] Starting sync cycle...
[2025-11-01 11:51:52] Exported to JSONL
[2025-11-01 11:51:53] Pulled from remote
[2025-11-01 11:51:53] Imported from JSONL
[2025-11-01 11:51:53] Sync cycle complete
[2025-11-01 11:56:52] Starting sync cycle...
[2025-11-01 11:56:52] Exported to JSONL
[2025-11-01 11:56:53] Pulled from remote
[2025-11-01 11:56:53] Imported from JSONL
[2025-11-01 11:56:53] Sync cycle complete
[2025-11-01 12:01:52] Starting sync cycle...
[2025-11-01 12:01:52] Exported to JSONL
[2025-11-01 12:01:53] Pulled from remote
[2025-11-01 12:01:53] Imported from JSONL
[2025-11-01 12:01:53] Sync cycle complete
[2025-11-01 12:06:52] Starting sync cycle...
[2025-11-01 12:06:52] Exported to JSONL
[2025-11-01 12:06:54] Pulled from remote
[2025-11-01 12:06:54] Imported from JSONL
[2025-11-01 12:06:54] Sync cycle complete
[2025-11-01 12:11:52] Starting sync cycle...
[2025-11-01 12:11:52] Exported to JSONL
[2025-11-01 12:11:53] Pulled from remote
[2025-11-01 12:11:53] Imported from JSONL
[2025-11-01 12:11:53] Sync cycle complete
[2025-11-01 12:16:52] Starting sync cycle...
[2025-11-01 12:16:52] Exported to JSONL
[2025-11-01 12:16:54] Pulled from remote
[2025-11-01 12:16:54] Imported from JSONL
[2025-11-01 12:16:54] Sync cycle complete
[2025-11-01 12:21:52] Starting sync cycle...
[2025-11-01 12:21:52] Exported to JSONL
[2025-11-01 12:21:53] Pulled from remote
[2025-11-01 12:21:53] Imported from JSONL
[2025-11-01 12:21:53] Sync cycle complete
[2025-11-01 12:26:52] Starting sync cycle...
[2025-11-01 12:26:52] Exported to JSONL
[2025-11-01 12:26:53] Pulled from remote
[2025-11-01 12:26:53] Imported from JSONL
[2025-11-01 12:26:53] Sync cycle complete
[2025-11-01 12:31:52] Starting sync cycle...
[2025-11-01 12:31:52] Exported to JSONL
[2025-11-01 12:31:53] Pulled from remote
[2025-11-01 12:31:53] Imported from JSONL
[2025-11-01 12:31:53] Sync cycle complete
[2025-11-01 12:36:52] Starting sync cycle...
[2025-11-01 12:36:52] Exported to JSONL
[2025-11-01 12:36:53] Pulled from remote
[2025-11-01 12:36:53] Imported from JSONL
[2025-11-01 12:36:53] Sync cycle complete
[2025-11-01 12:41:52] Starting sync cycle...
[2025-11-01 12:41:52] Exported to JSONL
[2025-11-01 12:41:53] Pulled from remote
[2025-11-01 12:41:53] Imported from JSONL
[2025-11-01 12:41:53] Sync cycle complete
[2025-11-01 12:46:52] Starting sync cycle...
[2025-11-01 12:46:52] Exported to JSONL
[2025-11-01 12:46:53] Pulled from remote
[2025-11-01 12:46:53] Imported from JSONL
[2025-11-01 12:46:53] Sync cycle complete
[2025-11-01 12:51:52] Starting sync cycle...
[2025-11-01 12:51:52] Exported to JSONL
[2025-11-01 12:51:53] Pulled from remote
[2025-11-01 12:51:53] Imported from JSONL
[2025-11-01 12:51:53] Sync cycle complete
[2025-11-01 12:56:52] Starting sync cycle...
[2025-11-01 12:56:52] Exported to JSONL
[2025-11-01 12:56:53] Pulled from remote
[2025-11-01 12:56:53] Imported from JSONL
[2025-11-01 12:56:53] Sync cycle complete
[2025-11-01 19:48:48] Starting sync cycle...
[2025-11-01 19:48:48] Exported to JSONL
[2025-11-01 19:48:48] Pulled from remote
[2025-11-01 19:48:48] Imported from JSONL
[2025-11-01 19:48:48] Sync cycle complete
[2025-11-01 19:53:48] Starting sync cycle...
[2025-11-01 19:53:48] Exported to JSONL
[2025-11-01 19:53:48] Pulled from remote
[2025-11-01 19:53:48] Imported from JSONL
[2025-11-01 19:53:48] Sync cycle complete
[2025-11-01 19:58:48] Starting sync cycle...
[2025-11-01 19:58:48] Exported to JSONL
[2025-11-01 19:58:48] Pulled from remote
[2025-11-01 19:58:48] Imported from JSONL
[2025-11-01 19:58:48] Sync cycle complete
[2025-11-01 20:03:48] Starting sync cycle...
[2025-11-01 20:03:48] Exported to JSONL
[2025-11-01 20:03:48] Pulled from remote
[2025-11-01 20:03:48] Imported from JSONL
[2025-11-01 20:03:48] Sync cycle complete
[2025-11-01 20:08:48] Starting sync cycle...
[2025-11-01 20:08:48] Exported to JSONL
[2025-11-01 20:08:48] Pulled from remote
[2025-11-01 20:08:48] Imported from JSONL
[2025-11-01 20:08:48] Sync cycle complete
[2025-11-01 20:13:48] Starting sync cycle...
[2025-11-01 20:13:48] Exported to JSONL
[2025-11-01 20:13:48] Pulled from remote
[2025-11-01 20:13:48] Imported from JSONL
[2025-11-01 20:13:48] Sync cycle complete
[2025-11-01 20:18:48] Starting sync cycle...
[2025-11-01 20:18:48] Exported to JSONL
[2025-11-01 20:18:48] Pulled from remote
[2025-11-01 20:18:48] Imported from JSONL
[2025-11-01 20:18:48] Sync cycle complete
[2025-11-01 20:23:48] Starting sync cycle...
[2025-11-01 20:23:48] Exported to JSONL
[2025-11-01 20:23:48] Pulled from remote
[2025-11-01 20:23:48] Imported from JSONL
[2025-11-01 20:23:48] Sync cycle complete
[2025-11-01 20:28:48] Starting sync cycle...
[2025-11-01 20:28:48] Exported to JSONL
[2025-11-01 20:28:48] Pulled from remote
[2025-11-01 20:28:48] Imported from JSONL
[2025-11-01 20:28:48] Sync cycle complete
[2025-11-01 20:33:48] Starting sync cycle...
[2025-11-01 20:33:48] Exported to JSONL
[2025-11-01 20:33:48] Pulled from remote
[2025-11-01 20:33:48] Imported from JSONL
[2025-11-01 20:33:48] Sync cycle complete
[2025-11-01 20:38:48] Starting sync cycle...
[2025-11-01 20:38:48] Exported to JSONL
[2025-11-01 20:38:48] Pulled from remote
[2025-11-01 20:38:48] Imported from JSONL
[2025-11-01 20:38:48] Sync cycle complete
[2025-11-01 20:43:48] Starting sync cycle...
[2025-11-01 20:43:48] Exported to JSONL
[2025-11-01 20:43:48] Pulled from remote
[2025-11-01 20:43:48] Imported from JSONL
[2025-11-01 20:43:48] Sync cycle complete
[2025-11-01 20:48:48] Starting sync cycle...
[2025-11-01 20:48:48] Exported to JSONL
[2025-11-01 20:48:48] Pulled from remote
[2025-11-01 20:48:48] Imported from JSONL
[2025-11-01 20:48:48] Sync cycle complete
[2025-11-01 20:53:48] Starting sync cycle...
[2025-11-01 20:53:48] Exported to JSONL
[2025-11-01 20:53:48] Pulled from remote
[2025-11-01 20:53:48] Imported from JSONL
[2025-11-01 20:53:48] Sync cycle complete
[2025-11-01 20:58:48] Starting sync cycle...
[2025-11-01 20:58:48] Exported to JSONL
[2025-11-01 20:58:48] Pulled from remote
[2025-11-01 20:58:48] Imported from JSONL
[2025-11-01 20:58:48] Sync cycle complete
[2025-11-01 21:03:48] Starting sync cycle...
[2025-11-01 21:03:48] Exported to JSONL
[2025-11-01 21:03:48] Pulled from remote
[2025-11-01 21:03:48] Imported from JSONL
[2025-11-01 21:03:48] Sync cycle complete
[2025-11-01 21:08:48] Starting sync cycle...
[2025-11-01 21:08:48] Exported to JSONL
[2025-11-01 21:08:48] Pulled from remote
[2025-11-01 21:08:48] Imported from JSONL
[2025-11-01 21:08:48] Sync cycle complete
[2025-11-01 21:13:48] Starting sync cycle...
[2025-11-01 21:13:48] Exported to JSONL
[2025-11-01 21:13:48] Pulled from remote
[2025-11-01 21:13:48] Imported from JSONL
[2025-11-01 21:13:48] Sync cycle complete
[2025-11-01 21:18:48] Starting sync cycle...
[2025-11-01 21:18:48] Exported to JSONL
[2025-11-01 21:18:48] Pulled from remote
[2025-11-01 21:18:48] Imported from JSONL
[2025-11-01 21:18:48] Sync cycle complete
[2025-11-01 21:23:48] Starting sync cycle...
[2025-11-01 21:23:48] Exported to JSONL
[2025-11-01 21:23:48] Pulled from remote
[2025-11-01 21:23:48] Imported from JSONL
[2025-11-01 21:23:48] Sync cycle complete
[2025-11-01 21:28:48] Starting sync cycle...
[2025-11-01 21:28:48] Exported to JSONL
[2025-11-01 21:28:48] Pulled from remote
[2025-11-01 21:28:48] Imported from JSONL
[2025-11-01 21:28:48] Sync cycle complete
[2025-11-01 21:33:48] Starting sync cycle...
[2025-11-01 21:33:48] Exported to JSONL
[2025-11-01 21:33:48] Pulled from remote
[2025-11-01 21:33:48] Imported from JSONL
[2025-11-01 21:33:48] Sync cycle complete
[2025-11-01 21:38:48] Starting sync cycle...
[2025-11-01 21:38:48] Exported to JSONL
[2025-11-01 21:38:48] Pulled from remote
[2025-11-01 21:38:48] Imported from JSONL
[2025-11-01 21:38:48] Sync cycle complete
[2025-11-01 21:43:48] Starting sync cycle...
[2025-11-01 21:43:48] Exported to JSONL
[2025-11-01 21:43:48] Pulled from remote
[2025-11-01 21:43:48] Imported from JSONL
[2025-11-01 21:43:48] Sync cycle complete
[2025-11-01 21:48:48] Starting sync cycle...
[2025-11-01 21:48:48] Exported to JSONL
[2025-11-01 21:48:48] Pulled from remote
[2025-11-01 21:48:48] Imported from JSONL
[2025-11-01 21:48:48] Sync cycle complete
[2025-11-01 21:53:48] Starting sync cycle...
[2025-11-01 21:53:48] Exported to JSONL
[2025-11-01 21:53:48] Pulled from remote
[2025-11-01 21:53:48] Imported from JSONL
[2025-11-01 21:53:48] Sync cycle complete
[2025-11-01 21:58:48] Starting sync cycle...
[2025-11-01 21:58:48] Exported to JSONL
[2025-11-01 21:58:48] Pulled from remote
[2025-11-01 21:58:48] Imported from JSONL
[2025-11-01 21:58:48] Sync cycle complete
[2025-11-01 22:03:48] Starting sync cycle...
[2025-11-01 22:03:48] Exported to JSONL
[2025-11-01 22:03:48] Pulled from remote
[2025-11-01 22:03:48] Imported from JSONL
[2025-11-01 22:03:48] Sync cycle complete
[2025-11-01 22:08:48] Starting sync cycle...
[2025-11-01 22:08:48] Exported to JSONL
[2025-11-01 22:08:48] Pulled from remote
[2025-11-01 22:08:48] Imported from JSONL
[2025-11-01 22:08:48] Sync cycle complete
[2025-11-01 22:13:48] Starting sync cycle...
[2025-11-01 22:13:48] Exported to JSONL
[2025-11-01 22:13:48] Pulled from remote
[2025-11-01 22:13:48] Imported from JSONL
[2025-11-01 22:13:48] Sync cycle complete
[2025-11-01 22:18:48] Starting sync cycle...
[2025-11-01 22:18:48] Exported to JSONL
[2025-11-01 22:18:48] Pulled from remote
[2025-11-01 22:18:48] Imported from JSONL
[2025-11-01 22:18:48] Sync cycle complete
[2025-11-01 22:23:48] Starting sync cycle...
[2025-11-01 22:23:48] Exported to JSONL
[2025-11-01 22:23:48] Pulled from remote
[2025-11-01 22:23:48] Imported from JSONL
[2025-11-01 22:23:48] Sync cycle complete
[2025-11-01 22:28:48] Starting sync cycle...
[2025-11-01 22:28:48] Exported to JSONL
[2025-11-01 22:28:48] Pulled from remote
[2025-11-01 22:28:48] Imported from JSONL
[2025-11-01 22:28:48] Sync cycle complete
[2025-11-01 22:33:48] Starting sync cycle...
[2025-11-01 22:33:48] Exported to JSONL
[2025-11-01 22:33:48] Pulled from remote
[2025-11-01 22:33:48] Imported from JSONL
[2025-11-01 22:33:48] Sync cycle complete
[2025-11-01 22:38:48] Starting sync cycle...
[2025-11-01 22:38:48] Exported to JSONL
[2025-11-01 22:38:48] Pulled from remote
[2025-11-01 22:38:48] Imported from JSONL
[2025-11-01 22:38:48] Sync cycle complete
[2025-11-01 22:43:48] Starting sync cycle...
[2025-11-01 22:43:48] Exported to JSONL
[2025-11-01 22:43:48] Pulled from remote
[2025-11-01 22:43:48] Imported from JSONL
[2025-11-01 22:43:48] Sync cycle complete
[2025-11-01 22:48:48] Starting sync cycle...
[2025-11-01 22:48:48] Exported to JSONL
[2025-11-01 22:48:48] Pulled from remote
[2025-11-01 22:48:48] Imported from JSONL
[2025-11-01 22:48:48] Sync cycle complete
[2025-11-01 22:53:48] Starting sync cycle...
[2025-11-01 22:53:48] Exported to JSONL
[2025-11-01 22:53:48] Pulled from remote
[2025-11-01 22:53:48] Imported from JSONL
[2025-11-01 22:53:48] Sync cycle complete
[2025-11-01 22:58:48] Starting sync cycle...
[2025-11-01 22:58:48] Exported to JSONL
[2025-11-01 22:58:48] Pulled from remote
[2025-11-01 22:58:48] Imported from JSONL
[2025-11-01 22:58:48] Sync cycle complete
[2025-11-01 23:03:48] Starting sync cycle...
[2025-11-01 23:03:48] Exported to JSONL
[2025-11-01 23:03:48] Pulled from remote
[2025-11-01 23:03:48] Imported from JSONL
[2025-11-01 23:03:48] Sync cycle complete
[2025-11-01 23:08:48] Starting sync cycle...
[2025-11-01 23:08:48] Exported to JSONL
[2025-11-01 23:08:48] Pulled from remote
[2025-11-01 23:08:48] Imported from JSONL
[2025-11-01 23:08:48] Sync cycle complete
[2025-11-01 23:13:48] Starting sync cycle...
[2025-11-01 23:13:48] Exported to JSONL
[2025-11-01 23:13:48] Pulled from remote
[2025-11-01 23:13:48] Imported from JSONL
[2025-11-01 23:13:48] Sync cycle complete
[2025-11-01 23:18:48] Starting sync cycle...
[2025-11-01 23:18:48] Exported to JSONL
[2025-11-01 23:18:48] Pulled from remote
[2025-11-01 23:18:48] Imported from JSONL
[2025-11-01 23:18:48] Sync cycle complete
[2025-11-01 23:23:48] Starting sync cycle...
[2025-11-01 23:23:48] Exported to JSONL
[2025-11-01 23:23:48] Pulled from remote
[2025-11-01 23:23:48] Imported from JSONL
[2025-11-01 23:23:48] Sync cycle complete
[2025-11-01 23:28:48] Starting sync cycle...
[2025-11-01 23:28:48] Exported to JSONL
[2025-11-01 23:28:48] Pulled from remote
[2025-11-01 23:28:48] Imported from JSONL
[2025-11-01 23:28:48] Sync cycle complete
[2025-11-01 23:33:48] Starting sync cycle...
[2025-11-01 23:33:48] Exported to JSONL
[2025-11-01 23:33:48] Pulled from remote
[2025-11-01 23:33:48] Imported from JSONL
[2025-11-01 23:33:48] Sync cycle complete
[2025-11-01 23:38:48] Starting sync cycle...
[2025-11-01 23:38:48] Exported to JSONL
[2025-11-01 23:38:48] Pulled from remote
[2025-11-01 23:38:48] Imported from JSONL
[2025-11-01 23:38:48] Sync cycle complete
[2025-11-01 23:43:48] Starting sync cycle...
[2025-11-01 23:43:48] Exported to JSONL
[2025-11-01 23:43:48] Pulled from remote
[2025-11-01 23:43:48] Imported from JSONL
[2025-11-01 23:43:48] Sync cycle complete
[2025-11-01 23:48:48] Starting sync cycle...
[2025-11-01 23:48:48] Exported to JSONL
[2025-11-01 23:48:48] Pulled from remote
[2025-11-01 23:48:48] Imported from JSONL
[2025-11-01 23:48:48] Sync cycle complete
[2025-11-01 23:53:48] Starting sync cycle...
[2025-11-01 23:53:48] Exported to JSONL
[2025-11-01 23:53:48] Pulled from remote
[2025-11-01 23:53:48] Imported from JSONL
[2025-11-01 23:53:48] Sync cycle complete
[2025-11-01 23:58:48] Starting sync cycle...
[2025-11-01 23:58:48] Exported to JSONL
[2025-11-01 23:58:48] Pulled from remote
[2025-11-01 23:58:48] Imported from JSONL
[2025-11-01 23:58:48] Sync cycle complete
[2025-11-02 00:03:48] Starting sync cycle...
[2025-11-02 00:03:48] Exported to JSONL
[2025-11-02 00:03:48] Pulled from remote
[2025-11-02 00:03:48] Imported from JSONL
[2025-11-02 00:03:48] Sync cycle complete
[2025-11-02 00:08:48] Starting sync cycle...
[2025-11-02 00:08:48] Exported to JSONL
[2025-11-02 00:08:48] Pulled from remote
[2025-11-02 00:08:48] Imported from JSONL
[2025-11-02 00:08:48] Sync cycle complete
[2025-11-02 00:13:48] Starting sync cycle...
[2025-11-02 00:13:48] Exported to JSONL
[2025-11-02 00:13:48] Pulled from remote
[2025-11-02 00:13:48] Imported from JSONL
[2025-11-02 00:13:48] Sync cycle complete
[2025-11-02 00:18:48] Starting sync cycle...
[2025-11-02 00:18:48] Exported to JSONL
[2025-11-02 00:18:48] Pulled from remote
[2025-11-02 00:18:48] Imported from JSONL
[2025-11-02 00:18:48] Sync cycle complete
[2025-11-02 00:23:48] Starting sync cycle...
[2025-11-02 00:23:48] Exported to JSONL
[2025-11-02 00:23:48] Pulled from remote
[2025-11-02 00:23:48] Imported from JSONL
[2025-11-02 00:23:48] Sync cycle complete
[2025-11-02 00:28:48] Starting sync cycle...
[2025-11-02 00:28:48] Exported to JSONL
[2025-11-02 00:28:48] Pulled from remote
[2025-11-02 00:28:48] Imported from JSONL
[2025-11-02 00:28:48] Sync cycle complete
[2025-11-02 00:33:48] Starting sync cycle...
[2025-11-02 00:33:48] Exported to JSONL
[2025-11-02 00:33:48] Pulled from remote
[2025-11-02 00:33:48] Imported from JSONL
[2025-11-02 00:33:48] Sync cycle complete
[2025-11-02 00:38:48] Starting sync cycle...
[2025-11-02 00:38:48] Exported to JSONL
[2025-11-02 00:38:48] Pulled from remote
[2025-11-02 00:38:48] Imported from JSONL
[2025-11-02 00:38:48] Sync cycle complete
[2025-11-02 00:43:48] Starting sync cycle...
[2025-11-02 00:43:48] Exported to JSONL
[2025-11-02 00:43:48] Pulled from remote
[2025-11-02 00:43:48] Imported from JSONL
[2025-11-02 00:43:48] Sync cycle complete
[2025-11-02 00:48:48] Starting sync cycle...
[2025-11-02 00:48:48] Exported to JSONL
[2025-11-02 00:48:48] Pulled from remote
[2025-11-02 00:48:48] Imported from JSONL
[2025-11-02 00:48:48] Sync cycle complete
[2025-11-02 00:53:48] Starting sync cycle...
[2025-11-02 00:53:48] Exported to JSONL
[2025-11-02 00:53:48] Pulled from remote
[2025-11-02 00:53:48] Imported from JSONL
[2025-11-02 00:53:48] Sync cycle complete
[2025-11-02 00:58:48] Starting sync cycle...
[2025-11-02 00:58:48] Exported to JSONL
[2025-11-02 00:58:48] Pulled from remote
[2025-11-02 00:58:48] Imported from JSONL
[2025-11-02 00:58:48] Sync cycle complete
[2025-11-02 01:03:48] Starting sync cycle...
[2025-11-02 01:03:48] Exported to JSONL
[2025-11-02 01:03:48] Pulled from remote
[2025-11-02 01:03:48] Imported from JSONL
[2025-11-02 01:03:48] Sync cycle complete
[2025-11-02 01:08:48] Starting sync cycle...
[2025-11-02 01:08:48] Exported to JSONL
[2025-11-02 01:08:48] Pulled from remote
[2025-11-02 01:08:48] Imported from JSONL
[2025-11-02 01:08:48] Sync cycle complete
[2025-11-02 01:13:48] Starting sync cycle...
[2025-11-02 01:13:48] Exported to JSONL
[2025-11-02 01:13:48] Pulled from remote
[2025-11-02 01:13:48] Imported from JSONL
[2025-11-02 01:13:48] Sync cycle complete
[2025-11-02 01:18:48] Starting sync cycle...
[2025-11-02 01:18:48] Exported to JSONL
[2025-11-02 01:18:48] Pulled from remote
[2025-11-02 01:18:48] Imported from JSONL
[2025-11-02 01:18:48] Sync cycle complete
[2025-11-02 01:23:48] Starting sync cycle...
[2025-11-02 01:23:48] Exported to JSONL
[2025-11-02 01:23:48] Pulled from remote
[2025-11-02 01:23:48] Imported from JSONL
[2025-11-02 01:23:48] Sync cycle complete
[2025-11-02 01:28:48] Starting sync cycle...
[2025-11-02 01:28:48] Exported to JSONL
[2025-11-02 01:28:48] Pulled from remote
[2025-11-02 01:28:48] Imported from JSONL
[2025-11-02 01:28:48] Sync cycle complete
[2025-11-02 01:33:48] Starting sync cycle...
[2025-11-02 01:33:48] Exported to JSONL
[2025-11-02 01:33:48] Pulled from remote
[2025-11-02 01:33:48] Imported from JSONL
[2025-11-02 01:33:48] Sync cycle complete
[2025-11-02 01:38:48] Starting sync cycle...
[2025-11-02 01:38:48] Exported to JSONL
[2025-11-02 01:38:48] Pulled from remote
[2025-11-02 01:38:48] Imported from JSONL
[2025-11-02 01:38:48] Sync cycle complete
[2025-11-02 01:43:48] Starting sync cycle...
[2025-11-02 01:43:48] Exported to JSONL
[2025-11-02 01:43:48] Pulled from remote
[2025-11-02 01:43:48] Imported from JSONL
[2025-11-02 01:43:48] Sync cycle complete
[2025-11-02 01:48:48] Starting sync cycle...
[2025-11-02 01:48:48] Exported to JSONL
[2025-11-02 01:48:48] Pulled from remote
[2025-11-02 01:48:48] Imported from JSONL
[2025-11-02 01:48:48] Sync cycle complete
[2025-11-02 01:53:48] Starting sync cycle...
[2025-11-02 01:53:48] Exported to JSONL
[2025-11-02 01:53:48] Pulled from remote
[2025-11-02 01:53:48] Imported from JSONL
[2025-11-02 01:53:48] Sync cycle complete
[2025-11-02 01:58:48] Starting sync cycle...
[2025-11-02 01:58:48] Exported to JSONL
[2025-11-02 01:58:48] Pulled from remote
[2025-11-02 01:58:48] Imported from JSONL
[2025-11-02 01:58:48] Sync cycle complete
[2025-11-02 01:03:48] Starting sync cycle...
[2025-11-02 01:03:48] Exported to JSONL
[2025-11-02 01:03:48] Pulled from remote
[2025-11-02 01:03:48] Imported from JSONL
[2025-11-02 01:03:48] Sync cycle complete
[2025-11-02 01:08:48] Starting sync cycle...
[2025-11-02 01:08:48] Exported to JSONL
[2025-11-02 01:08:48] Pulled from remote
[2025-11-02 01:08:48] Imported from JSONL
[2025-11-02 01:08:48] Sync cycle complete
[2025-11-02 01:13:48] Starting sync cycle...
[2025-11-02 01:13:48] Exported to JSONL
[2025-11-02 01:13:48] Pulled from remote
[2025-11-02 01:13:48] Imported from JSONL
[2025-11-02 01:13:48] Sync cycle complete
[2025-11-02 01:18:48] Starting sync cycle...
[2025-11-02 01:18:48] Exported to JSONL
[2025-11-02 01:18:48] Pulled from remote
[2025-11-02 01:18:48] Imported from JSONL
[2025-11-02 01:18:48] Sync cycle complete
[2025-11-02 01:23:48] Starting sync cycle...
[2025-11-02 01:23:48] Exported to JSONL
[2025-11-02 01:23:48] Pulled from remote
[2025-11-02 01:23:48] Imported from JSONL
[2025-11-02 01:23:48] Sync cycle complete
[2025-11-02 01:28:48] Starting sync cycle...
[2025-11-02 01:28:48] Exported to JSONL
[2025-11-02 01:28:48] Pulled from remote
[2025-11-02 01:28:48] Imported from JSONL
[2025-11-02 01:28:48] Sync cycle complete
[2025-11-02 01:33:48] Starting sync cycle...
[2025-11-02 01:33:48] Exported to JSONL
[2025-11-02 01:33:48] Pulled from remote
[2025-11-02 01:33:48] Imported from JSONL
[2025-11-02 01:33:48] Sync cycle complete
[2025-11-02 01:38:48] Starting sync cycle...
[2025-11-02 01:38:48] Exported to JSONL
[2025-11-02 01:38:48] Pulled from remote
[2025-11-02 01:38:48] Imported from JSONL
[2025-11-02 01:38:48] Sync cycle complete
[2025-11-02 01:43:48] Starting sync cycle...
[2025-11-02 01:43:48] Exported to JSONL
[2025-11-02 01:43:48] Pulled from remote
[2025-11-02 01:43:48] Imported from JSONL
[2025-11-02 01:43:48] Sync cycle complete
[2025-11-02 01:48:48] Starting sync cycle...
[2025-11-02 01:48:48] Exported to JSONL
[2025-11-02 01:48:48] Pulled from remote
[2025-11-02 01:48:48] Imported from JSONL
[2025-11-02 01:48:48] Sync cycle complete
[2025-11-02 01:53:48] Starting sync cycle...
[2025-11-02 01:53:48] Exported to JSONL
[2025-11-02 01:53:48] Pulled from remote
[2025-11-02 01:53:48] Imported from JSONL
[2025-11-02 01:53:48] Sync cycle complete
[2025-11-02 01:58:48] Starting sync cycle...
[2025-11-02 01:58:48] Exported to JSONL
[2025-11-02 01:58:48] Pulled from remote
[2025-11-02 01:58:48] Imported from JSONL
[2025-11-02 01:58:48] Sync cycle complete
[2025-11-02 02:03:48] Starting sync cycle...
[2025-11-02 02:03:48] Exported to JSONL
[2025-11-02 02:03:48] Pulled from remote
[2025-11-02 02:03:48] Imported from JSONL
[2025-11-02 02:03:48] Sync cycle complete
[2025-11-02 02:08:48] Starting sync cycle...
[2025-11-02 02:08:48] Exported to JSONL
[2025-11-02 02:08:48] Pulled from remote
[2025-11-02 02:08:48] Imported from JSONL
[2025-11-02 02:08:48] Sync cycle complete
[2025-11-02 02:13:48] Starting sync cycle...
[2025-11-02 02:13:48] Exported to JSONL
[2025-11-02 02:13:48] Pulled from remote
[2025-11-02 02:13:48] Imported from JSONL
[2025-11-02 02:13:48] Sync cycle complete
[2025-11-02 02:18:48] Starting sync cycle...
[2025-11-02 02:18:48] Exported to JSONL
[2025-11-02 02:18:48] Pulled from remote
[2025-11-02 02:18:48] Imported from JSONL
[2025-11-02 02:18:48] Sync cycle complete
[2025-11-02 02:23:48] Starting sync cycle...
[2025-11-02 02:23:48] Exported to JSONL
[2025-11-02 02:23:48] Pulled from remote
[2025-11-02 02:23:48] Imported from JSONL
[2025-11-02 02:23:48] Sync cycle complete
[2025-11-02 02:28:48] Starting sync cycle...
[2025-11-02 02:28:48] Exported to JSONL
[2025-11-02 02:28:48] Pulled from remote
[2025-11-02 02:28:48] Imported from JSONL
[2025-11-02 02:28:48] Sync cycle complete
[2025-11-02 02:33:48] Starting sync cycle...
[2025-11-02 02:33:48] Exported to JSONL
[2025-11-02 02:33:48] Pulled from remote
[2025-11-02 02:33:48] Imported from JSONL
[2025-11-02 02:33:48] Sync cycle complete
[2025-11-02 02:38:48] Starting sync cycle...
[2025-11-02 02:38:48] Exported to JSONL
[2025-11-02 02:38:48] Pulled from remote
[2025-11-02 02:38:48] Imported from JSONL
[2025-11-02 02:38:48] Sync cycle complete
[2025-11-02 02:43:48] Starting sync cycle...
[2025-11-02 02:43:48] Exported to JSONL
[2025-11-02 02:43:48] Pulled from remote
[2025-11-02 02:43:48] Imported from JSONL
[2025-11-02 02:43:48] Sync cycle complete
[2025-11-02 02:48:48] Starting sync cycle...
[2025-11-02 02:48:48] Exported to JSONL
[2025-11-02 02:48:48] Pulled from remote
[2025-11-02 02:48:48] Imported from JSONL
[2025-11-02 02:48:48] Sync cycle complete
[2025-11-02 02:53:48] Starting sync cycle...
[2025-11-02 02:53:48] Exported to JSONL
[2025-11-02 02:53:48] Pulled from remote
[2025-11-02 02:53:48] Imported from JSONL
[2025-11-02 02:53:48] Sync cycle complete
[2025-11-02 02:58:48] Starting sync cycle...
[2025-11-02 02:58:48] Exported to JSONL
[2025-11-02 02:58:48] Pulled from remote
[2025-11-02 02:58:48] Imported from JSONL
[2025-11-02 02:58:48] Sync cycle complete
[2025-11-02 03:03:48] Starting sync cycle...
[2025-11-02 03:03:48] Exported to JSONL
[2025-11-02 03:03:49] Pulled from remote
[2025-11-02 03:03:49] Imported from JSONL
[2025-11-02 03:03:49] Sync cycle complete
[2025-11-02 03:08:48] Starting sync cycle...
[2025-11-02 03:08:48] Exported to JSONL
[2025-11-02 03:08:48] Pulled from remote
[2025-11-02 03:08:48] Imported from JSONL
[2025-11-02 03:08:48] Sync cycle complete
[2025-11-02 03:13:48] Starting sync cycle...
[2025-11-02 03:13:48] Exported to JSONL
[2025-11-02 03:13:48] Pulled from remote
[2025-11-02 03:13:48] Imported from JSONL
[2025-11-02 03:13:48] Sync cycle complete
[2025-11-02 03:18:48] Starting sync cycle...
[2025-11-02 03:18:48] Exported to JSONL
[2025-11-02 03:18:48] Pulled from remote
[2025-11-02 03:18:48] Imported from JSONL
[2025-11-02 03:18:48] Sync cycle complete
[2025-11-02 03:23:48] Starting sync cycle...
[2025-11-02 03:23:48] Exported to JSONL
[2025-11-02 03:23:48] Pulled from remote
[2025-11-02 03:23:48] Imported from JSONL
[2025-11-02 03:23:48] Sync cycle complete
[2025-11-02 03:28:48] Starting sync cycle...
[2025-11-02 03:28:48] Exported to JSONL
[2025-11-02 03:28:48] Pulled from remote
[2025-11-02 03:28:48] Imported from JSONL
[2025-11-02 03:28:48] Sync cycle complete
[2025-11-02 03:33:48] Starting sync cycle...
[2025-11-02 03:33:48] Exported to JSONL
[2025-11-02 03:33:48] Pulled from remote
[2025-11-02 03:33:48] Imported from JSONL
[2025-11-02 03:33:48] Sync cycle complete
[2025-11-02 03:38:48] Starting sync cycle...
[2025-11-02 03:38:48] Exported to JSONL
[2025-11-02 03:38:48] Pulled from remote
[2025-11-02 03:38:48] Imported from JSONL
[2025-11-02 03:38:48] Sync cycle complete
[2025-11-02 03:43:48] Starting sync cycle...
[2025-11-02 03:43:48] Exported to JSONL
[2025-11-02 03:43:49] Pulled from remote
[2025-11-02 03:43:49] Imported from JSONL
[2025-11-02 03:43:49] Sync cycle complete
[2025-11-02 03:48:48] Starting sync cycle...
[2025-11-02 03:48:48] Exported to JSONL
[2025-11-02 03:48:48] Pulled from remote
[2025-11-02 03:48:48] Imported from JSONL
[2025-11-02 03:48:48] Sync cycle complete
[2025-11-02 03:53:48] Starting sync cycle...
[2025-11-02 03:53:48] Exported to JSONL
[2025-11-02 03:53:48] Pulled from remote
[2025-11-02 03:53:48] Imported from JSONL
[2025-11-02 03:53:48] Sync cycle complete
[2025-11-02 03:58:48] Starting sync cycle...
[2025-11-02 03:58:48] Exported to JSONL
[2025-11-02 03:58:48] Pulled from remote
[2025-11-02 03:58:48] Imported from JSONL
[2025-11-02 03:58:48] Sync cycle complete
[2025-11-02 04:03:48] Starting sync cycle...
[2025-11-02 04:03:48] Exported to JSONL
[2025-11-02 04:03:48] Pulled from remote
[2025-11-02 04:03:48] Imported from JSONL
[2025-11-02 04:03:48] Sync cycle complete
[2025-11-02 04:08:48] Starting sync cycle...
[2025-11-02 04:08:48] Exported to JSONL
[2025-11-02 04:08:48] Pulled from remote
[2025-11-02 04:08:48] Imported from JSONL
[2025-11-02 04:08:48] Sync cycle complete
[2025-11-02 04:13:48] Starting sync cycle...
[2025-11-02 04:13:48] Exported to JSONL
[2025-11-02 04:13:48] Pulled from remote
[2025-11-02 04:13:48] Imported from JSONL
[2025-11-02 04:13:48] Sync cycle complete
[2025-11-02 04:18:48] Starting sync cycle...
[2025-11-02 04:18:48] Exported to JSONL
[2025-11-02 04:18:49] Pulled from remote
[2025-11-02 04:18:49] Imported from JSONL
[2025-11-02 04:18:49] Sync cycle complete
[2025-11-02 04:23:48] Starting sync cycle...
[2025-11-02 04:23:48] Exported to JSONL
[2025-11-02 04:23:48] Pulled from remote
[2025-11-02 04:23:48] Imported from JSONL
[2025-11-02 04:23:48] Sync cycle complete
[2025-11-02 04:28:48] Starting sync cycle...
[2025-11-02 04:28:48] Exported to JSONL
[2025-11-02 04:28:48] Pulled from remote
[2025-11-02 04:28:48] Imported from JSONL
[2025-11-02 04:28:48] Sync cycle complete
[2025-11-02 04:33:48] Starting sync cycle...
[2025-11-02 04:33:48] Exported to JSONL
[2025-11-02 04:33:48] Pulled from remote
[2025-11-02 04:33:48] Imported from JSONL
[2025-11-02 04:33:48] Sync cycle complete
[2025-11-02 04:38:48] Starting sync cycle...
[2025-11-02 04:38:48] Exported to JSONL
[2025-11-02 04:38:48] Pulled from remote
[2025-11-02 04:38:48] Imported from JSONL
[2025-11-02 04:38:48] Sync cycle complete
[2025-11-02 04:43:48] Starting sync cycle...
[2025-11-02 04:43:48] Exported to JSONL
[2025-11-02 04:43:48] Pulled from remote
[2025-11-02 04:43:48] Imported from JSONL
[2025-11-02 04:43:48] Sync cycle complete
[2025-11-02 04:48:48] Starting sync cycle...
[2025-11-02 04:48:48] Exported to JSONL
[2025-11-02 04:48:48] Pulled from remote
[2025-11-02 04:48:48] Imported from JSONL
[2025-11-02 04:48:48] Sync cycle complete
[2025-11-02 04:53:48] Starting sync cycle...
[2025-11-02 04:53:48] Exported to JSONL
[2025-11-02 04:53:48] Pulled from remote
[2025-11-02 04:53:48] Imported from JSONL
[2025-11-02 04:53:48] Sync cycle complete
[2025-11-02 04:58:48] Starting sync cycle...
[2025-11-02 04:58:48] Exported to JSONL
[2025-11-02 04:58:48] Pulled from remote
[2025-11-02 04:58:48] Imported from JSONL
[2025-11-02 04:58:48] Sync cycle complete
[2025-11-02 05:03:48] Starting sync cycle...
[2025-11-02 05:03:48] Exported to JSONL
[2025-11-02 05:03:48] Pulled from remote
[2025-11-02 05:03:48] Imported from JSONL
[2025-11-02 05:03:48] Sync cycle complete
[2025-11-02 10:48:39] Starting sync cycle...
[2025-11-02 10:48:39] Exported to JSONL
[2025-11-02 10:48:39] Pulled from remote
[2025-11-02 10:48:39] Imported from JSONL
[2025-11-02 10:48:39] Sync cycle complete
[2025-11-02 10:53:39] Starting sync cycle...
[2025-11-02 10:53:39] Exported to JSONL
[2025-11-02 10:53:39] Pulled from remote
[2025-11-02 10:53:39] Imported from JSONL
[2025-11-02 10:53:39] Sync cycle complete
[2025-11-02 10:58:39] Starting sync cycle...
[2025-11-02 10:58:39] Exported to JSONL
[2025-11-02 10:58:40] Pulled from remote
[2025-11-02 10:58:40] Imported from JSONL
[2025-11-02 10:58:40] Sync cycle complete
[2025-11-02 11:03:39] Starting sync cycle...
[2025-11-02 11:03:39] Exported to JSONL
[2025-11-02 11:03:40] Pulled from remote
[2025-11-02 11:03:40] Imported from JSONL
[2025-11-02 11:03:40] Sync cycle complete
[2025-11-02 11:08:39] Starting sync cycle...
[2025-11-02 11:08:39] Exported to JSONL
[2025-11-02 11:08:39] Pulled from remote
[2025-11-02 11:08:39] Imported from JSONL
[2025-11-02 11:08:39] Sync cycle complete
[2025-11-02 11:13:39] Starting sync cycle...
[2025-11-02 11:13:39] Exported to JSONL
[2025-11-02 11:13:40] Pulled from remote
[2025-11-02 11:13:40] Imported from JSONL
[2025-11-02 11:13:40] Sync cycle complete
[2025-11-02 11:18:40] Starting sync cycle...
[2025-11-02 11:18:40] Exported to JSONL
[2025-11-02 11:18:40] Pulled from remote
[2025-11-02 11:18:40] Imported from JSONL
[2025-11-02 11:18:40] Sync cycle complete
[2025-11-02 11:23:40] Starting sync cycle...
[2025-11-02 11:23:40] Exported to JSONL
[2025-11-02 11:23:40] Pulled from remote
[2025-11-02 11:23:40] Imported from JSONL
[2025-11-02 11:23:40] Sync cycle complete
[2025-11-02 11:28:40] Starting sync cycle...
[2025-11-02 11:28:40] Exported to JSONL
[2025-11-02 11:28:40] Pulled from remote
[2025-11-02 11:28:40] Imported from JSONL
[2025-11-02 11:28:40] Sync cycle complete
[2025-11-02 11:33:40] Starting sync cycle...
[2025-11-02 11:33:40] Exported to JSONL
[2025-11-02 11:33:40] Pulled from remote
[2025-11-02 11:33:40] Imported from JSONL
[2025-11-02 11:33:40] Sync cycle complete
[2025-11-02 11:38:40] Starting sync cycle...
[2025-11-02 11:38:40] Exported to JSONL
[2025-11-02 11:38:40] Pulled from remote
[2025-11-02 11:38:40] Imported from JSONL
[2025-11-02 11:38:40] Sync cycle complete
[2025-11-02 11:43:40] Starting sync cycle...
[2025-11-02 11:43:40] Exported to JSONL
[2025-11-02 11:43:40] Pulled from remote
[2025-11-02 11:43:40] Imported from JSONL
[2025-11-02 11:43:40] Sync cycle complete
[2025-11-02 11:48:40] Starting sync cycle...
[2025-11-02 11:48:40] Exported to JSONL
[2025-11-02 11:48:40] Pulled from remote
[2025-11-02 11:48:40] Imported from JSONL
[2025-11-02 11:48:40] Sync cycle complete
[2025-11-02 11:53:40] Starting sync cycle...
[2025-11-02 11:53:40] Exported to JSONL
[2025-11-02 11:53:40] Pulled from remote
[2025-11-02 11:53:40] Imported from JSONL
[2025-11-02 11:53:40] Sync cycle complete
[2025-11-02 11:58:40] Starting sync cycle...
[2025-11-02 11:58:40] Exported to JSONL
[2025-11-02 11:58:40] Pulled from remote
[2025-11-02 11:58:40] Imported from JSONL
[2025-11-02 11:58:40] Sync cycle complete
[2025-11-02 12:03:40] Starting sync cycle...
[2025-11-02 12:03:40] Exported to JSONL
[2025-11-02 12:03:40] Pulled from remote
[2025-11-02 12:03:40] Imported from JSONL
[2025-11-02 12:03:40] Sync cycle complete
